,brand,model,transmission,make_year,fuel_type,engine_capacity(CC),km_driven,ownership,price,overall_cost,has_insurance,spare_key,reg_number,title
0,Mahindra,Thar LX D 4WD MT CONVERTIBLE,Manual,2020.0,Diesel,2184.0,11003.0,1st owner,1231000,23431.0,True,No,HR26,2020 Mahindra Thar LX D 4WD MT CONVERTIBLE
1,Hyundai,Verna 1.6 VTVT SX,Manual,2018.0,Petrol,1591.0,66936.0,1st owner,786000,15359.0,True,No,DL7C,2018 Hyundai Verna 1.6 VTVT SX
2,Tata,Harrier XT PLUS 2.0L KRYOTEC DARK EDITON,Manual,2022.0,Diesel,1956.0,27990.0,1st owner,1489000,28349.0,True,No,HR29,2022 Tata Harrier XT PLUS 2.0L KRYOTEC DARK EDITON
3,Honda,City 1.5L I-VTE V CVT,Automatic,2023.0,Petrol,1498.0,5061.0,1st owner,1227000,23355.0,True,Yes,DL4C,2023 Honda City 1.5L I-VTE V CVT
4,Ford,Ecosport TITANIUM 1.5L DIESEL,Manual,2021.0,Diesel,1498.0,23480.0,1st owner,887000,16883.0,True,No,UP14,2021 Ford Ecosport TITANIUM 1.5L DIESEL
5,Honda,WR-V 1.2L I-VTEC VX MT,Manual,2021.0,Petrol,1199.0,44787.0,1st owner,796000,15561.0,True,No,UP32,2021 Honda WR-V 1.2L I-VTEC VX MT
6,Tata,PUNCH CREATIVE  1.2 RTN DUAL TONE,Manual,2022.0,Petrol,1199.0,450.0,1st owner,813000,15475.0,True,Yes,DL3C,2022 Tata PUNCH CREATIVE  1.2 RTN DUAL TONE
8,Mahindra,XUV700 AX 7 LUXURY D AWD AT 7 STR,Automatic,2022.0,Diesel,2184.0,62567.0,1st owner,2322000,44197.0,True,No,DL10,2022 Mahindra XUV700 AX 7 LUXURY D AWD AT 7 STR
9,Ford,Ecosport TITANIUM + 1.5L PETROL AT,Automatic,2019.0,Petrol,1497.0,58503.0,1st owner,766000,14977.0,True,No,DL10,2019 Ford Ecosport TITANIUM + 1.5L PETROL AT
10,Maruti,Dzire LXI,Manual,2018.0,Petrol,1197.0,58159.0,1st owner,471000,9217.0,True,No,HR26,2018 Maruti Dzire LXI
11,Hyundai,GRAND I10 NIOS SPORTZ 1.2 KAPPA VTVT,Manual,2023.0,Petrol,1197.0,15568.0,1st owner,689000,13470.0,True,No,DL9C,2023 Hyundai GRAND I10 NIOS SPORTZ 1.2 KAPPA VTVT
12,Tata,Tiago XE PETROL,Manual,2023.0,Petrol,1199.0,6676.0,1st owner,536000,10480.0,True,No,HR51,2023 Tata Tiago XE PETROL
14,Maruti,Alto K10 VXI,Manual,2018.0,Petrol,998.0,52966.0,1st owner,310000,6068.0,True,Yes,HR51,2018 Maruti Alto K10 VXI
15,Hyundai,Verna 1.6 CRDI SX,Manual,2020.0,Diesel,1582.0,60592.0,1st owner,993000,18901.0,True,Yes,HR29,2020 Hyundai Verna 1.6 CRDI SX
16,Maruti,Alto K10 VXI AMT,Automatic,2014.0,Petrol,998.0,71297.0,1st owner,265000,5901.0,True,No,DL3C,2014 Maruti Alto K10 VXI AMT
17,Honda,Amaze 1.2L I-VTEC S,Manual,2022.0,Petrol,1199.0,15935.0,1st owner,699000,13666.0,True,No,DL11,2022 Honda Amaze 1.2L I-VTEC S
18,KIA,SELTOS HTE 1.5 DIESEL,Manual,2021.0,Diesel,1493.0,71040.0,1st owner,980000,18653.0,True,No,HR98,2021 KIA SELTOS HTE 1.5 DIESEL
19,Hyundai,GRAND I10 NIOS ASTA 1.2 KAPPA VTVT,Manual,2023.0,Petrol,1197.0,2850.0,1st owner,710000,13881.0,True,No,DL10,2023 Hyundai GRAND I10 NIOS ASTA 1.2 KAPPA VTVT
20,MG,HECTOR SHARP 1.5 PETROL CVT,Automatic,2022.0,Petrol,1451.0,26999.0,1st owner,1652000,31444.0,True,No,DL12,2022 MG HECTOR SHARP 1.5 PETROL CVT
21,Tata,TIGOR XM PETROL,Manual,2023.0,Petrol,1199.0,12096.0,1st owner,590000,11529.0,True,No,HR76,2023 Tata TIGOR XM PETROL
22,Honda,City 1.5L I-VTEC ZX CVT,Automatic,2017.0,Petrol,1497.0,65434.0,2nd owner,787000,15392.0,True,No,DL3C,2017 Honda City 1.5L I-VTEC ZX CVT
23,Hyundai,Verna SX 1.5 CRDI,Manual,2020.0,Diesel,1493.0,48995.0,1st owner,1060000,20176.0,True,Yes,HR26,2020 Hyundai Verna SX 1.5 CRDI
24,Ford,FREESTYLE TITANIUM PLUS 1.2 PETROL,Manual,2018.0,Petrol,1194.0,66584.0,1st owner,495000,9675.0,True,No,HR26,2018 Ford FREESTYLE TITANIUM PLUS 1.2 PETROL
25,Maruti,Ciaz S 1.5 MT PETROL,Manual,2020.0,Petrol,1462.0,24961.0,1st owner,878000,16712.0,True,No,HR26,2020 Maruti Ciaz S 1.5 MT PETROL
26,Maruti,Dzire LXI,Manual,2019.0,Petrol,1197.0,33972.0,1st owner,514000,10041.0,True,No,DL9C,2019 Maruti Dzire LXI
27,Tata,Tiago XZ PLUS CNG,Manual,2022.0,CNG,1199.0,22874.0,1st owner,684000,13367.0,True,No,HR98,2022 Tata Tiago XZ PLUS CNG
28,Maruti,Dzire ZXI PLUS,Manual,2019.0,Petrol,1197.0,109938.0,1st owner,584000,12996.0,True,Yes,DL3C,2019 Maruti Dzire ZXI PLUS
29,Maruti,Alto LXI O,Manual,2019.0,Petrol,796.0,60452.0,1st owner,316000,6174.0,True,No,DL8C,2019 Maruti Alto LXI O
30,Maruti,Celerio VXI AMT,Automatic,2016.0,Petrol,998.0,32747.0,1st owner,394000,7708.0,True,Yes,DL8C,2016 Maruti Celerio VXI AMT
31,KIA,CARENS LUXURY PLUS 1.5 DIESEL AT 7 STR,Automatic,2022.0,Diesel,1493.0,34694.0,1st owner,1654000,31482.0,True,No,HR36,2022 KIA CARENS LUXURY PLUS 1.5 DIESEL AT 7 STR
32,Maruti,IGNIS DELTA 1.2,Manual,2019.0,Petrol,1197.0,51244.0,1st owner,472000,9224.0,True,Yes,DL4C,2019 Maruti IGNIS DELTA 1.2
33,Renault,TRIBER RXL MT,Manual,2023.0,Petrol,999.0,6843.0,1st owner,636000,12428.0,True,No,HR98,2023 Renault TRIBER RXL MT
34,Ford,Ecosport TITANIUM 1.5L PETROL AT,Automatic,2019.0,Petrol,1496.0,20751.0,1st owner,806000,15342.0,True,No,DL1C,2019 Ford Ecosport TITANIUM 1.5L PETROL AT
35,Tata,PUNCH ADVENTURE RHYTHM PACK AMT,Automatic,2023.0,Petrol,1199.0,16393.0,1st owner,668000,13056.0,True,Yes,DL9C,2023 Tata PUNCH ADVENTURE RHYTHM PACK AMT
36,Honda,City 1.5L I-VTEC ZX CVT,Automatic,2017.0,Petrol,1497.0,74671.0,1st owner,832000,15836.0,True,No,HR26,2017 Honda City 1.5L I-VTEC ZX CVT
37,Hyundai,Verna 1.6 VTVT SX O,Manual,2017.0,Petrol,1591.0,94020.0,1st owner,819000,15592.0,True,No,DL7C,2017 Hyundai Verna 1.6 VTVT SX O
38,Mahindra,XUV500 W7 AT,Automatic,2021.0,Diesel,2179.0,25366.0,1st owner,1400000,26644.0,True,No,HR29,2021 Mahindra XUV500 W7 AT
39,Maruti,S PRESSO VXI CNG,Manual,2020.0,CNG,998.0,75502.0,1st owner,432000,8447.0,True,No,DL11,2020 Maruti S PRESSO VXI CNG
40,Tata,NEXON XZ PLUS PETROL,Manual,2022.0,Petrol,1199.0,22894.0,1st owner,941000,17911.0,True,Yes,DL9C,2022 Tata NEXON XZ PLUS PETROL
41,Tata,Tiago XZ PETROL,Manual,2020.0,Petrol,1199.0,42313.0,2nd owner,456000,8911.0,True,No,HR26,2020 Tata Tiago XZ PETROL
42,Tata,ALTROZ XT PETROL,Manual,2020.0,Petrol,1199.0,58047.0,1st owner,590000,11543.0,True,No,DL2C,2020 Tata ALTROZ XT PETROL
43,Maruti,Ciaz ALPHA 1.5 SHVS PETROL,Manual,2018.0,Petrol,1462.0,76120.0,1st owner,721000,14096.0,True,Yes,DL3C,2018 Maruti Ciaz ALPHA 1.5 SHVS PETROL
44,Hyundai,Xcent SX 1.2,Manual,2017.0,Petrol,1197.0,60964.0,1st owner,449000,8781.0,True,No,UP14,2017 Hyundai Xcent SX 1.2
45,Tata,Tiago XT (O) PETROL,Manual,2023.0,Petrol,1199.0,17297.0,1st owner,574000,11231.0,True,No,DL3C,2023 Tata Tiago XT (O) PETROL
46,Renault,TRIBER RXZ,Manual,2020.0,Petrol,999.0,34646.0,1st owner,594000,11618.0,True,No,HR51,2020 Renault TRIBER RXZ
47,Maruti,Ciaz DELTA AT 1.5 SHVS PETROL,Automatic,2018.0,Petrol,1462.0,45254.0,2nd owner,687000,13431.0,True,No,HR51,2018 Maruti Ciaz DELTA AT 1.5 SHVS PETROL
48,Maruti,Ciaz ZETA AT 1.5  SHVS PETROL,Automatic,2022.0,Petrol,1462.0,24062.0,1st owner,1041000,19810.0,True,No,DL8C,2022 Maruti Ciaz ZETA AT 1.5  SHVS PETROL
49,Hyundai,Grand i10 ASTA (O) 1.2 KAPPA VTVT,Manual,2016.0,Petrol,1197.0,28221.0,1st owner,456000,8921.0,True,No,DL8C,2016 Hyundai Grand i10 ASTA (O) 1.2 KAPPA VTVT
50,Maruti,XL6 ALPHA PLUS MT,Manual,2022.0,Petrol,1462.0,43830.0,1st owner,1196000,22765.0,True,No,HR98,2022 Maruti XL6 ALPHA PLUS MT
51,Maruti,Wagon R 1.0 VXI AMT,Automatic,2016.0,Petrol,998.0,21218.0,1st owner,375000,7322.0,True,No,DL12,2016 Maruti Wagon R 1.0 VXI AMT
52,Hyundai,NEW SANTRO SPORTZ CNG,Manual,2020.0,CNG,1086.0,62996.0,1st owner,504000,9845.0,True,Yes,DL1C,2020 Hyundai NEW SANTRO SPORTZ CNG
53,Maruti,XL6 ALPHA PLUS AT,Automatic,2022.0,Petrol,1462.0,40395.0,2nd owner,1152000,21927.0,True,No,HR26,2022 Maruti XL6 ALPHA PLUS AT
54,Maruti,Baleno ZETA CVT PETROL 1.2,Automatic,2017.0,Petrol,1197.0,42752.0,1st owner,567000,11085.0,True,No,DL10,2017 Maruti Baleno ZETA CVT PETROL 1.2
55,Maruti,Ciaz ALPHA 1.5 SHVS PETROL,Manual,2019.0,Petrol,1462.0,59733.0,1st owner,751000,14682.0,True,No,HR12,2019 Maruti Ciaz ALPHA 1.5 SHVS PETROL
56,Maruti,Ciaz ALPHA 1.4 PETROL,Manual,2017.0,Petrol,1373.0,92389.0,1st owner,607000,11862.0,True,No,DL9C,2017 Maruti Ciaz ALPHA 1.4 PETROL
57,Hyundai,VENUE SX 1.0 (O) TURBO,Manual,2020.0,Petrol,998.0,36125.0,1st owner,864000,16445.0,True,No,HR26,2020 Hyundai VENUE SX 1.0 (O) TURBO
58,Maruti,Ciaz ALPHA 1.5 SHVS PETROL,Manual,2020.0,Petrol,1462.0,26202.0,1st owner,825000,15703.0,True,No,DL2C,2020 Maruti Ciaz ALPHA 1.5 SHVS PETROL
59,Volkswagen,VIRTUS COMFORTLINE TSI 1.0 MT,Manual,2022.0,Petrol,999.0,27653.0,1st owner,918000,17473.0,True,No,HR26,2022 Volkswagen VIRTUS COMFORTLINE TSI 1.0 MT
60,Honda,City 1.5L I-VTEC SV CVT,Automatic,2016.0,Petrol,1497.0,61033.0,2nd owner,572000,11173.0,True,No,HR26,2016 Honda City 1.5L I-VTEC SV CVT
61,KIA,SONET HTK PLUS 1.2,Manual,2023.0,Petrol,1197.0,7907.0,1st owner,898000,17093.0,True,Yes,DL12,2023 KIA SONET HTK PLUS 1.2
62,MG,HECTOR SUPER 1.5 PETROL,Manual,2020.0,Petrol,1451.0,26793.0,1st owner,1135000,21604.0,True,No,HR26,2020 MG HECTOR SUPER 1.5 PETROL
63,Volkswagen,VIRTUS HIGHLINE TSI 1.0 AT,Automatic,2023.0,Petrol,999.0,9083.0,1st owner,1383000,26324.0,True,No,HR98,2023 Volkswagen VIRTUS HIGHLINE TSI 1.0 AT
64,Tata,Tiago XT PETROL,Manual,2018.0,Petrol,1199.0,50015.0,2nd owner,371000,7245.0,True,No,DL5C,2018 Tata Tiago XT PETROL
65,Nissan,MAGNITE XE,Manual,2022.0,Petrol,999.0,22517.0,1st owner,562000,10981.0,True,No,DL3C,2022 Nissan MAGNITE XE
66,Skoda,Rapid AMBITION 1.6 MPI AT,Automatic,2017.0,Petrol,1598.0,100001.0,2nd owner,546000,12153.0,True,No,HR26,2017 Skoda Rapid AMBITION 1.6 MPI AT
67,Maruti,Swift VXI,Manual,2023.0,Petrol,1197.0,14887.0,1st owner,638000,12473.0,True,No,HR87,2023 Maruti Swift VXI
68,Honda,Amaze 1.2L I-VTEC S,Manual,2020.0,Petrol,1199.0,48004.0,2nd owner,493000,9638.0,True,No,DL8C,2020 Honda Amaze 1.2L I-VTEC S
69,Maruti,Ertiga LXI,Manual,2012.0,Petrol,1373.0,52706.0,2nd owner,330000,10958.0,True,No,DL3C,2012 Maruti Ertiga LXI
70,Toyota,YARIS G MT,Manual,2020.0,Petrol,1496.0,37628.0,1st owner,803000,15287.0,True,No,UP32,2020 Toyota YARIS G MT
71,Datsun,Go Plus T (O),Manual,2018.0,CNG,1198.0,23055.0,2nd owner,331000,6471.0,True,No,DL8C,2018 Datsun Go Plus T (O)
72,Maruti,Alto K10 LXI,Manual,2023.0,Petrol,998.0,14943.0,1st owner,445000,8700.0,True,No,DL14,2023 Maruti Alto K10 LXI
73,Nissan,MAGNITE XE,Manual,2022.0,Petrol,999.0,20338.0,1st owner,548000,10714.0,True,No,HR30,2022 Nissan MAGNITE XE
75,Mahindra,KUV 100 NXT K2+ P 6 STR,Manual,2020.0,Petrol,1198.0,19376.0,1st owner,474000,9269.0,True,Yes,DL8C,2020 Mahindra KUV 100 NXT K2+ P 6 STR
76,Nissan,MAGNITE XE,Manual,2022.0,Petrol,999.0,31760.0,1st owner,556000,10879.0,True,No,DL14,2022 Nissan MAGNITE XE
77,Mahindra,XUV700 AX 5 P MT 7 STR,Manual,2021.0,Petrol,1997.0,37303.0,1st owner,1473000,28037.0,True,Yes,DL8C,2021 Mahindra XUV700 AX 5 P MT 7 STR
78,Maruti,Baleno DELTA PETROL 1.2,Manual,2022.0,Petrol,1197.0,25782.0,1st owner,657000,12844.0,True,No,HR30,2022 Maruti Baleno DELTA PETROL 1.2
79,Hyundai,VENUE SX 1.2 PETROL,Manual,2022.0,Petrol,1197.0,25523.0,1st owner,909000,17293.0,True,No,DL9C,2022 Hyundai VENUE SX 1.2 PETROL
80,Hyundai,Creta EX 1.5 PETROL,Manual,2022.0,Petrol,1497.0,19352.0,1st owner,1103000,20995.0,True,Yes,DL5C,2022 Hyundai Creta EX 1.5 PETROL
81,Honda,City 1.5L I-VTEC ZX,Manual,2021.0,Petrol,1498.0,28398.0,1st owner,1078000,20519.0,True,No,HR36,2021 Honda City 1.5L I-VTEC ZX
82,Maruti,Dzire LXI,Manual,2017.0,Petrol,1197.0,22148.0,1st owner,467000,9128.0,True,No,DL5C,2017 Maruti Dzire LXI
83,Hyundai,Verna FLUIDIC 1.6 VTVT EX,Manual,2013.0,Petrol,1591.0,75331.0,1st owner,378000,9943.0,True,No,DL8C,2013 Hyundai Verna FLUIDIC 1.6 VTVT EX
84,Honda,Amaze 1.2L I-VTEC S,Manual,2020.0,Petrol,1199.0,52036.0,1st owner,573000,11202.0,True,No,HR26,2020 Honda Amaze 1.2L I-VTEC S
85,Maruti,Swift ZXI PLUS,Manual,2022.0,Petrol,1197.0,24626.0,1st owner,757000,14792.0,True,No,DL3C,2022 Maruti Swift ZXI PLUS
86,Maruti,Vitara Brezza VDI AMT,Automatic,2019.0,Diesel,1248.0,86677.0,1st owner,632000,14068.0,True,Yes,DL9C,2019 Maruti Vitara Brezza VDI AMT
87,Nissan,MAGNITE XL,Manual,2022.0,Petrol,999.0,18222.0,1st owner,614000,12007.0,True,Yes,DL3C,2022 Nissan MAGNITE XL
88,Honda,City 1.5L I-VTEC ZX,Manual,2021.0,Petrol,1498.0,5404.0,1st owner,1251000,23807.0,True,Yes,DL4C,2021 Honda City 1.5L I-VTEC ZX
89,Maruti,Baleno ZETA PETROL 1.2,Manual,2020.0,Petrol,1197.0,72471.0,2nd owner,572000,11192.0,True,No,HR70,2020 Maruti Baleno ZETA PETROL 1.2
90,Renault,Kwid CLIMBER 1.0 AMT,Automatic,2017.0,Petrol,999.0,47819.0,2nd owner,292000,5709.0,True,No,DL8C,2017 Renault Kwid CLIMBER 1.0 AMT
91,Volkswagen,Ameo HIGHLINE PLUS 1.0L 16 ALLOY,Manual,2018.0,Petrol,999.0,40904.0,1st owner,471000,9208.0,True,No,DL12,2018 Volkswagen Ameo HIGHLINE PLUS 1.0L 16 ALLOY
92,Maruti,Celerio VXI,Manual,2022.0,Petrol,998.0,12708.0,1st owner,494000,9658.0,True,No,HR51,2022 Maruti Celerio VXI
93,Nissan,MAGNITE XE,Manual,2022.0,Petrol,999.0,36341.0,1st owner,551000,10772.0,True,Yes,HR51,2022 Nissan MAGNITE XE
94,Maruti,IGNIS DELTA 1.2,Manual,2022.0,Petrol,1197.0,17745.0,1st owner,525000,10258.0,True,Yes,DL9C,2022 Maruti IGNIS DELTA 1.2
95,Nissan,MAGNITE XE,Manual,2021.0,Petrol,999.0,30455.0,1st owner,522000,10205.0,True,Yes,DL8C,2021 Nissan MAGNITE XE
96,Hyundai,Grand i10 MAGNA 1.2 KAPPA VTVT,Manual,2018.0,Petrol,1197.0,40398.0,1st owner,396000,7742.0,True,No,UP25,2018 Hyundai Grand i10 MAGNA 1.2 KAPPA VTVT
97,Maruti,Wagon R 1.0 VXI+,Manual,2017.0,Petrol,998.0,60446.0,1st owner,350000,6851.0,True,No,DL1C,2017 Maruti Wagon R 1.0 VXI+
98,Renault,Kwid RXT 1.0 (O),Manual,2016.0,Petrol,999.0,20709.0,1st owner,262000,5126.0,True,No,DL1C,2016 Renault Kwid RXT 1.0 (O)
99,Honda,City 1.5L I-VTEC SV,Manual,2017.0,Petrol,1497.0,78608.0,1st owner,578000,11300.0,True,Yes,DL3C,2017 Honda City 1.5L I-VTEC SV
100,Datsun,Redi Go A,Manual,2018.0,Petrol,799.0,84695.0,1st owner,207000,4039.0,True,No,UP14,2018 Datsun Redi Go A
101,Maruti,Wagon R 1.0 LXI CNG,Manual,2018.0,CNG,998.0,56257.0,1st owner,367000,7175.0,True,Yes,HR26,2018 Maruti Wagon R 1.0 LXI CNG
102,Maruti,Swift ZXI PLUS,Manual,2018.0,Petrol,1197.0,27356.0,2nd owner,569000,11122.0,True,No,DL8C,2018 Maruti Swift ZXI PLUS
103,Maruti,Ciaz DELTA DIESEL 1.5,Manual,2019.0,Diesel,1498.0,61329.0,1st owner,702000,15616.0,True,No,HR05,2019 Maruti Ciaz DELTA DIESEL 1.5
104,Hyundai,VENUE S 1.4 CRDI,Manual,2020.0,Diesel,1396.0,46446.0,1st owner,734000,14357.0,True,No,HR26,2020 Hyundai VENUE S 1.4 CRDI
105,Renault,Kwid CLIMBER 1.0 AMT,Automatic,2017.0,Petrol,999.0,41308.0,3rd owner,285000,5580.0,True,No,HR31,2017 Renault Kwid CLIMBER 1.0 AMT
106,Tata,Tiago XT PETROL,Manual,2018.0,Petrol,1199.0,94259.0,1st owner,384000,7506.0,True,Yes,UP16,2018 Tata Tiago XT PETROL
107,Honda,Jazz 1.2L I-VTEC V,Manual,2016.0,Petrol,1199.0,79166.0,1st owner,382000,7461.0,True,No,HR51,2016 Honda Jazz 1.2L I-VTEC V
108,Hyundai,NEW SANTRO SPORTZ MT,Manual,2019.0,Petrol,1086.0,61839.0,2nd owner,397000,7761.0,True,Yes,DL10,2019 Hyundai NEW SANTRO SPORTZ MT
109,Maruti,Baleno SIGMA PETROL 1.2,Manual,2020.0,Petrol,1197.0,46628.0,1st owner,522000,10205.0,True,No,HR16,2020 Maruti Baleno SIGMA PETROL 1.2
110,Maruti,Wagon R 1.0 LXI CNG,Manual,2018.0,CNG,998.0,87192.0,1st owner,374000,7317.0,True,Yes,DL2C,2018 Maruti Wagon R 1.0 LXI CNG
111,Tata,NEXON XM SUNROOF DIESEL,Manual,2022.0,Diesel,1497.0,45834.0,1st owner,804000,15299.0,True,No,HR51,2022 Tata NEXON XM SUNROOF DIESEL
112,Maruti,IGNIS DELTA 1.2,Manual,2022.0,Petrol,1197.0,18015.0,1st owner,528000,10323.0,True,Yes,HR10,2022 Maruti IGNIS DELTA 1.2
113,Tata,NEXON XM SUNROOF DIESEL,Manual,2020.0,Diesel,1497.0,52276.0,1st owner,718000,14045.0,True,No,DL9C,2020 Tata NEXON XM SUNROOF DIESEL
114,Ford,FREESTYLE TITANIUM 1.2 PETROL,Manual,2018.0,Petrol,1194.0,87411.0,2nd owner,442000,8634.0,True,Yes,DL2C,2018 Ford FREESTYLE TITANIUM 1.2 PETROL
115,Maruti,IGNIS DELTA 1.2,Manual,2019.0,Petrol,1197.0,47484.0,1st owner,431000,8416.0,True,No,HR51,2019 Maruti IGNIS DELTA 1.2
116,Hyundai,VENUE S 1.2,Manual,2021.0,Petrol,1197.0,19866.0,1st owner,765000,14949.0,True,Yes,HR29,2021 Hyundai VENUE S 1.2
117,Maruti,Alto K10 VXI,Manual,2023.0,Petrol,998.0,21607.0,1st owner,467000,9130.0,True,No,DL7C,2023 Maruti Alto K10 VXI
118,Hyundai,Grand i10 MAGNA 1.2 KAPPA VTVT,Manual,2015.0,Petrol,1197.0,62536.0,1st owner,311000,6080.0,True,No,HR26,2015 Hyundai Grand i10 MAGNA 1.2 KAPPA VTVT
119,MG,HECTOR SHARP 2.0 DIESEL,Manual,2019.0,Diesel,1956.0,33306.0,1st owner,1286000,27961.0,True,No,DL8C,2019 MG HECTOR SHARP 2.0 DIESEL
120,Hyundai,Creta SX AT 1.6 DIESEL,Automatic,2019.0,Diesel,1582.0,67168.0,1st owner,1037000,22547.0,True,Yes,HR26,2019 Hyundai Creta SX AT 1.6 DIESEL
121,Ford,Ecosport TITANIUM 1.5L DIESEL,Manual,2019.0,Diesel,1498.0,27603.0,3rd owner,670000,14904.0,True,Yes,DL10,2019 Ford Ecosport TITANIUM 1.5L DIESEL
122,Maruti,Baleno ZETA PETROL 1.2,Manual,2020.0,Petrol,1197.0,36323.0,2nd owner,652000,12749.0,True,Yes,DL10,2020 Maruti Baleno ZETA PETROL 1.2
123,Hyundai,Tucson 2WD MT PETROL,Manual,2018.0,Petrol,1999.0,43368.0,1st owner,1225000,23315.0,True,No,HR26,2018 Hyundai Tucson 2WD MT PETROL
124,Hyundai,Creta S 1.4 DIESEL,Manual,2019.0,Diesel,1396.0,51919.0,2nd owner,815000,17720.0,True,No,UP14,2019 Hyundai Creta S 1.4 DIESEL
125,Maruti,Ciaz ZETA 1.5 SHVS MT PETROL,Manual,2022.0,Petrol,1462.0,15994.0,1st owner,872000,16598.0,True,Yes,UP16,2022 Maruti Ciaz ZETA 1.5 SHVS MT PETROL
126,Honda,City 1.5L I-VTEC V MT,Manual,2016.0,Petrol,1497.0,72308.0,1st owner,523000,10225.0,True,No,DL7C,2016 Honda City 1.5L I-VTEC V MT
127,Honda,Amaze 1.2L I-VTEC S,Manual,2018.0,Petrol,1199.0,27051.0,1st owner,515000,10068.0,True,Yes,HR51,2018 Honda Amaze 1.2L I-VTEC S
128,Tata,TIAGO NRG PETROL,Manual,2018.0,Petrol,1199.0,35764.0,1st owner,421000,8231.0,True,No,DL6C,2018 Tata TIAGO NRG PETROL
129,Renault,Kiger RXZ TURBO MT,Manual,2021.0,Petrol,999.0,46375.0,2nd owner,654000,12788.0,True,No,DL7C,2021 Renault Kiger RXZ TURBO MT
131,MG,HECTOR SMART 1.5 DCT PETROL,Automatic,2019.0,Petrol,1451.0,14172.0,1st owner,1288000,24514.0,True,No,DL1C,2019 MG HECTOR SMART 1.5 DCT PETROL
132,Maruti,Baleno DELTA PETROL 1.2,Manual,2020.0,Petrol,1197.0,27841.0,1st owner,581000,11368.0,True,No,DL5C,2020 Maruti Baleno DELTA PETROL 1.2
133,Tata,Safari XZ,Manual,2021.0,Diesel,1956.0,30203.0,1st owner,1546000,29427.0,True,Yes,DL12,2021 Tata Safari XZ
134,Maruti,IGNIS SIGMA 1.2,Manual,2021.0,Petrol,1197.0,25742.0,1st owner,476000,9306.0,True,No,HR26,2021 Maruti IGNIS SIGMA 1.2
135,Honda,Amaze 1.2L I-VTEC S,Manual,2015.0,Petrol,1198.0,91116.0,2nd owner,320000,6264.0,True,No,HR26,2015 Honda Amaze 1.2L I-VTEC S
136,Tata,ALTROZ XZ PETROL,Manual,2020.0,Petrol,1199.0,30274.0,2nd owner,595000,11630.0,True,No,DL9C,2020 Tata ALTROZ XZ PETROL
137,Renault,Kiger RXZ AMT,Automatic,2021.0,Petrol,999.0,30195.0,1st owner,711000,13904.0,True,No,HR51,2021 Renault Kiger RXZ AMT
138,KIA,SELTOS HTK PLUS 1.5 IMT,Manual,2022.0,Petrol,1497.0,51566.0,1st owner,1162000,22113.0,True,No,HR98,2022 KIA SELTOS HTK PLUS 1.5 IMT
139,KIA,SONET HTK PLUS 1.0 IMT,Manual,2022.0,Petrol,998.0,4763.0,1st owner,981000,18672.0,True,Yes,HR98,2022 KIA SONET HTK PLUS 1.0 IMT
140,Hyundai,NEW I20 ASTA (O) 1.2 MT,Manual,2023.0,Petrol,1197.0,20051.0,1st owner,890000,16940.0,True,Yes,DL7C,2023 Hyundai NEW I20 ASTA (O) 1.2 MT
141,Volkswagen,Polo COMFORTLINE 1.0L MPI,Manual,2019.0,Petrol,999.0,68763.0,1st owner,534000,10440.0,True,Yes,DL12,2019 Volkswagen Polo COMFORTLINE 1.0L MPI
142,Hyundai,Grand i10 MAGNA 1.2 KAPPA VTVT,Manual,2015.0,Petrol,1197.0,63079.0,3rd owner,307000,6002.0,True,No,DL10,2015 Hyundai Grand i10 MAGNA 1.2 KAPPA VTVT
143,Maruti,S Cross SIGMA 1.5,Manual,2022.0,Petrol,1462.0,15983.0,1st owner,852000,16217.0,True,No,HR51,2022 Maruti S Cross SIGMA 1.5
144,Maruti,Baleno ZETA PETROL 1.2,Manual,2020.0,Petrol,1197.0,55790.0,1st owner,626000,12239.0,True,Yes,DL8C,2020 Maruti Baleno ZETA PETROL 1.2
145,KIA,SELTOS HTK PLUS 1.5 IMT,Manual,2021.0,Petrol,1497.0,38307.0,1st owner,1058000,20138.0,True,No,DL9C,2021 KIA SELTOS HTK PLUS 1.5 IMT
146,Nissan,MAGNITE XV TURBO CVT,Automatic,2022.0,Petrol,999.0,18193.0,2nd owner,836000,15911.0,True,No,UP16,2022 Nissan MAGNITE XV TURBO CVT
147,Hyundai,VENUE SX 1.0 (O) TURBO,Manual,2019.0,Petrol,998.0,57649.0,2nd owner,729000,14252.0,True,No,DL9C,2019 Hyundai VENUE SX 1.0 (O) TURBO
148,Honda,Amaze 1.2L I-VTEC VX CVT,Automatic,2023.0,Petrol,1199.0,8376.0,1st owner,816000,15529.0,True,No,HR26,2023 Honda Amaze 1.2L I-VTEC VX CVT
149,Renault,TRIBER RXT,Manual,2022.0,Petrol,999.0,13196.0,1st owner,690000,13480.0,True,No,DL12,2022 Renault TRIBER RXT
150,Maruti,Ertiga VXI,Manual,2012.0,Petrol,1373.0,54751.0,1st owner,407000,13522.0,True,No,DL5C,2012 Maruti Ertiga VXI
151,Datsun,Go Plus A(O),Manual,2019.0,Petrol,1198.0,27695.0,1st owner,400000,7826.0,True,No,UP14,2019 Datsun Go Plus A(O)
152,Honda,City 1.5L I-VTEC SV,Manual,2017.0,Petrol,1497.0,102835.0,1st owner,608000,13525.0,True,Yes,DL14,2017 Honda City 1.5L I-VTEC SV
153,Honda,Amaze 1.2L I-VTEC S,Manual,2019.0,Petrol,1199.0,37864.0,1st owner,543000,10616.0,True,No,HR30,2019 Honda Amaze 1.2L I-VTEC S
154,Honda,City 1.5L I-VTEC ZX CVT,Automatic,2017.0,Petrol,1497.0,42012.0,1st owner,814000,15494.0,True,Yes,DL10,2017 Honda City 1.5L I-VTEC ZX CVT
155,Hyundai,i20 SPORTZ 1.2,Manual,2013.0,Petrol,1197.0,31479.0,1st owner,316000,8309.0,True,No,DL8C,2013 Hyundai i20 SPORTZ 1.2
156,KIA,SELTOS HTX ANNIVERSARY EDITION 1.5 PETROL,Manual,2021.0,Petrol,1497.0,26456.0,1st owner,1221000,23241.0,True,No,UP14,2021 KIA SELTOS HTX ANNIVERSARY EDITION 1.5 PETROL
157,Toyota,URBAN CRUISER PREMIUM GRADE MT,Manual,2021.0,Petrol,1462.0,42381.0,1st owner,862000,16407.0,True,Yes,UP14,2021 Toyota URBAN CRUISER PREMIUM GRADE MT
158,Renault,Kwid RXT 1.0 AMT (O),Automatic,2019.0,Petrol,999.0,13568.0,1st owner,386000,7540.0,True,Yes,DL10,2019 Renault Kwid RXT 1.0 AMT (O)
159,Maruti,Ciaz ZETA AT 1.5  SHVS PETROL,Automatic,2022.0,Petrol,1462.0,21566.0,1st owner,974000,18539.0,True,No,HR26,2022 Maruti Ciaz ZETA AT 1.5  SHVS PETROL
160,KIA,SELTOS HTX 1.5 PETROL,Manual,2019.0,Petrol,1497.0,85336.0,1st owner,1032000,19646.0,True,Yes,DL14,2019 KIA SELTOS HTX 1.5 PETROL
161,Maruti,Swift Dzire LXI (O),Manual,2015.0,Petrol,1197.0,35817.0,1st owner,377000,7379.0,True,Yes,DL6C,2015 Maruti Swift Dzire LXI (O)
162,Hyundai,Creta SX (O) 1.6 DIESEL,Manual,2019.0,Diesel,1582.0,72781.0,1st owner,1114000,24226.0,True,No,HR26,2019 Hyundai Creta SX (O) 1.6 DIESEL
163,Jeep,Compass SPORT PLUS 1.4 PETROL,Manual,2020.0,Petrol,1368.0,76041.0,1st owner,1065000,20269.0,True,Yes,HR10,2020 Jeep Compass SPORT PLUS 1.4 PETROL
164,Maruti,Ciaz VXI,Manual,2016.0,Petrol,1373.0,60440.0,1st owner,478000,9345.0,True,No,DL9C,2016 Maruti Ciaz VXI
165,Mahindra,XUV500 W5,Manual,2019.0,Diesel,2179.0,45984.0,1st owner,1011000,21977.0,True,No,DL8C,2019 Mahindra XUV500 W5
166,Jeep,Compass LIMITED (O) 2.0 DIESEL 4X4,Manual,2018.0,Diesel,1956.0,53738.0,2nd owner,968000,25026.0,True,Yes,HR81,2018 Jeep Compass LIMITED (O) 2.0 DIESEL 4X4
167,Maruti,Alto LXI,Manual,2021.0,Petrol,796.0,8945.0,1st owner,364000,7116.0,True,No,HR29,2021 Maruti Alto LXI
168,KIA,SONET HTK PLUS 1.5,Manual,2020.0,Diesel,1493.0,68421.0,1st owner,811000,15439.0,True,Yes,UP14,2020 KIA SONET HTK PLUS 1.5
169,Tata,NEXON XZ PETROL,Manual,2021.0,Petrol,1199.0,8119.0,1st owner,858000,16331.0,True,Yes,DL3C,2021 Tata NEXON XZ PETROL
170,MG,HECTOR SMART 1.5 DCT PETROL,Automatic,2019.0,Petrol,1451.0,8797.0,1st owner,1338000,25471.0,True,No,DL14,2019 MG HECTOR SMART 1.5 DCT PETROL
171,Maruti,Baleno DELTA PETROL 1.2,Manual,2017.0,Petrol,1197.0,32348.0,1st owner,476000,9306.0,True,No,DL10,2017 Maruti Baleno DELTA PETROL 1.2
172,Honda,City 1.5L I-VTEC V MT,Manual,2017.0,Petrol,1497.0,115810.0,1st owner,583000,12969.0,True,No,DL3C,2017 Honda City 1.5L I-VTEC V MT
173,Mahindra,XUV300 W6 1.2 PETROL,Manual,2020.0,Petrol,1197.0,40924.0,1st owner,681000,13314.0,True,No,DL7C,2020 Mahindra XUV300 W6 1.2 PETROL
174,Maruti,Baleno DELTA PETROL 1.2,Manual,2016.0,Petrol,1197.0,33099.0,1st owner,473000,9247.0,True,No,HR26,2016 Maruti Baleno DELTA PETROL 1.2
175,MG,HECTOR SHARP 1.5 DCT PETROL,Automatic,2020.0,Petrol,1451.0,66590.0,1st owner,1269000,24154.0,True,No,DL3C,2020 MG HECTOR SHARP 1.5 DCT PETROL
176,Hyundai,Creta S 1.5 PETROL,Manual,2020.0,Petrol,1497.0,80554.0,2nd owner,968000,18425.0,True,Yes,UP66,2020 Hyundai Creta S 1.5 PETROL
177,KIA,SELTOS GTX PLUS AT 1.5 DIESEL,Automatic,2019.0,Diesel,1493.0,51955.0,1st owner,1266000,27519.0,True,No,HR26,2019 KIA SELTOS GTX PLUS AT 1.5 DIESEL
178,Hyundai,Creta SX PLUS AT 1.6 PETROL,Automatic,2016.0,Petrol,1591.0,61059.0,3rd owner,715000,13987.0,True,Yes,DL5C,2016 Hyundai Creta SX PLUS AT 1.6 PETROL
179,Tata,NEXON XZ PLUS PETROL SUNROOF,Manual,2023.0,Petrol,1199.0,24415.0,1st owner,969000,18444.0,True,Yes,DL3C,2023 Tata NEXON XZ PLUS PETROL SUNROOF
180,Maruti,Dzire VXI,Manual,2018.0,Petrol,1197.0,65268.0,1st owner,509000,9959.0,True,No,DL5C,2018 Maruti Dzire VXI
181,Maruti,Swift VXI,Manual,2012.0,Petrol,1197.0,34096.0,1st owner,256000,8503.0,True,No,DL13,2012 Maruti Swift VXI
182,Maruti,Swift VXI,Manual,2022.0,Petrol,1197.0,35230.0,1st owner,626000,12238.0,True,No,HR30,2022 Maruti Swift VXI
183,Toyota,Glanza G CVT,Automatic,2019.0,Petrol,1197.0,55311.0,2nd owner,622000,12160.0,True,No,HR26,2019 Toyota Glanza G CVT
184,Hyundai,Creta SX 1.5 PETROL,Manual,2020.0,Petrol,1497.0,61464.0,1st owner,1172000,22308.0,True,No,DL9C,2020 Hyundai Creta SX 1.5 PETROL
185,KIA,SELTOS HTX 1.5 PETROL,Manual,2019.0,Petrol,1497.0,32251.0,1st owner,1127000,21451.0,True,Yes,UP14,2019 KIA SELTOS HTX 1.5 PETROL
186,Maruti,Baleno ALPHA 1.2 AGS,Automatic,2022.0,Petrol,1197.0,27052.0,1st owner,817000,15551.0,True,No,UP37,2022 Maruti Baleno ALPHA 1.2 AGS
187,KIA,SONET HTK PLUS 1.0 IMT,Manual,2022.0,Petrol,998.0,22078.0,1st owner,958000,18235.0,True,Yes,HR98,2022 KIA SONET HTK PLUS 1.0 IMT
188,Jeep,Compass SPORT 2.0 DIESEL,Manual,2019.0,Diesel,1956.0,93467.0,1st owner,930000,20227.0,True,No,HR50,2019 Jeep Compass SPORT 2.0 DIESEL
189,Maruti,Swift ZXI PLUS,Manual,2018.0,Petrol,1197.0,21574.0,1st owner,630000,12319.0,True,No,UP14,2018 Maruti Swift ZXI PLUS
190,Maruti,Alto 800 LXI,Manual,2016.0,Petrol,796.0,97698.0,2nd owner,220000,4298.0,True,Yes,HR72,2016 Maruti Alto 800 LXI
191,Mahindra,Thar LX PETROL HT 4WD AT,Automatic,2021.0,Petrol,1997.0,31332.0,1st owner,1318000,25087.0,True,No,DL1C,2021 Mahindra Thar LX PETROL HT 4WD AT
192,Mahindra,Thar LX PETROL HT 4WD AT,Automatic,2021.0,Petrol,1997.0,25411.0,1st owner,1365000,25982.0,True,Yes,DL8C,2021 Mahindra Thar LX PETROL HT 4WD AT
193,Hyundai,Creta SX AT 1.6 PETROL,Automatic,2019.0,Petrol,1591.0,69534.0,1st owner,1045000,19891.0,True,Yes,HR26,2019 Hyundai Creta SX AT 1.6 PETROL
194,Hyundai,Elite i20 SPORTZ 1.2 (O),Manual,2014.0,Petrol,1197.0,87564.0,1st owner,443000,9854.0,True,No,DL3C,2014 Hyundai Elite i20 SPORTZ 1.2 (O)
196,Hyundai,GRAND I10 NIOS MAGNA 1.2 KAPPA VTVT CNG,Manual,2021.0,CNG,1197.0,19115.0,1st owner,610000,11933.0,True,No,DL5C,2021 Hyundai GRAND I10 NIOS MAGNA 1.2 KAPPA VTVT CNG
198,Maruti,Baleno ZETA PETROL 1.2,Manual,2019.0,Petrol,1197.0,59602.0,2nd owner,563000,11005.0,True,Yes,HR26,2019 Maruti Baleno ZETA PETROL 1.2
199,KIA,SELTOS HTX 1.5 PETROL,Manual,2019.0,Petrol,1497.0,64349.0,1st owner,1053000,20052.0,True,Yes,DL14,2019 KIA SELTOS HTX 1.5 PETROL
200,Maruti,Ciaz ZETA 1.5 SHVS MT PETROL,Manual,2022.0,Petrol,1462.0,35483.0,1st owner,870000,16560.0,True,No,HR26,2022 Maruti Ciaz ZETA 1.5 SHVS MT PETROL
201,Hyundai,Grand i10 ASTA 1.2 KAPPA VTVT,Manual,2018.0,CNG,1197.0,87009.0,2nd owner,464000,9071.0,True,No,HR06,2018 Hyundai Grand i10 ASTA 1.2 KAPPA VTVT
202,Datsun,Redi Go T,Manual,2021.0,Petrol,799.0,36150.0,1st owner,314000,6136.0,True,No,DL14,2021 Datsun Redi Go T
204,Maruti,Vitara Brezza VXI AT SHVS,Automatic,2021.0,Petrol,1462.0,29125.0,2nd owner,829000,15779.0,True,No,HR26,2021 Maruti Vitara Brezza VXI AT SHVS
205,Honda,City 1.5L I-VTEC S MT,Manual,2012.0,Petrol,1497.0,77380.0,2nd owner,293000,9718.0,True,Yes,DL13,2012 Honda City 1.5L I-VTEC S MT
206,Tata,Tiago XTA PETROL,Automatic,2017.0,Petrol,1199.0,102235.0,1st owner,374000,8316.0,True,No,UP16,2017 Tata Tiago XTA PETROL
207,Hyundai,Creta S 1.5 PETROL,Manual,2020.0,Petrol,1497.0,14693.0,1st owner,1124000,21392.0,True,No,HR29,2020 Hyundai Creta S 1.5 PETROL
208,Renault,Duster RXZ 1.3 TURBO PETROL MT,Manual,2021.0,Petrol,1330.0,50108.0,1st owner,929000,17692.0,True,No,HR51,2021 Renault Duster RXZ 1.3 TURBO PETROL MT
209,Hyundai,Creta E PLUS 1.6 PETROL,Manual,2019.0,Petrol,1591.0,17333.0,1st owner,886000,16864.0,True,Yes,DL12,2019 Hyundai Creta E PLUS 1.6 PETROL
210,Hyundai,Creta SX PLUS 1.6 PETROL,Manual,2015.0,Petrol,1591.0,102963.0,3rd owner,569000,12650.0,True,No,HR26,2015 Hyundai Creta SX PLUS 1.6 PETROL
211,Ford,Ecosport TITANIUM 1.5L THUNDER EDTION DIESEL,Manual,2020.0,Diesel,1498.0,71807.0,2nd owner,679000,13279.0,True,No,HR29,2020 Ford Ecosport TITANIUM 1.5L THUNDER EDTION DIESEL
212,Tata,Tiago XZ PLUS PETROL,Manual,2020.0,Petrol,1199.0,53413.0,1st owner,505000,9881.0,True,No,HR51,2020 Tata Tiago XZ PLUS PETROL
213,Maruti,Swift LXI (O),Manual,2015.0,Petrol,1197.0,71287.0,2nd owner,338000,6613.0,True,No,DL9C,2015 Maruti Swift LXI (O)
214,Renault,Duster RXL PETROL,Manual,2013.0,Petrol,1598.0,77978.0,3rd owner,314000,8281.0,True,No,HR26,2013 Renault Duster RXL PETROL
215,Mahindra,XUV500 W5,Manual,2019.0,Diesel,2179.0,56200.0,1st owner,949000,20629.0,True,No,DL12,2019 Mahindra XUV500 W5
216,Maruti,Baleno SIGMA PETROL 1.2,Manual,2021.0,Petrol,1197.0,11344.0,1st owner,574000,11230.0,True,Yes,DL3C,2021 Maruti Baleno SIGMA PETROL 1.2
217,Maruti,Baleno ALPHA CVT PETROL 1.2,Automatic,2020.0,Petrol,1197.0,15673.0,1st owner,746000,14594.0,True,No,HR98,2020 Maruti Baleno ALPHA CVT PETROL 1.2
218,Renault,Kwid CLIMBER 1.0 AMT (O),Automatic,2020.0,Petrol,999.0,45704.0,2nd owner,403000,7879.0,True,No,UP16,2020 Renault Kwid CLIMBER 1.0 AMT (O)
219,Hyundai,Creta SX PLUS 1.6 PETROL,Manual,2016.0,CNG,1591.0,84938.0,2nd owner,681000,15148.0,True,Yes,HR26,2016 Hyundai Creta SX PLUS 1.6 PETROL
220,Hyundai,Verna SX (O) 1.0 TURBO DCT,Automatic,2020.0,Petrol,998.0,42349.0,2nd owner,1057000,20118.0,True,Yes,HR51,2020 Hyundai Verna SX (O) 1.0 TURBO DCT
221,Datsun,Redi Go A,Manual,2018.0,Petrol,799.0,30684.0,1st owner,231000,4517.0,True,No,DL8C,2018 Datsun Redi Go A
222,Maruti,Vitara Brezza VXI AT SHVS,Automatic,2021.0,Petrol,1462.0,57060.0,1st owner,808000,15380.0,True,No,DL6C,2021 Maruti Vitara Brezza VXI AT SHVS
223,Volkswagen,Polo COMFORTLINE 1.0L MPI,Manual,2018.0,Petrol,999.0,96717.0,2nd owner,488000,9532.0,True,No,DL3C,2018 Volkswagen Polo COMFORTLINE 1.0L MPI
224,Hyundai,Grand i10 MAGNA 1.2 KAPPA VTVT,Manual,2017.0,Petrol,1197.0,96739.0,1st owner,374000,7312.0,True,Yes,DL4C,2017 Hyundai Grand i10 MAGNA 1.2 KAPPA VTVT
225,Hyundai,Elite i20 MAGNA 1.2,Manual,2015.0,Petrol,1197.0,38116.0,1st owner,410000,8016.0,True,No,DL10,2015 Hyundai Elite i20 MAGNA 1.2
226,Maruti,Baleno SIGMA PETROL 1.2,Manual,2020.0,Petrol,1197.0,25069.0,1st owner,570000,11148.0,True,Yes,HR98,2020 Maruti Baleno SIGMA PETROL 1.2
227,KIA,SONET GTX PLUS 1.0 IMT,Manual,2020.0,Petrol,998.0,37438.0,2nd owner,874000,16636.0,True,Yes,HR05,2020 KIA SONET GTX PLUS 1.0 IMT
228,KIA,SELTOS GTX PLUS DCT 1.4 PETROL,Automatic,2019.0,Petrol,1353.0,49161.0,1st owner,1316000,25049.0,True,No,DL4C,2019 KIA SELTOS GTX PLUS DCT 1.4 PETROL
229,Tata,TIGOR XZ PETROL,Manual,2018.0,Petrol,1199.0,60364.0,1st owner,430000,8407.0,True,No,HR26,2018 Tata TIGOR XZ PETROL
231,Tata,TIGOR XZA PETROL,Automatic,2018.0,Petrol,1199.0,97131.0,1st owner,443000,8661.0,True,No,DL3C,2018 Tata TIGOR XZA PETROL
232,Mahindra,Thar LX PETROL HT 4WD AT,Automatic,2021.0,Petrol,1997.0,30914.0,1st owner,1340000,25506.0,True,No,UP16,2021 Mahindra Thar LX PETROL HT 4WD AT
233,Mahindra,XUV500 W11 AT,Automatic,2019.0,Diesel,2179.0,36660.0,1st owner,1262000,27439.0,True,Yes,DL12,2019 Mahindra XUV500 W11 AT
234,Maruti,Swift LXI (O),Manual,2017.0,Petrol,1197.0,55771.0,1st owner,403000,7879.0,True,No,DL12,2017 Maruti Swift LXI (O)
235,KIA,SELTOS GTX PLUS DCT 1.4 PETROL,Automatic,2019.0,Petrol,1353.0,24009.0,1st owner,1405000,26742.0,True,No,DL12,2019 KIA SELTOS GTX PLUS DCT 1.4 PETROL
236,Ford,Ecosport TITANIUM 1.5L DIESEL,Manual,2020.0,Diesel,1498.0,62541.0,1st owner,826000,15720.0,True,No,DL11,2020 Ford Ecosport TITANIUM 1.5L DIESEL
237,Hyundai,VENUE SX 1.0 TURBO,Manual,2019.0,Petrol,998.0,17536.0,1st owner,850000,16179.0,True,No,DL8C,2019 Hyundai VENUE SX 1.0 TURBO
238,Tata,NEXON XM SUNROOF PETROL,Manual,2022.0,Petrol,1199.0,21897.0,1st owner,824000,15691.0,True,Yes,DL9C,2022 Tata NEXON XM SUNROOF PETROL
239,Hyundai,Grand i10 SPORTZ 1.2 KAPPA VTVT,Manual,2015.0,Petrol,1197.0,96142.0,1st owner,322000,6292.0,True,No,UP14,2015 Hyundai Grand i10 SPORTZ 1.2 KAPPA VTVT
240,Maruti,IGNIS ALPHA 1.2 AMT,Automatic,2021.0,Petrol,1197.0,38768.0,1st owner,668000,13052.0,True,No,DL9C,2021 Maruti IGNIS ALPHA 1.2 AMT
242,KIA,SONET HTX 1.0 IMT,Manual,2022.0,Petrol,998.0,29811.0,1st owner,1024000,19483.0,True,No,HR36,2022 KIA SONET HTX 1.0 IMT
243,Volkswagen,Vento HIGHLINE PLUS 1.2 AT 16 ALLOY,Automatic,2018.0,Petrol,1197.0,106608.0,1st owner,679000,15109.0,True,No,DL10,2018 Volkswagen Vento HIGHLINE PLUS 1.2 AT 16 ALLOY
244,Hyundai,VENUE SX 1.0 TURBO IMT,Manual,2021.0,Petrol,998.0,39415.0,1st owner,886000,16856.0,True,No,UP14,2021 Hyundai VENUE SX 1.0 TURBO IMT
245,Maruti,IGNIS ALPHA 1.2,Manual,2021.0,Petrol,1197.0,30314.0,1st owner,592000,11574.0,True,Yes,HR51,2021 Maruti IGNIS ALPHA 1.2
246,Mahindra,Thar LX  P 4WD AT CONVERTIBLE,Automatic,2022.0,Petrol,1997.0,29045.0,1st owner,1397000,26591.0,True,Yes,DL12,2022 Mahindra Thar LX  P 4WD AT CONVERTIBLE
247,Datsun,Redi Go A,Manual,2021.0,Petrol,799.0,15680.0,1st owner,304000,5943.0,True,Yes,DL7C,2021 Datsun Redi Go A
248,Honda,City 1.5L I-VTEC SV,Manual,2016.0,Petrol,1497.0,97885.0,2nd owner,551000,10765.0,True,Yes,DL2C,2016 Honda City 1.5L I-VTEC SV
249,Nissan,MAGNITE XE,Manual,2022.0,Petrol,999.0,13843.0,1st owner,553000,10812.0,True,No,HR26,2022 Nissan MAGNITE XE
250,Datsun,Go Plus T(O),Manual,2019.0,Petrol,1198.0,30616.0,1st owner,411000,8043.0,True,No,DL3C,2019 Datsun Go Plus T(O)
251,Maruti,Baleno DELTA CVT PETROL 1.2,Automatic,2019.0,Petrol,1197.0,36124.0,1st owner,590000,11535.0,True,Yes,UP14,2019 Maruti Baleno DELTA CVT PETROL 1.2
252,Honda,Amaze 1.2L I-VTEC VX CVT,Automatic,2023.0,Petrol,1199.0,13137.0,1st owner,917000,17454.0,True,Yes,HR26,2023 Honda Amaze 1.2L I-VTEC VX CVT
253,Tata,Harrier XZA PLUS 2.0L,Automatic,2022.0,Diesel,1956.0,27222.0,1st owner,1765000,33599.0,True,Yes,UP16,2022 Tata Harrier XZA PLUS 2.0L
254,Maruti,Ciaz SIGMA 1.5 SHVS MT  PETROL,Manual,2019.0,Petrol,1462.0,66068.0,1st owner,663000,12959.0,True,Yes,DL8C,2019 Maruti Ciaz SIGMA 1.5 SHVS MT  PETROL
255,Maruti,Wagon R 1.0 LXI CNG,Manual,2017.0,CNG,998.0,110029.0,1st owner,325000,7229.0,True,No,HR36,2017 Maruti Wagon R 1.0 LXI CNG
256,Maruti,Swift LXI (O),Manual,2015.0,Petrol,1197.0,65365.0,1st owner,355000,6947.0,True,No,DL3C,2015 Maruti Swift LXI (O)
257,Maruti,Alto VXI,Manual,2021.0,Petrol,796.0,9171.0,2nd owner,358000,7000.0,True,No,DL5C,2021 Maruti Alto VXI
258,Tata,NEXON XZA PLUS PETROL,Automatic,2019.0,Petrol,1198.0,61470.0,1st owner,713000,13936.0,True,No,HR26,2019 Tata NEXON XZA PLUS PETROL
259,Tata,ALTROZ XZA PLUS,Automatic,2022.0,Petrol,1199.0,24933.0,1st owner,789000,15425.0,True,Yes,DL5C,2022 Tata ALTROZ XZA PLUS
260,Maruti,Dzire VXI,Manual,2020.0,Petrol,1197.0,61172.0,2nd owner,541000,10582.0,True,No,DL9C,2020 Maruti Dzire VXI
261,Honda,Amaze 1.2L I-VTEC S,Manual,2015.0,Petrol,1198.0,44993.0,1st owner,356000,6960.0,True,Yes,DL2C,2015 Honda Amaze 1.2L I-VTEC S
262,Maruti,Swift LXI,Manual,2013.0,Petrol,1197.0,61671.0,1st owner,282000,7424.0,True,Yes,HR26,2013 Maruti Swift LXI
263,Tata,NEXON XZA PLUS PETROL,Automatic,2022.0,Petrol,1199.0,13124.0,1st owner,967000,18406.0,True,No,UP14,2022 Tata NEXON XZA PLUS PETROL
264,Maruti,New Wagon-R LXI CNG (O) 1.0,Manual,2020.0,CNG,998.0,18852.0,1st owner,516000,10088.0,True,No,HR26,2020 Maruti New Wagon-R LXI CNG (O) 1.0
265,Maruti,Ciaz ALPHA  AT 1.4  PETROL,Automatic,2017.0,CNG,1373.0,90034.0,2nd owner,644000,12581.0,True,Yes,HR26,2017 Maruti Ciaz ALPHA  AT 1.4  PETROL
266,Maruti,Vitara Brezza VDI AMT,Automatic,2019.0,Diesel,1248.0,59343.0,2nd owner,634000,14103.0,True,No,HR29,2019 Maruti Vitara Brezza VDI AMT
267,Honda,Amaze 1.2L I-VTEC S,Manual,2015.0,Petrol,1198.0,41525.0,1st owner,349000,6823.0,True,No,HR26,2015 Honda Amaze 1.2L I-VTEC S
268,Hyundai,Creta BASE 1.6 PETROL,Manual,2016.0,Petrol,1591.0,45368.0,1st owner,655000,12805.0,True,Yes,UP14,2016 Hyundai Creta BASE 1.6 PETROL
269,Maruti,Ciaz VXI,Manual,2014.0,Petrol,1373.0,58546.0,1st owner,404000,8987.0,True,Yes,DL1C,2014 Maruti Ciaz VXI
270,Hyundai,Grand i10 ASTA 1.2 KAPPA VTVT,Manual,2016.0,CNG,1197.0,57121.0,3rd owner,396000,8802.0,True,No,DL8C,2016 Hyundai Grand i10 ASTA 1.2 KAPPA VTVT
271,Tata,TIGOR XE PETROL,Manual,2021.0,Petrol,1199.0,24927.0,1st owner,515000,10068.0,True,Yes,HR30,2021 Tata TIGOR XE PETROL
272,Mahindra,XUV300 W8 1.2 PETROL,Manual,2019.0,Petrol,1197.0,39926.0,1st owner,829000,15779.0,True,Yes,DL8C,2019 Mahindra XUV300 W8 1.2 PETROL
273,Maruti,Swift LXI (O),Manual,2017.0,Petrol,1197.0,61039.0,1st owner,419000,8197.0,True,No,HR87,2017 Maruti Swift LXI (O)
274,Jeep,Compass SPORT PLUS 1.4 PETROL,Manual,2019.0,Petrol,1368.0,59431.0,1st owner,1149000,21877.0,True,Yes,HR26,2019 Jeep Compass SPORT PLUS 1.4 PETROL
275,Maruti,IGNIS ZETA 1.2 AMT,Automatic,2022.0,Petrol,1197.0,36051.0,1st owner,663000,12962.0,True,No,HR98,2022 Maruti IGNIS ZETA 1.2 AMT
276,Honda,Amaze 1.2L I-VTEC S,Manual,2016.0,Petrol,1198.0,52996.0,1st owner,410000,8017.0,True,No,HR51,2016 Honda Amaze 1.2L I-VTEC S
277,Maruti,Baleno DELTA PETROL 1.2,Manual,2019.0,CNG,1197.0,47849.0,2nd owner,537000,10498.0,True,No,HR26,2019 Maruti Baleno DELTA PETROL 1.2
278,Maruti,Swift VXI,Manual,2015.0,Petrol,1197.0,59365.0,1st owner,372000,7269.0,True,Yes,DL2C,2015 Maruti Swift VXI
279,Tata,NEXON XZA PLUS DIESEL DARK EDITION,Automatic,2022.0,Diesel,1497.0,19703.0,1st owner,1053000,20043.0,True,No,HR26,2022 Tata NEXON XZA PLUS DIESEL DARK EDITION
280,Renault,Kwid RXT 0.8,Manual,2020.0,Petrol,799.0,62083.0,1st owner,356000,6960.0,True,No,DL12,2020 Renault Kwid RXT 0.8
281,Maruti,S PRESSO VXI+,Manual,2020.0,Petrol,998.0,15966.0,1st owner,392000,7664.0,True,No,DL9C,2020 Maruti S PRESSO VXI+
282,Hyundai,Elite i20 MAGNA 1.2,Manual,2016.0,Petrol,1197.0,74240.0,1st owner,448000,8757.0,True,Yes,DL8C,2016 Hyundai Elite i20 MAGNA 1.2
283,Nissan,MAGNITE XV PREMIUM TURBO CVT,Automatic,2022.0,Petrol,999.0,42637.0,1st owner,795000,15538.0,True,No,UP16,2022 Nissan MAGNITE XV PREMIUM TURBO CVT
284,MG,HECTOR SHARP 1.5 DCT PETROL,Automatic,2020.0,Petrol,1451.0,50365.0,2nd owner,1246000,23716.0,True,No,HR26,2020 MG HECTOR SHARP 1.5 DCT PETROL
285,Tata,TIGOR XE PETROL,Manual,2020.0,Petrol,1199.0,73158.0,1st owner,479000,9365.0,True,Yes,UP14,2020 Tata TIGOR XE PETROL
286,Hyundai,i20 SPORTZ 1.2,Manual,2014.0,Petrol,1197.0,78713.0,1st owner,347000,7719.0,True,Yes,HR26,2014 Hyundai i20 SPORTZ 1.2
287,Tata,NEXON XZ PLUS PETROL,Manual,2017.0,Petrol,1198.0,82375.0,1st owner,590000,11535.0,True,Yes,DL3C,2017 Tata NEXON XZ PLUS PETROL
288,Maruti,Swift LXI (O),Manual,2017.0,Petrol,1197.0,23582.0,1st owner,438000,8563.0,True,Yes,DL5C,2017 Maruti Swift LXI (O)
290,Hyundai,NEW SANTRO SPORTZ MT,Manual,2019.0,Petrol,1086.0,49352.0,1st owner,413000,8078.0,True,No,UP14,2019 Hyundai NEW SANTRO SPORTZ MT
291,Ford,Ecosport TITANIUM 1.5L PETROL,Manual,2018.0,Petrol,1497.0,99535.0,1st owner,581000,11359.0,True,No,HR29,2018 Ford Ecosport TITANIUM 1.5L PETROL
293,Maruti,Dzire ZXI CNG,Manual,2022.0,CNG,1197.0,47217.0,2nd owner,795000,15537.0,True,No,HR87,2022 Maruti Dzire ZXI CNG
294,Maruti,Ciaz DELTA 1.4 AT PETROL,Automatic,2018.0,Petrol,1373.0,46850.0,2nd owner,575000,11242.0,True,No,DL6C,2018 Maruti Ciaz DELTA 1.4 AT PETROL
295,Hyundai,i20 Active 1.2 S,Manual,2016.0,Petrol,1197.0,54148.0,1st owner,493000,9638.0,True,Yes,DL7C,2016 Hyundai i20 Active 1.2 S
296,Honda,City 1.5L I-VTEC SV CVT,Automatic,2015.0,Petrol,1497.0,39168.0,2nd owner,522000,10205.0,True,No,DL3C,2015 Honda City 1.5L I-VTEC SV CVT
298,KIA,SONET HTK 1.5,Manual,2022.0,Diesel,1493.0,23502.0,1st owner,955000,18178.0,True,Yes,DL3C,2022 KIA SONET HTK 1.5
299,Hyundai,Creta SX PLUS AT 1.6 PETROL,Automatic,2017.0,Petrol,1591.0,67495.0,1st owner,832000,15836.0,True,No,DL12,2017 Hyundai Creta SX PLUS AT 1.6 PETROL
300,Maruti,Celerio ZXI AMT,Automatic,2016.0,Petrol,998.0,19759.0,1st owner,403000,7879.0,True,No,DL3C,2016 Maruti Celerio ZXI AMT
301,Honda,City 1.5L I-VTEC V MT,Manual,2015.0,Petrol,1497.0,91368.0,1st owner,497000,9716.0,True,No,DL4C,2015 Honda City 1.5L I-VTEC V MT
302,Maruti,Swift Dzire LXI,Manual,2013.0,Petrol,1197.0,36536.0,1st owner,319000,8411.0,True,Yes,DL4C,2013 Maruti Swift Dzire LXI
303,Nissan,MAGNITE XV PREMIUM DUAL TONE,Manual,2021.0,Petrol,999.0,42886.0,1st owner,672000,13138.0,True,No,UP16,2021 Nissan MAGNITE XV PREMIUM DUAL TONE
304,KIA,SONET HTX 1.5,Manual,2021.0,Diesel,1493.0,28209.0,1st owner,979000,18634.0,True,No,HR98,2021 KIA SONET HTX 1.5
305,Maruti,New Wagon-R VXI 1.2,Manual,2019.0,Petrol,1197.0,19085.0,1st owner,459000,8971.0,True,Yes,HR26,2019 Maruti New Wagon-R VXI 1.2
306,Hyundai,Verna FLUIDIC 4S 1.6 VTVT S,Manual,2015.0,Petrol,1591.0,102445.0,2nd owner,472000,10505.0,True,Yes,DL8C,2015 Hyundai Verna FLUIDIC 4S 1.6 VTVT S
307,Maruti,Swift Dzire VXI,Manual,2012.0,Petrol,1197.0,51629.0,1st owner,266000,8835.0,True,No,DL9C,2012 Maruti Swift Dzire VXI
308,Maruti,Wagon R Stingray VXI,Manual,2013.0,Petrol,998.0,70322.0,2nd owner,229000,6031.0,True,Yes,DL3C,2013 Maruti Wagon R Stingray VXI
309,Hyundai,Creta E PLUS 1.6 PETROL,Manual,2018.0,Petrol,1591.0,48108.0,1st owner,803000,15284.0,True,Yes,UP16,2018 Hyundai Creta E PLUS 1.6 PETROL
311,Hyundai,Grand i10 SPORTZ 1.2 KAPPA VTVT,Manual,2020.0,Petrol,1197.0,56215.0,1st owner,551000,10774.0,True,No,DL4C,2020 Hyundai Grand i10 SPORTZ 1.2 KAPPA VTVT
312,Ford,Ecosport TITANIUM 1.5L PETROL,Manual,2018.0,Petrol,1497.0,70008.0,1st owner,652000,12756.0,True,Yes,DL10,2018 Ford Ecosport TITANIUM 1.5L PETROL
313,Hyundai,i20 SPORTZ 1.2,Manual,2014.0,Petrol,1197.0,85321.0,1st owner,353000,7852.0,True,No,DL10,2014 Hyundai i20 SPORTZ 1.2
314,Maruti,Swift Dzire VXI,Manual,2012.0,Petrol,1197.0,43425.0,2nd owner,251000,8337.0,True,Yes,DL2C,2012 Maruti Swift Dzire VXI
315,Maruti,Wagon R 1.0 VXI+ AMT,Automatic,2017.0,Petrol,998.0,40144.0,1st owner,393000,7679.0,True,No,DL14,2017 Maruti Wagon R 1.0 VXI+ AMT
316,Maruti,Wagon R 1.0 VXI,Manual,2017.0,Petrol,998.0,54614.0,1st owner,346000,6772.0,True,No,HR26,2017 Maruti Wagon R 1.0 VXI
317,Hyundai,Xcent S 1.2,Manual,2018.0,CNG,1197.0,60152.0,1st owner,476000,9309.0,True,No,HR13,2018 Hyundai Xcent S 1.2
318,Renault,Duster 110 PS RXS MT DIESEL,Manual,2019.0,Diesel,1461.0,40838.0,1st owner,713000,15860.0,True,No,UP16,2019 Renault Duster 110 PS RXS MT DIESEL
319,Maruti,Swift LXI (O),Manual,2017.0,Petrol,1197.0,47968.0,1st owner,408000,7976.0,True,Yes,DL8C,2017 Maruti Swift LXI (O)
320,Hyundai,Grand i10 SPORTZ 1.2 KAPPA VTVT,Manual,2018.0,Petrol,1197.0,75742.0,1st owner,403000,7879.0,True,No,HR51,2018 Hyundai Grand i10 SPORTZ 1.2 KAPPA VTVT
321,Hyundai,Verna FLUIDIC 1.6 VTVT EX,Manual,2013.0,Petrol,1591.0,108787.0,1st owner,374000,9854.0,True,No,HR06,2013 Hyundai Verna FLUIDIC 1.6 VTVT EX
322,Maruti,Baleno DELTA PETROL 1.2,Manual,2019.0,Petrol,1197.0,65533.0,1st owner,503000,9834.0,True,No,HR08,2019 Maruti Baleno DELTA PETROL 1.2
323,Hyundai,VENUE SX 1.0 TURBO,Manual,2020.0,Petrol,998.0,43417.0,2nd owner,828000,15760.0,True,Yes,HR35,2020 Hyundai VENUE SX 1.0 TURBO
324,Maruti,Baleno DELTA PETROL 1.2,Manual,2019.0,Petrol,1197.0,35337.0,1st owner,540000,10557.0,True,No,DL9C,2019 Maruti Baleno DELTA PETROL 1.2
325,Maruti,Swift ZXI,Manual,2017.0,Petrol,1197.0,68304.0,1st owner,486000,9498.0,True,No,DL5C,2017 Maruti Swift ZXI
326,Tata,PUNCH CREATIVE  1.2 RTN DUAL TONE,Manual,2022.0,Petrol,1199.0,20770.0,1st owner,778000,15210.0,True,No,HR42,2022 Tata PUNCH CREATIVE  1.2 RTN DUAL TONE
327,Tata,TIGOR XZ PLUS PETROL,Manual,2020.0,Petrol,1199.0,17280.0,1st owner,678000,13259.0,True,Yes,HR06,2020 Tata TIGOR XZ PLUS PETROL
328,Maruti,Baleno DELTA PETROL 1.2,Manual,2017.0,Petrol,1197.0,47472.0,1st owner,520000,10169.0,True,Yes,HR26,2017 Maruti Baleno DELTA PETROL 1.2
329,Volkswagen,Vento HIGHLINE PLUS 1.2 AT,Automatic,2019.0,Petrol,1197.0,30946.0,1st owner,1056000,20100.0,True,No,UP16,2019 Volkswagen Vento HIGHLINE PLUS 1.2 AT
330,Mahindra,XUV500 W7 AT,Automatic,2019.0,Diesel,2179.0,36879.0,2nd owner,1026000,22302.0,True,No,DL1C,2019 Mahindra XUV500 W7 AT
331,Honda,City 1.5L I-VTEC VX CVT,Automatic,2016.0,Petrol,1497.0,68957.0,1st owner,671000,13118.0,True,No,DL6C,2016 Honda City 1.5L I-VTEC VX CVT
332,Honda,City 1.5L I-VTEC VX CVT,Automatic,2014.0,Petrol,1497.0,69403.0,1st owner,553000,12308.0,True,No,HR26,2014 Honda City 1.5L I-VTEC VX CVT
333,Honda,City 1.5L I-VTEC S MT,Manual,2011.0,Petrol,1497.0,88490.0,1st owner,262000,12333.0,True,No,DL4C,2011 Honda City 1.5L I-VTEC S MT
334,Hyundai,GRAND I10 NIOS SPORTZ 1.2 KAPPA VTVT,Manual,2022.0,Petrol,1197.0,17035.0,1st owner,628000,12278.0,True,Yes,DL5C,2022 Hyundai GRAND I10 NIOS SPORTZ 1.2 KAPPA VTVT
335,Hyundai,Creta S 1.6 PETROL,Manual,2016.0,Petrol,1591.0,77095.0,1st owner,700000,13685.0,True,No,HR26,2016 Hyundai Creta S 1.6 PETROL
336,Maruti,Swift VXI ABS,Manual,2016.0,Petrol,1197.0,40875.0,1st owner,474000,9270.0,True,No,HR30,2016 Maruti Swift VXI ABS
337,Maruti,Baleno DELTA PETROL 1.2,Manual,2021.0,Petrol,1197.0,28415.0,1st owner,638000,12473.0,True,Yes,HR50,2021 Maruti Baleno DELTA PETROL 1.2
338,Tata,NEXON XM SUNROOF PETROL,Manual,2021.0,Petrol,1199.0,46101.0,1st owner,769000,15034.0,True,Yes,DL9C,2021 Tata NEXON XM SUNROOF PETROL
339,Hyundai,Grand i10 ASTA AT 1.2 KAPPA VTVT,Automatic,2014.0,Petrol,1197.0,36652.0,1st owner,393000,8742.0,True,No,HR26,2014 Hyundai Grand i10 ASTA AT 1.2 KAPPA VTVT
340,Maruti,Ciaz ALPHA 1.5 SHVS PETROL,Manual,2019.0,Petrol,1462.0,41735.0,1st owner,719000,14057.0,True,Yes,DL8C,2019 Maruti Ciaz ALPHA 1.5 SHVS PETROL
341,Maruti,Baleno ZETA CVT PETROL 1.2,Automatic,2019.0,Petrol,1197.0,22779.0,2nd owner,643000,12566.0,True,No,UP16,2019 Maruti Baleno ZETA CVT PETROL 1.2
342,Mahindra,XUV500 W9,Manual,2019.0,Diesel,2179.0,46648.0,1st owner,1099000,23895.0,True,No,UP14,2019 Mahindra XUV500 W9
343,Maruti,Wagon R 1.0 LX,Manual,2011.0,Petrol,998.0,93282.0,1st owner,163000,7664.0,True,Yes,DL3C,2011 Maruti Wagon R 1.0 LX
344,Tata,Tiago XZ PLUS PETROL,Manual,2020.0,Petrol,1199.0,67014.0,1st owner,489000,9556.0,True,No,HR36,2020 Tata Tiago XZ PLUS PETROL
345,Maruti,S PRESSO VXI CNG,Manual,2020.0,CNG,998.0,64311.0,1st owner,412000,8055.0,True,No,HR14,2020 Maruti S PRESSO VXI CNG
347,Mahindra,XUV300 W8 (O) 1.5 DIESEL,Manual,2021.0,Diesel,1497.0,18252.0,2nd owner,961000,18292.0,True,No,UP14,2021 Mahindra XUV300 W8 (O) 1.5 DIESEL
348,Honda,City 1.5L I-VTEC VX,Manual,2016.0,Petrol,1497.0,56424.0,2nd owner,609000,11906.0,True,Yes,HR26,2016 Honda City 1.5L I-VTEC VX
349,Hyundai,Creta E PLUS 1.6 PETROL,Manual,2018.0,Petrol,1591.0,103772.0,2nd owner,723000,16083.0,True,No,UP14,2018 Hyundai Creta E PLUS 1.6 PETROL
350,Maruti,Baleno DELTA PETROL 1.2,Manual,2021.0,Petrol,1197.0,29923.0,1st owner,606000,11844.0,True,No,HR26,2021 Maruti Baleno DELTA PETROL 1.2
351,Maruti,Baleno DELTA PETROL 1.2,Manual,2021.0,Petrol,1197.0,41436.0,1st owner,591000,11554.0,True,No,HR87,2021 Maruti Baleno DELTA PETROL 1.2
352,Renault,TRIBER RXT,Manual,2022.0,Petrol,999.0,7021.0,1st owner,629000,12297.0,True,No,HR87,2022 Renault TRIBER RXT
354,Tata,TIGOR XE PETROL,Manual,2021.0,Petrol,1199.0,29667.0,2nd owner,508000,9932.0,True,No,DL10,2021 Tata TIGOR XE PETROL
355,Hyundai,NEW SANTRO SPORTZ MT,Manual,2019.0,Petrol,1086.0,62309.0,1st owner,407000,7958.0,True,No,DL9C,2019 Hyundai NEW SANTRO SPORTZ MT
356,Volkswagen,Vento HIGHLINE PLUS 1.2 AT 16 ALLOY,Automatic,2019.0,Petrol,1197.0,58082.0,1st owner,910000,17321.0,True,Yes,HR26,2019 Volkswagen Vento HIGHLINE PLUS 1.2 AT 16 ALLOY
357,Hyundai,Grand i10 MAGNA 1.2 KAPPA VTVT,Manual,2015.0,Petrol,1197.0,29116.0,1st owner,363000,7106.0,True,Yes,UP16,2015 Hyundai Grand i10 MAGNA 1.2 KAPPA VTVT
358,Maruti,S PRESSO LXI,Manual,2020.0,Petrol,998.0,30782.0,1st owner,369000,7214.0,True,Yes,DL8C,2020 Maruti S PRESSO LXI
359,Honda,Jazz 1.2L I-VTEC V AT,Automatic,2017.0,Petrol,1199.0,95825.0,2nd owner,471000,9208.0,True,No,DL10,2017 Honda Jazz 1.2L I-VTEC V AT
360,Honda,Jazz 1.2L I-VTEC S,Manual,2017.0,Petrol,1199.0,59577.0,1st owner,416000,8133.0,True,No,DL1C,2017 Honda Jazz 1.2L I-VTEC S
361,Renault,TRIBER RXZ AMT,Automatic,2023.0,Petrol,999.0,21044.0,1st owner,741000,14487.0,True,No,DL12,2023 Renault TRIBER RXZ AMT
362,Renault,Kwid CLIMBER 1.0 (O),Manual,2020.0,Petrol,999.0,11812.0,1st owner,407000,7952.0,True,No,UP16,2020 Renault Kwid CLIMBER 1.0 (O)
363,Ford,Ecosport TITANIUM 1.5L DIESEL,Manual,2019.0,Diesel,1498.0,78701.0,1st owner,705000,15692.0,True,Yes,DL10,2019 Ford Ecosport TITANIUM 1.5L DIESEL
364,Hyundai,NEW SANTRO MAGNA,Manual,2021.0,Petrol,1086.0,13421.0,1st owner,472000,9228.0,True,No,DL9C,2021 Hyundai NEW SANTRO MAGNA
365,Hyundai,Xcent SX 1.2,Manual,2014.0,Petrol,1197.0,57224.0,1st owner,332000,7385.0,True,No,DL7C,2014 Hyundai Xcent SX 1.2
366,Renault,TRIBER RXZ,Manual,2023.0,Petrol,999.0,14050.0,1st owner,683000,13347.0,True,Yes,HR26,2023 Renault TRIBER RXZ
367,Mahindra,XUV500 W5,Manual,2019.0,Diesel,2179.0,55608.0,2nd owner,860000,18695.0,True,Yes,UP14,2019 Mahindra XUV500 W5
368,Maruti,Ciaz DELTA 1.5 SHVS MT PETROL,Manual,2018.0,Petrol,1462.0,51690.0,1st owner,665000,13001.0,True,No,HR87,2018 Maruti Ciaz DELTA 1.5 SHVS MT PETROL
369,Maruti,Baleno SIGMA PETROL 1.2,Manual,2021.0,Petrol,1197.0,20654.0,1st owner,603000,11796.0,True,No,DL3C,2021 Maruti Baleno SIGMA PETROL 1.2
370,Hyundai,Creta SX AT 1.6 PETROL,Automatic,2019.0,Petrol,1591.0,47323.0,1st owner,1096000,20861.0,True,No,HR26,2019 Hyundai Creta SX AT 1.6 PETROL
371,Maruti,Baleno DELTA PETROL 1.2,Manual,2018.0,Petrol,1197.0,35462.0,1st owner,535000,10459.0,True,No,HR26,2018 Maruti Baleno DELTA PETROL 1.2
372,Hyundai,AURA S 1.2,Manual,2021.0,Petrol,1197.0,30058.0,1st owner,610000,11926.0,True,No,UP14,2021 Hyundai AURA S 1.2
373,Renault,TRIBER RXE MT,Manual,2021.0,Petrol,999.0,28929.0,1st owner,525000,10259.0,True,No,HR26,2021 Renault TRIBER RXE MT
374,Mahindra,XUV300 W8 (O) 1.5 DIESEL AMT,Automatic,2020.0,Diesel,1497.0,64038.0,1st owner,862000,16407.0,True,Yes,DL10,2020 Mahindra XUV300 W8 (O) 1.5 DIESEL AMT
375,Maruti,Baleno DELTA PETROL 1.2,Manual,2021.0,Petrol,1197.0,25705.0,1st owner,669000,13079.0,True,No,UP32,2021 Maruti Baleno DELTA PETROL 1.2
376,Maruti,Celerio ZXI AMT (O),Automatic,2018.0,Petrol,998.0,35251.0,1st owner,448000,8753.0,True,No,HR26,2018 Maruti Celerio ZXI AMT (O)
377,Mahindra,XUV300 W4 1.5 DIESEL,Manual,2019.0,Diesel,1497.0,21843.0,2nd owner,692000,15396.0,True,No,DL8C,2019 Mahindra XUV300 W4 1.5 DIESEL
378,KIA,SONET HTK PLUS 1.0 IMT,Manual,2022.0,Petrol,998.0,15612.0,1st owner,954000,18167.0,True,No,HR34,2022 KIA SONET HTK PLUS 1.0 IMT
379,Hyundai,i20 SPORTZ 1.2,Manual,2014.0,Petrol,1197.0,33251.0,1st owner,389000,8664.0,True,No,DL7C,2014 Hyundai i20 SPORTZ 1.2
380,Hyundai,XCENT PRIME 	T+ CNG,Manual,2021.0,CNG,1197.0,30541.0,1st owner,631000,12336.0,True,No,DL5C,2021 Hyundai XCENT PRIME 	T+ CNG
382,Maruti,Ciaz ALPHA 1.4 PETROL,Manual,2017.0,Petrol,1373.0,43537.0,1st owner,647000,12647.0,True,No,HR26,2017 Maruti Ciaz ALPHA 1.4 PETROL
383,Hyundai,Creta SX PLUS AT 1.6 PETROL,Automatic,2017.0,Petrol,1591.0,76048.0,2nd owner,828000,15760.0,True,No,DL8C,2017 Hyundai Creta SX PLUS AT 1.6 PETROL
384,Maruti,IGNIS ALPHA 1.2,Manual,2018.0,Petrol,1197.0,31802.0,1st owner,555000,10848.0,True,Yes,HR26,2018 Maruti IGNIS ALPHA 1.2
385,Maruti,New Wagon-R ZXI 1.2,Manual,2022.0,Petrol,1197.0,13103.0,1st owner,568000,11105.0,True,Yes,DL11,2022 Maruti New Wagon-R ZXI 1.2
386,Maruti,New Wagon-R VXI CNG 1.0,Manual,2022.0,CNG,998.0,38261.0,1st owner,616000,12040.0,True,Yes,HR13,2022 Maruti New Wagon-R VXI CNG 1.0
387,Maruti,Celerio VXI,Manual,2019.0,Petrol,998.0,63194.0,1st owner,394000,7703.0,True,No,HR29,2019 Maruti Celerio VXI
388,KIA,SELTOS GTX PLUS AT 1.5 DIESEL,Automatic,2021.0,Diesel,1493.0,66666.0,1st owner,1492000,28399.0,True,Yes,UP14,2021 KIA SELTOS GTX PLUS AT 1.5 DIESEL
389,Maruti,Wagon R 1.0 LXI,Manual,2014.0,Petrol,998.0,32631.0,1st owner,288000,6403.0,True,No,DL2C,2014 Maruti Wagon R 1.0 LXI
390,Hyundai,GRAND I10 NIOS SPORTZ 1.2 KAPPA VTVT,Manual,2022.0,Petrol,1197.0,33898.0,1st owner,651000,12731.0,True,No,UP14,2022 Hyundai GRAND I10 NIOS SPORTZ 1.2 KAPPA VTVT
391,Maruti,Wagon R 1.0 LXI CNG,Manual,2018.0,CNG,998.0,80107.0,3rd owner,394000,7703.0,True,No,DL2C,2018 Maruti Wagon R 1.0 LXI CNG
392,Renault,Kwid RXT 1.0,Manual,2022.0,Petrol,999.0,15362.0,1st owner,408000,7969.0,True,No,DL7C,2022 Renault Kwid RXT 1.0
393,Maruti,Wagon R 1.0 LXI,Manual,2014.0,Petrol,998.0,64539.0,2nd owner,236000,5250.0,True,No,DL2C,2014 Maruti Wagon R 1.0 LXI
395,Hyundai,Grand i10 SPORTZ 1.2 KAPPA VTVT,Manual,2015.0,Petrol,1197.0,99453.0,1st owner,339000,6628.0,True,No,DL3C,2015 Hyundai Grand i10 SPORTZ 1.2 KAPPA VTVT
396,Honda,City 1.5L I-VTEC SV CVT,Automatic,2014.0,Petrol,1497.0,47445.0,2nd owner,472000,10510.0,True,Yes,DL4C,2014 Honda City 1.5L I-VTEC SV CVT
397,Maruti,Baleno ZETA PETROL 1.2,Manual,2019.0,Petrol,1197.0,30890.0,2nd owner,582000,11373.0,True,Yes,HR30,2019 Maruti Baleno ZETA PETROL 1.2
398,Honda,City 1.5L I-VTEC VX CVT,Automatic,2019.0,Petrol,1497.0,68275.0,1st owner,892000,16978.0,True,Yes,UP16,2019 Honda City 1.5L I-VTEC VX CVT
399,Ford,Ecosport TITANIUM 1.5L PETROL,Manual,2019.0,Petrol,1497.0,98296.0,2nd owner,616000,12043.0,True,No,UP81,2019 Ford Ecosport TITANIUM 1.5L PETROL
400,Hyundai,i20 SPORTZ 1.2,Manual,2011.0,Petrol,1197.0,89562.0,2nd owner,230000,10827.0,True,No,DL2C,2011 Hyundai i20 SPORTZ 1.2
401,Renault,Kwid RXT 1.0 (O),Manual,2022.0,Petrol,999.0,7168.0,1st owner,421000,8222.0,True,No,DL3C,2022 Renault Kwid RXT 1.0 (O)
402,Renault,Kwid RXT 1.0 (O),Manual,2019.0,Petrol,999.0,34562.0,1st owner,364000,7112.0,True,No,HR51,2019 Renault Kwid RXT 1.0 (O)
403,Honda,City 1.5L I-VTEC S MT,Manual,2011.0,Petrol,1497.0,61297.0,1st owner,234000,11015.0,True,No,UP16,2011 Honda City 1.5L I-VTEC S MT
404,Tata,NEXON XZ PLUS PETROL,Manual,2020.0,Petrol,1199.0,62836.0,1st owner,763000,14921.0,True,No,HR26,2020 Tata NEXON XZ PLUS PETROL
405,Tata,Tiago XZ PETROL,Manual,2021.0,Petrol,1199.0,47603.0,1st owner,530000,10357.0,True,Yes,UP37,2021 Tata Tiago XZ PETROL
406,Maruti,Ciaz VXI+,Manual,2015.0,Petrol,1373.0,119079.0,1st owner,427000,9498.0,True,No,DL3C,2015 Maruti Ciaz VXI+
407,Maruti,New Wagon-R VXI 1.0 AMT,Automatic,2020.0,Petrol,998.0,41307.0,2nd owner,477000,9318.0,True,Yes,DL9C,2020 Maruti New Wagon-R VXI 1.0 AMT
408,Nissan,MAGNITE XV PREMIUM TURBO,Manual,2022.0,Petrol,999.0,26583.0,1st owner,874000,16639.0,True,No,HR26,2022 Nissan MAGNITE XV PREMIUM TURBO
409,Tata,Tiago XZ PLUS PETROL,Manual,2021.0,Petrol,1199.0,19878.0,1st owner,574000,11231.0,True,Yes,DL10,2021 Tata Tiago XZ PLUS PETROL
410,Maruti,Ciaz VXI,Manual,2015.0,Petrol,1373.0,56050.0,1st owner,512000,10017.0,True,Yes,DL8C,2015 Maruti Ciaz VXI
411,Maruti,New Wagon-R ZXI 1.2,Manual,2019.0,Petrol,1197.0,34898.0,1st owner,474000,9267.0,True,Yes,DL8C,2019 Maruti New Wagon-R ZXI 1.2
412,Hyundai,Verna FLUIDIC 1.6 VTVT EX,Manual,2012.0,Petrol,1591.0,38005.0,1st owner,356000,11826.0,True,Yes,DL12,2012 Hyundai Verna FLUIDIC 1.6 VTVT EX
413,Renault,TRIBER RXL MT,Manual,2022.0,Petrol,999.0,21089.0,1st owner,613000,11981.0,True,No,DL10,2022 Renault TRIBER RXL MT
414,Hyundai,Creta SX (O) 1.4 TURBO DCT,Automatic,2020.0,Petrol,1353.0,57541.0,1st owner,1438000,27371.0,True,Yes,DL7C,2020 Hyundai Creta SX (O) 1.4 TURBO DCT
415,Renault,Kwid RXT 1.0 AMT (O),Automatic,2020.0,Petrol,999.0,12381.0,1st owner,399000,7810.0,True,No,DL9C,2020 Renault Kwid RXT 1.0 AMT (O)
416,Maruti,Baleno DELTA PETROL 1.2,Manual,2020.0,Petrol,1197.0,38482.0,1st owner,602000,11766.0,True,No,UP16,2020 Maruti Baleno DELTA PETROL 1.2
417,Maruti,S PRESSO VXI+,Manual,2020.0,Petrol,998.0,30057.0,1st owner,403000,7878.0,True,Yes,DL2C,2020 Maruti S PRESSO VXI+
418,Honda,City 1.5L I-VTEC V MT,Manual,2015.0,Petrol,1497.0,89726.0,1st owner,523000,10225.0,True,Yes,DL4C,2015 Honda City 1.5L I-VTEC V MT
419,Maruti,Baleno DELTA PETROL 1.2,Manual,2021.0,Petrol,1197.0,20120.0,1st owner,644000,12582.0,True,Yes,UP16,2021 Maruti Baleno DELTA PETROL 1.2
420,Honda,Brio VX MT,Manual,2015.0,Petrol,1198.0,96395.0,1st owner,327000,6392.0,True,No,UP14,2015 Honda Brio VX MT
421,Hyundai,i20 MAGNA 1.2,Manual,2011.0,Petrol,1197.0,97272.0,1st owner,189000,8897.0,True,No,HR26,2011 Hyundai i20 MAGNA 1.2
422,Maruti,Baleno ZETA PETROL 1.2,Manual,2016.0,Petrol,1197.0,58639.0,2nd owner,459000,8976.0,True,No,DL2C,2016 Maruti Baleno ZETA PETROL 1.2
423,Maruti,Baleno DELTA PETROL 1.2,Manual,2020.0,Petrol,1197.0,31279.0,1st owner,602000,11767.0,True,No,HR26,2020 Maruti Baleno DELTA PETROL 1.2
424,Hyundai,Grand i10 MAGNA 1.2 KAPPA VTVT,Manual,2015.0,Petrol,1197.0,99108.0,1st owner,322000,6295.0,True,Yes,DL12,2015 Hyundai Grand i10 MAGNA 1.2 KAPPA VTVT
425,Hyundai,Xcent S 1.2,Manual,2018.0,CNG,1197.0,90833.0,1st owner,462000,9032.0,True,Yes,HR51,2018 Hyundai Xcent S 1.2
427,Tata,NEXON XZ PLUS (O) PETROL DARK EDITION,Manual,2022.0,Petrol,1199.0,26202.0,1st owner,1038000,19750.0,True,No,HR26,2022 Tata NEXON XZ PLUS (O) PETROL DARK EDITION
428,Maruti,Wagon R Stingray VXI,Manual,2015.0,Petrol,998.0,66325.0,1st owner,312000,6092.0,True,No,DL9C,2015 Maruti Wagon R Stingray VXI
429,Mahindra,XUV500 W9,Manual,2019.0,Diesel,2179.0,42625.0,2nd owner,1055000,22938.0,True,No,UP14,2019 Mahindra XUV500 W9
430,Hyundai,VENUE SX PLUS 1.0 TURBO DCT,Automatic,2019.0,Petrol,998.0,72340.0,1st owner,877000,16695.0,True,No,HR26,2019 Hyundai VENUE SX PLUS 1.0 TURBO DCT
431,Maruti,Baleno DELTA PETROL 1.2,Manual,2020.0,Petrol,1197.0,60937.0,1st owner,589000,11511.0,True,Yes,DL8C,2020 Maruti Baleno DELTA PETROL 1.2
432,Maruti,Baleno ZETA PETROL 1.2,Manual,2020.0,Petrol,1197.0,35495.0,1st owner,659000,12884.0,True,Yes,HR26,2020 Maruti Baleno ZETA PETROL 1.2
433,Hyundai,Grand i10 MAGNA 1.2 KAPPA VTVT,Manual,2016.0,Petrol,1197.0,22581.0,1st owner,391000,7642.0,True,Yes,DL1C,2016 Hyundai Grand i10 MAGNA 1.2 KAPPA VTVT
434,Honda,City 1.5L I-VTEC VX CVT,Automatic,2016.0,Petrol,1497.0,30591.0,1st owner,729000,14252.0,True,No,HR26,2016 Honda City 1.5L I-VTEC VX CVT
435,Hyundai,Elite i20 SPORTZ 1.2,Manual,2017.0,Petrol,1197.0,47327.0,2nd owner,502000,9823.0,True,No,UP14,2017 Hyundai Elite i20 SPORTZ 1.2
436,Maruti,Ritz VXI,Manual,2011.0,Petrol,1197.0,43560.0,1st owner,185000,8709.0,True,No,DL9C,2011 Maruti Ritz VXI
437,Maruti,S PRESSO VXI+,Manual,2020.0,Petrol,998.0,18518.0,1st owner,408000,7985.0,True,No,HR26,2020 Maruti S PRESSO VXI+
438,Maruti,New Wagon-R LXI 1.0,Manual,2020.0,Petrol,998.0,54209.0,1st owner,451000,8826.0,True,No,HR26,2020 Maruti New Wagon-R LXI 1.0
439,Mahindra,XUV300 W8 (O) 1.2 PETROL,Manual,2023.0,Petrol,1197.0,12061.0,1st owner,1128000,21467.0,True,No,UP65,2023 Mahindra XUV300 W8 (O) 1.2 PETROL
440,Hyundai,Creta SX PLUS AT 1.6 PETROL,Automatic,2017.0,Petrol,1591.0,41908.0,1st owner,849000,16160.0,True,Yes,DL5C,2017 Hyundai Creta SX PLUS AT 1.6 PETROL
441,Hyundai,VENUE SX 1.0 TURBO,Manual,2020.0,Petrol,998.0,49650.0,1st owner,860000,16369.0,True,No,DL5C,2020 Hyundai VENUE SX 1.0 TURBO
442,Renault,TRIBER RXZ AMT,Automatic,2020.0,Petrol,999.0,13341.0,1st owner,664000,12991.0,True,No,HR26,2020 Renault TRIBER RXZ AMT
443,Renault,Kwid CLIMBER 1.0 (O),Manual,2022.0,Petrol,999.0,15517.0,1st owner,432000,8446.0,True,Yes,DL10,2022 Renault Kwid CLIMBER 1.0 (O)
444,Maruti,Swift VXI,Manual,2011.0,Petrol,1197.0,48906.0,1st owner,222000,10450.0,True,No,DL2C,2011 Maruti Swift VXI
445,Maruti,S PRESSO VXI+,Manual,2022.0,Petrol,998.0,21688.0,2nd owner,405000,7910.0,True,No,HR26,2022 Maruti S PRESSO VXI+
446,Hyundai,Grand i10 ASTA 1.2 KAPPA VTVT,Manual,2016.0,Petrol,1197.0,97502.0,1st owner,396000,7739.0,True,No,DL12,2016 Hyundai Grand i10 ASTA 1.2 KAPPA VTVT
447,Tata,NEXON XZA PLUS PETROL,Automatic,2021.0,Petrol,1199.0,36520.0,1st owner,888000,16898.0,True,No,UP16,2021 Tata NEXON XZA PLUS PETROL
448,Hyundai,Creta E PLUS 1.6 PETROL,Manual,2017.0,Petrol,1591.0,83038.0,1st owner,715000,13980.0,True,No,DL8C,2017 Hyundai Creta E PLUS 1.6 PETROL
449,KIA,SONET GTX PLUS 1.0 IMT,Manual,2022.0,Petrol,998.0,22732.0,1st owner,1084000,20633.0,True,No,UP32,2022 KIA SONET GTX PLUS 1.0 IMT
450,Maruti,Wagon R 1.0 VXI,Manual,2017.0,Petrol,998.0,43683.0,2nd owner,337000,6586.0,True,No,DL2C,2017 Maruti Wagon R 1.0 VXI
451,KIA,SELTOS HTK PLUS AT 1.5 DIESEL,Automatic,2020.0,Diesel,1493.0,82433.0,1st owner,1036000,19719.0,True,No,HR51,2020 KIA SELTOS HTK PLUS AT 1.5 DIESEL
452,Maruti,Baleno DELTA PETROL 1.2,Manual,2017.0,Petrol,1197.0,84098.0,1st owner,444000,8680.0,True,No,DL12,2017 Maruti Baleno DELTA PETROL 1.2
453,Ford,Ecosport TITANIUM 1.5L DIESEL,Manual,2019.0,Diesel,1498.0,71456.0,1st owner,695000,15467.0,True,No,HR51,2019 Ford Ecosport TITANIUM 1.5L DIESEL
454,Tata,Tiago XZ PLUS CNG,Manual,2022.0,CNG,1199.0,22213.0,1st owner,675000,13196.0,True,Yes,DL9C,2022 Tata Tiago XZ PLUS CNG
455,Hyundai,Xcent E+,Manual,2017.0,Petrol,1197.0,50492.0,2nd owner,400000,7820.0,True,No,HR29,2017 Hyundai Xcent E+
456,Hyundai,Creta SX PLUS AT 1.6 PETROL,Automatic,2017.0,Petrol,1591.0,74436.0,1st owner,817000,15551.0,True,Yes,DL4C,2017 Hyundai Creta SX PLUS AT 1.6 PETROL
457,Hyundai,Grand i10 SPORTZ 1.2 KAPPA VTVT,Manual,2013.0,Petrol,1197.0,71347.0,2nd owner,281000,7396.0,True,No,HR26,2013 Hyundai Grand i10 SPORTZ 1.2 KAPPA VTVT
458,Renault,TRIBER RXT,Manual,2020.0,Petrol,999.0,29244.0,1st owner,543000,10621.0,True,No,HR72,2020 Renault TRIBER RXT
459,Honda,City 1.5L I-VTEC V MT,Manual,2015.0,Petrol,1497.0,48941.0,1st owner,573000,11209.0,True,No,HR26,2015 Honda City 1.5L I-VTEC V MT
460,Ford,Ecosport TITANIUM 1.5L DIESEL,Manual,2019.0,Diesel,1498.0,68051.0,1st owner,703000,15638.0,True,No,HR26,2019 Ford Ecosport TITANIUM 1.5L DIESEL
461,Honda,Amaze 1.2L I-VTEC S AT,Automatic,2014.0,Petrol,1198.0,75833.0,1st owner,369000,8208.0,True,No,DL14,2014 Honda Amaze 1.2L I-VTEC S AT
462,Maruti,XL6 ZETA AT,Automatic,2021.0,Petrol,1462.0,27739.0,1st owner,1037000,19735.0,True,No,HR29,2021 Maruti XL6 ZETA AT
463,Maruti,Celerio ZXI AMT,Automatic,2016.0,Petrol,998.0,84574.0,1st owner,374000,7322.0,True,Yes,DL1C,2016 Maruti Celerio ZXI AMT
464,Hyundai,NEW SANTRO MAGNA CNG,Manual,2019.0,CNG,1086.0,75012.0,1st owner,437000,8537.0,True,No,HR52,2019 Hyundai NEW SANTRO MAGNA CNG
465,Honda,City 1.5L I-VTEC VX,Manual,2016.0,Petrol,1497.0,91272.0,2nd owner,606000,11849.0,True,Yes,DL10,2016 Honda City 1.5L I-VTEC VX
466,Maruti,Celerio ZXI AMT (O),Automatic,2017.0,Petrol,998.0,43600.0,1st owner,473000,9241.0,True,No,HR26,2017 Maruti Celerio ZXI AMT (O)
467,Maruti,Swift VXI,Manual,2011.0,Petrol,1197.0,28823.0,1st owner,223000,10513.0,True,No,DL1C,2011 Maruti Swift VXI
468,Honda,Brio VX MT,Manual,2013.0,Petrol,1198.0,78963.0,2nd owner,252000,6648.0,True,Yes,HR51,2013 Honda Brio VX MT
469,Maruti,Ciaz ZETA 1.4  AT PETROL,Automatic,2017.0,Petrol,1373.0,91712.0,1st owner,596000,11643.0,True,No,DL8C,2017 Maruti Ciaz ZETA 1.4  AT PETROL
470,Maruti,New Wagon-R VXI 1.0 AMT,Automatic,2022.0,Petrol,998.0,22666.0,1st owner,574000,11222.0,True,No,DL14,2022 Maruti New Wagon-R VXI 1.0 AMT
471,Ford,Ecosport TITANIUM 1.5L PETROL AT,Automatic,2017.0,Petrol,1499.0,48832.0,1st owner,605000,11832.0,True,Yes,HR51,2017 Ford Ecosport TITANIUM 1.5L PETROL AT
472,Maruti,Baleno DELTA PETROL 1.2,Manual,2017.0,Petrol,1197.0,31714.0,1st owner,485000,9482.0,True,No,DL2C,2017 Maruti Baleno DELTA PETROL 1.2
473,Maruti,Celerio ZXI AMT,Automatic,2016.0,Petrol,998.0,65734.0,1st owner,386000,7537.0,True,No,UP14,2016 Maruti Celerio ZXI AMT
474,Maruti,Ciaz ZETA 1.4  AT PETROL,Automatic,2017.0,Petrol,1373.0,93032.0,2nd owner,527000,10296.0,True,No,DL2C,2017 Maruti Ciaz ZETA 1.4  AT PETROL
475,Maruti,Baleno ZETA PETROL 1.2,Manual,2017.0,Petrol,1197.0,29508.0,2nd owner,511000,9999.0,True,Yes,DL9C,2017 Maruti Baleno ZETA PETROL 1.2
476,Maruti,Swift VXI,Manual,2011.0,Petrol,1197.0,28799.0,1st owner,222000,10456.0,True,No,HR26,2011 Maruti Swift VXI
477,Tata,Tiago XT CNG,Manual,2022.0,CNG,1199.0,19968.0,1st owner,626000,12238.0,True,No,HR98,2022 Tata Tiago XT CNG
478,Maruti,Dzire ZXI AMT,Automatic,2019.0,Petrol,1197.0,80225.0,1st owner,628000,12278.0,True,No,DL8C,2019 Maruti Dzire ZXI AMT
480,Renault,Kwid RXT 1.0 AMT (O),Automatic,2020.0,Petrol,999.0,52957.0,1st owner,397000,7761.0,True,No,DL3C,2020 Renault Kwid RXT 1.0 AMT (O)
481,Tata,Tiago XT CNG,Manual,2022.0,CNG,1199.0,12693.0,1st owner,624000,12199.0,True,Yes,DL5C,2022 Tata Tiago XT CNG
482,Maruti,S PRESSO LXI,Manual,2020.0,Petrol,998.0,39602.0,1st owner,344000,6731.0,True,No,UP16,2020 Maruti S PRESSO LXI
483,Maruti,Swift Dzire VXI,Manual,2012.0,Petrol,1197.0,54388.0,1st owner,280000,9291.0,True,No,DL3C,2012 Maruti Swift Dzire VXI
484,Maruti,Ciaz ALPHA 1.5 SHVS PETROL,Manual,2018.0,Petrol,1462.0,76461.0,2nd owner,687000,13434.0,True,No,UP16,2018 Maruti Ciaz ALPHA 1.5 SHVS PETROL
485,Mahindra,XUV300 W8 (O) 1.2 PETROL AMT,Automatic,2022.0,Petrol,1197.0,13045.0,1st owner,1127000,21451.0,True,Yes,HR51,2022 Mahindra XUV300 W8 (O) 1.2 PETROL AMT
486,Maruti,Baleno ZETA CVT PETROL 1.2,Automatic,2018.0,Petrol,1197.0,54458.0,2nd owner,522000,10211.0,True,No,HR87,2018 Maruti Baleno ZETA CVT PETROL 1.2
487,Maruti,Ciaz DELTA AT 1.5 SHVS PETROL,Automatic,2019.0,Petrol,1462.0,31561.0,1st owner,761000,14880.0,True,No,UP14,2019 Maruti Ciaz DELTA AT 1.5 SHVS PETROL
488,Maruti,Baleno DELTA PETROL 1.2,Manual,2021.0,Petrol,1197.0,33986.0,1st owner,644000,12582.0,True,Yes,UP14,2021 Maruti Baleno DELTA PETROL 1.2
489,Maruti,XL6 ZETA AT,Automatic,2019.0,Petrol,1462.0,54342.0,1st owner,921000,17530.0,True,No,HR70,2019 Maruti XL6 ZETA AT
490,Tata,TIGOR XZ PLUS CNG,Manual,2022.0,CNG,1199.0,39086.0,1st owner,747000,14607.0,True,Yes,DL14,2022 Tata TIGOR XZ PLUS CNG
491,MG,HECTOR SHARP 2.0 DIESEL,Manual,2021.0,Diesel,1956.0,64687.0,1st owner,1548000,29465.0,True,No,HR26,2021 MG HECTOR SHARP 2.0 DIESEL
492,Maruti,Baleno ZETA PETROL 1.2,Manual,2020.0,Petrol,1197.0,51871.0,2nd owner,610000,11933.0,True,No,HR26,2020 Maruti Baleno ZETA PETROL 1.2
493,Maruti,Baleno DELTA CVT PETROL 1.2,Automatic,2018.0,Petrol,1197.0,70318.0,1st owner,509000,9954.0,True,No,DL6C,2018 Maruti Baleno DELTA CVT PETROL 1.2
494,Hyundai,GRAND I10 NIOS MAGNA CORPORATE EDITION 1.2 KAPPA VTVT,Manual,2020.0,Petrol,1197.0,20631.0,2nd owner,531000,10381.0,True,Yes,DL8C,2020 Hyundai GRAND I10 NIOS MAGNA CORPORATE EDITION 1.2 KAPPA VTVT
495,Maruti,Wagon R 1.0 LXI,Manual,2012.0,Petrol,998.0,32697.0,1st owner,216000,7184.0,True,No,DL12,2012 Maruti Wagon R 1.0 LXI
496,Maruti,Baleno DELTA PETROL 1.2,Manual,2015.0,Petrol,1197.0,69308.0,1st owner,416000,8135.0,True,Yes,DL12,2015 Maruti Baleno DELTA PETROL 1.2
497,Maruti,Celerio VXI AMT,Automatic,2015.0,Petrol,998.0,64427.0,2nd owner,324000,6326.0,True,Yes,UP14,2015 Maruti Celerio VXI AMT
498,Maruti,Wagon R 1.0 VXI,Manual,2014.0,Petrol,998.0,65948.0,2nd owner,268000,5972.0,True,Yes,DL2C,2014 Maruti Wagon R 1.0 VXI
499,Honda,City 1.5L I-VTEC V MT,Manual,2014.0,Petrol,1497.0,50829.0,1st owner,497000,11045.0,True,No,HR26,2014 Honda City 1.5L I-VTEC V MT
500,Hyundai,i20 MAGNA 1.2,Manual,2011.0,Petrol,1197.0,34169.0,1st owner,215000,10121.0,True,No,DL3C,2011 Hyundai i20 MAGNA 1.2
501,Toyota,Etios V,Manual,2011.0,Petrol,1496.0,83914.0,1st owner,212000,9980.0,True,Yes,DL7C,2011 Toyota Etios V
502,Maruti,Ciaz VXI+,Manual,2015.0,Petrol,1373.0,109884.0,1st owner,424000,9432.0,True,No,DL14,2015 Maruti Ciaz VXI+
503,Renault,Kwid CLIMBER 1.0 (O),Manual,2020.0,Petrol,999.0,35932.0,1st owner,408000,7970.0,True,No,UP14,2020 Renault Kwid CLIMBER 1.0 (O)
504,Maruti,Celerio ZXI AMT (O),Automatic,2017.0,Petrol,998.0,41900.0,1st owner,396000,7736.0,True,No,UP14,2017 Maruti Celerio ZXI AMT (O)
505,Renault,Kwid CLIMBER 1.0 AMT (O),Automatic,2020.0,Petrol,999.0,21527.0,2nd owner,418000,8177.0,True,No,DL7C,2020 Renault Kwid CLIMBER 1.0 AMT (O)
506,Hyundai,Grand i10 ASTA AT 1.2 KAPPA VTVT,Automatic,2014.0,Petrol,1197.0,80495.0,2nd owner,360000,8014.0,True,Yes,DL10,2014 Hyundai Grand i10 ASTA AT 1.2 KAPPA VTVT
507,Maruti,Swift VXI,Manual,2013.0,Petrol,1197.0,82502.0,1st owner,281000,7406.0,True,No,HR51,2013 Maruti Swift VXI
508,Hyundai,i20 SPORTZ 1.2,Manual,2011.0,Petrol,1197.0,82650.0,1st owner,209000,9856.0,True,Yes,HR26,2011 Hyundai i20 SPORTZ 1.2
509,Maruti,S PRESSO VXI PLUS AMT,Automatic,2021.0,Petrol,998.0,27180.0,1st owner,466000,9104.0,True,No,DL9C,2021 Maruti S PRESSO VXI PLUS AMT
510,Honda,WR-V 1.5L I-DTEC VX MT,Manual,2020.0,Diesel,1498.0,45972.0,1st owner,692000,13525.0,True,No,HR26,2020 Honda WR-V 1.5L I-DTEC VX MT
511,Toyota,Etios Liva G,Manual,2013.0,Petrol,1197.0,103571.0,2nd owner,257000,6768.0,True,No,HR51,2013 Toyota Etios Liva G
512,Tata,NEXON XZ PLUS (O) PETROL DARK EDITION,Manual,2022.0,Petrol,1199.0,14842.0,1st owner,1002000,19080.0,True,No,DL3C,2022 Tata NEXON XZ PLUS (O) PETROL DARK EDITION
513,Maruti,Baleno ZETA CVT PETROL 1.2,Automatic,2017.0,Petrol,1197.0,40326.0,2nd owner,522000,10202.0,True,Yes,DL8C,2017 Maruti Baleno ZETA CVT PETROL 1.2
514,Hyundai,i20 SPORTZ 1.2,Manual,2011.0,Petrol,1197.0,71630.0,1st owner,209000,9838.0,True,Yes,DL3C,2011 Hyundai i20 SPORTZ 1.2
515,Honda,Amaze 1.2L I-VTEC S,Manual,2015.0,Petrol,1198.0,95876.0,1st owner,328000,6412.0,True,No,DL2C,2015 Honda Amaze 1.2L I-VTEC S
516,Maruti,Baleno ZETA CVT PETROL 1.2,Automatic,2018.0,Petrol,1197.0,37067.0,1st owner,608000,11879.0,True,Yes,UP32,2018 Maruti Baleno ZETA CVT PETROL 1.2
517,Hyundai,VENUE SX 1.0 TURBO IMT,Manual,2021.0,Petrol,998.0,50568.0,1st owner,881000,16769.0,True,No,DL7C,2021 Hyundai VENUE SX 1.0 TURBO IMT
518,Maruti,Ritz LXI,Manual,2011.0,Petrol,1197.0,41391.0,1st owner,181000,8520.0,True,No,DL1C,2011 Maruti Ritz LXI
519,Mahindra,XUV300 W8 (O) 1.2 PETROL,Manual,2020.0,Petrol,1197.0,31607.0,1st owner,859000,16350.0,True,No,HR26,2020 Mahindra XUV300 W8 (O) 1.2 PETROL
520,Hyundai,Creta EX 1.6 PETROL,Manual,2019.0,Petrol,1591.0,19577.0,1st owner,926000,17626.0,True,No,HR26,2019 Hyundai Creta EX 1.6 PETROL
521,Tata,NEXON XZ PLUS PETROL SUNROOF,Manual,2022.0,Petrol,1199.0,42490.0,1st owner,975000,18558.0,True,Yes,UP16,2022 Tata NEXON XZ PLUS PETROL SUNROOF
522,Mahindra,XUV300 W8 1.5 DIESEL AMT,Automatic,2020.0,Diesel,1497.0,64788.0,1st owner,883000,16803.0,True,No,HR51,2020 Mahindra XUV300 W8 1.5 DIESEL AMT
523,Ford,Ecosport TITANIUM 1.5L PETROL,Manual,2016.0,Petrol,1499.0,92575.0,1st owner,517000,10113.0,True,Yes,UP16,2016 Ford Ecosport TITANIUM 1.5L PETROL
524,Maruti,XL6 ZETA MT,Manual,2022.0,Petrol,1462.0,16405.0,1st owner,1060000,20176.0,True,No,HR51,2022 Maruti XL6 ZETA MT
525,Maruti,New Wagon-R LXI CNG (O) 1.0,Manual,2020.0,CNG,998.0,67693.0,1st owner,504000,9853.0,True,No,HR51,2020 Maruti New Wagon-R LXI CNG (O) 1.0
526,Maruti,New Wagon-R LXI 1.0,Manual,2022.0,Petrol,998.0,24887.0,1st owner,520000,10157.0,True,No,HR72,2022 Maruti New Wagon-R LXI 1.0
527,Maruti,Ciaz ZETA 1.4  AT PETROL,Automatic,2018.0,Petrol,1373.0,119997.0,1st owner,643000,14313.0,True,Yes,UP16,2018 Maruti Ciaz ZETA 1.4  AT PETROL
528,Maruti,Baleno DELTA PETROL 1.2,Manual,2015.0,Petrol,1197.0,75397.0,1st owner,406000,7933.0,True,No,DL12,2015 Maruti Baleno DELTA PETROL 1.2
529,Hyundai,Grand i10 MAGNA AT 1.2 KAPPA VTVT,Automatic,2016.0,Petrol,1197.0,25133.0,2nd owner,424000,8296.0,True,No,HR26,2016 Hyundai Grand i10 MAGNA AT 1.2 KAPPA VTVT
530,Maruti,Celerio X ZXI (O) AMT,Automatic,2018.0,Petrol,998.0,54534.0,2nd owner,412000,8050.0,True,No,UP14,2018 Maruti Celerio X ZXI (O) AMT
531,Mahindra,XUV300 W8 (O) 1.2 PETROL AMT,Automatic,2021.0,Petrol,1197.0,16848.0,1st owner,1108000,21084.0,True,No,HR98,2021 Mahindra XUV300 W8 (O) 1.2 PETROL AMT
532,Renault,Kwid CLIMBER 1.0 AMT (O),Automatic,2020.0,Petrol,999.0,24963.0,1st owner,442000,8637.0,True,No,UP16,2020 Renault Kwid CLIMBER 1.0 AMT (O)
533,Hyundai,Grand i10 ASTA AT 1.2 KAPPA VTVT,Automatic,2015.0,Petrol,1197.0,80208.0,2nd owner,434000,8480.0,True,Yes,DL8C,2015 Hyundai Grand i10 ASTA AT 1.2 KAPPA VTVT
534,Maruti,Swift LXI (O),Manual,2017.0,Petrol,1197.0,58539.0,1st owner,420000,8205.0,True,No,DL1C,2017 Maruti Swift LXI (O)
535,Maruti,Ciaz ALPHA 1.4 PETROL,Manual,2017.0,Petrol,1373.0,60227.0,1st owner,619000,12104.0,True,No,DL10,2017 Maruti Ciaz ALPHA 1.4 PETROL
536,Nissan,MAGNITE XL,Manual,2022.0,Petrol,999.0,15128.0,1st owner,616000,12051.0,True,No,DL3C,2022 Nissan MAGNITE XL
538,Toyota,Etios G,Manual,2015.0,Petrol,1496.0,94749.0,1st owner,325000,6344.0,True,Yes,DL12,2015 Toyota Etios G
539,Maruti,Celerio ZXI AMT (O),Automatic,2016.0,Petrol,998.0,47575.0,1st owner,429000,8387.0,True,Yes,DL12,2016 Maruti Celerio ZXI AMT (O)
540,Hyundai,Grand i10 ASTA 1.2 KAPPA VTVT,Manual,2016.0,Petrol,1197.0,72615.0,1st owner,412000,8061.0,True,No,HR29,2016 Hyundai Grand i10 ASTA 1.2 KAPPA VTVT
541,Hyundai,Grand i10 MAGNA 1.2 KAPPA VTVT,Manual,2017.0,Petrol,1197.0,60546.0,1st owner,386000,7546.0,True,No,DL8C,2017 Hyundai Grand i10 MAGNA 1.2 KAPPA VTVT
542,Maruti,S PRESSO VXI+,Manual,2020.0,Petrol,998.0,43141.0,2nd owner,386000,7550.0,True,No,DL12,2020 Maruti S PRESSO VXI+
543,Maruti,Baleno DELTA CVT PETROL 1.2,Automatic,2018.0,Petrol,1197.0,94466.0,1st owner,475000,9281.0,True,No,HR51,2018 Maruti Baleno DELTA CVT PETROL 1.2
544,Maruti,Swift VXI,Manual,2011.0,Petrol,1197.0,47760.0,1st owner,223000,10497.0,True,No,DL3C,2011 Maruti Swift VXI
545,Maruti,Ciaz DELTA 1.5 SHVS MT PETROL,Manual,2019.0,Petrol,1462.0,46705.0,1st owner,714000,13959.0,True,No,UP16,2019 Maruti Ciaz DELTA 1.5 SHVS MT PETROL
546,Honda,City 1.5L I-VTEC V MT,Manual,2015.0,Petrol,1497.0,60965.0,1st owner,551000,10770.0,True,No,HR26,2015 Honda City 1.5L I-VTEC V MT
547,Mahindra,XUV300 W8 (O) 1.2 PETROL,Manual,2019.0,Petrol,1197.0,48044.0,1st owner,836000,15912.0,True,No,DL12,2019 Mahindra XUV300 W8 (O) 1.2 PETROL
548,Tata,NEXON XZ PLUS PETROL SUNROOF,Manual,2021.0,Petrol,1199.0,29284.0,1st owner,939000,17878.0,True,Yes,DL11,2021 Tata NEXON XZ PLUS PETROL SUNROOF
549,Hyundai,i10 MAGNA 1.2,Manual,2011.0,Petrol,1197.0,65182.0,2nd owner,194000,9132.0,True,No,DL7C,2011 Hyundai i10 MAGNA 1.2
550,Mahindra,XUV500 W11 AT,Automatic,2019.0,Diesel,2179.0,53206.0,2nd owner,1202000,26145.0,True,Yes,UP16,2019 Mahindra XUV500 W11 AT
551,Mahindra,XUV300 W8(O) 1.2 PETROL DUAL TONE,Manual,2021.0,Petrol,1197.0,12532.0,1st owner,1011000,19250.0,True,Yes,DL12,2021 Mahindra XUV300 W8(O) 1.2 PETROL DUAL TONE
552,Maruti,Baleno ALPHA PETROL 1.2,Manual,2017.0,Petrol,1197.0,78186.0,1st owner,538000,10518.0,True,No,DL8C,2017 Maruti Baleno ALPHA PETROL 1.2
553,Maruti,Baleno ZETA CVT PETROL 1.2,Automatic,2017.0,Petrol,1197.0,36618.0,1st owner,542000,10596.0,True,Yes,DL7C,2017 Maruti Baleno ZETA CVT PETROL 1.2
554,Tata,TIGOR XZ PLUS CNG,Manual,2022.0,CNG,1199.0,37621.0,1st owner,723000,14141.0,True,No,UP14,2022 Tata TIGOR XZ PLUS CNG
555,Maruti,Ciaz VXI+,Manual,2015.0,Petrol,1373.0,94942.0,1st owner,470000,9189.0,True,No,DL9C,2015 Maruti Ciaz VXI+
556,Maruti,Ciaz ALPHA DIESEL 1.5,Manual,2019.0,Diesel,1498.0,92478.0,3rd owner,702000,15609.0,True,No,HR26,2019 Maruti Ciaz ALPHA DIESEL 1.5
557,Hyundai,i10 MAGNA 1.2,Manual,2011.0,Petrol,1197.0,75338.0,2nd owner,164000,7740.0,True,No,HR12,2011 Hyundai i10 MAGNA 1.2
559,Hyundai,i10 SPORTZ 1.2,Manual,2011.0,Petrol,1197.0,55760.0,2nd owner,178000,8396.0,True,No,DL10,2011 Hyundai i10 SPORTZ 1.2
560,Honda,Amaze 1.2L I-VTEC S,Manual,2019.0,CNG,1199.0,70849.0,2nd owner,514000,10051.0,True,No,HR26,2019 Honda Amaze 1.2L I-VTEC S
561,Maruti,Swift LXI,Manual,2019.0,Petrol,1197.0,57073.0,1st owner,447000,8739.0,True,No,DL5C,2019 Maruti Swift LXI
562,Maruti,Swift ZXI,Manual,2019.0,Petrol,1197.0,43834.0,1st owner,577000,11275.0,True,No,HR26,2019 Maruti Swift ZXI
563,Tata,ALTROZ XE PETROL,Manual,2021.0,Petrol,1199.0,10551.0,2nd owner,522000,10199.0,True,No,DL5C,2021 Tata ALTROZ XE PETROL
564,Maruti,BREZZA ZXI SMART HYBRID,Manual,2023.0,Petrol,1462.0,8502.0,2nd owner,994000,18920.0,True,No,HR87,2023 Maruti BREZZA ZXI SMART HYBRID
565,Mahindra,Thar LX PETROL HT 4WD AT,Automatic,2021.0,Petrol,1997.0,38659.0,2nd owner,1231000,23431.0,True,No,HR98,2021 Mahindra Thar LX PETROL HT 4WD AT
566,Toyota,URBAN CRUISER MID GRADE MT,Manual,2022.0,Petrol,1462.0,28970.0,1st owner,825000,15703.0,True,Yes,DL14,2022 Toyota URBAN CRUISER MID GRADE MT
567,Maruti,BREZZA ZXI SMART HYBRID,Manual,2023.0,Petrol,1462.0,7048.0,1st owner,1176000,22388.0,True,No,UP16,2023 Maruti BREZZA ZXI SMART HYBRID
568,Maruti,Dzire VXI,Manual,2020.0,Petrol,1197.0,44365.0,1st owner,583000,11396.0,True,No,DL12,2020 Maruti Dzire VXI
569,Hyundai,Elite i20 SPORTZ 1.2,Manual,2015.0,Petrol,1197.0,76596.0,2nd owner,397000,7761.0,True,Yes,DL7C,2015 Hyundai Elite i20 SPORTZ 1.2
570,KIA,SELTOS HTE 1.5 DIESEL,Manual,2022.0,Diesel,1493.0,36166.0,1st owner,1034000,19681.0,True,Yes,HR49,2022 KIA SELTOS HTE 1.5 DIESEL
571,MG,HECTOR SUPER 1.5 PETROL,Manual,2020.0,Petrol,1451.0,67143.0,1st owner,994000,18920.0,True,Yes,DL3C,2020 MG HECTOR SUPER 1.5 PETROL
572,Hyundai,Santro Xing GLS,Manual,2013.0,Petrol,1086.0,59572.0,1st owner,197000,5182.0,True,No,UP14,2013 Hyundai Santro Xing GLS
574,Maruti,Swift VXI AMT,Automatic,2021.0,Petrol,1197.0,11486.0,1st owner,616000,12043.0,True,No,DL9C,2021 Maruti Swift VXI AMT
575,Maruti,Ciaz VXI+,Manual,2015.0,Petrol,1373.0,45419.0,1st owner,459000,8974.0,True,Yes,DL5C,2015 Maruti Ciaz VXI+
576,Hyundai,NEW I20 N LINE N6 1.0 TURBO GDI IMT,Manual,2022.0,Petrol,998.0,10797.0,1st owner,919000,17489.0,True,No,UP14,2022 Hyundai NEW I20 N LINE N6 1.0 TURBO GDI IMT
577,Honda,Amaze 1.2L I-VTEC S,Manual,2022.0,Petrol,1199.0,10819.0,1st owner,708000,13842.0,True,No,DL5C,2022 Honda Amaze 1.2L I-VTEC S
578,Jeep,Compass LIMITED PLUS DIESEL 4X4,Manual,2019.0,Diesel,1956.0,36398.0,1st owner,1357000,29511.0,True,No,HR51,2019 Jeep Compass LIMITED PLUS DIESEL 4X4
579,Hyundai,Elite i20 MAGNA 1.2,Manual,2015.0,Petrol,1197.0,66783.0,1st owner,428000,8363.0,True,No,DL10,2015 Hyundai Elite i20 MAGNA 1.2
580,Jeep,Compass SPORT PLUS 2.0 DIESEL,Manual,2019.0,Diesel,1956.0,45323.0,1st owner,994000,21612.0,True,No,DL3C,2019 Jeep Compass SPORT PLUS 2.0 DIESEL
581,Mahindra,Thar LX PETROL HT 4WD AT,Automatic,2021.0,Petrol,1997.0,19467.0,1st owner,1334000,25391.0,True,Yes,HR98,2021 Mahindra Thar LX PETROL HT 4WD AT
582,Honda,Amaze 1.2L I-VTEC EX,Manual,2013.0,Petrol,1198.0,107855.0,2nd owner,249000,6551.0,True,No,HR20,2013 Honda Amaze 1.2L I-VTEC EX
583,Tata,Safari XMA,Automatic,2022.0,Diesel,1956.0,20858.0,1st owner,1715000,32649.0,True,No,HR98,2022 Tata Safari XMA
584,Honda,Amaze 1.2L I-VTEC S,Manual,2019.0,Petrol,1199.0,56996.0,1st owner,581000,11353.0,True,Yes,DL7C,2019 Honda Amaze 1.2L I-VTEC S
585,Honda,Brio VX AT,Automatic,2015.0,Petrol,1198.0,44303.0,1st owner,380000,7429.0,True,No,HR03,2015 Honda Brio VX AT
586,Hyundai,Grand i10 MAGNA 1.2 KAPPA VTVT,Manual,2018.0,Petrol,1197.0,41163.0,3rd owner,382000,7468.0,True,Yes,DL12,2018 Hyundai Grand i10 MAGNA 1.2 KAPPA VTVT
587,Honda,Amaze 1.2L I-VTEC S CVT,Automatic,2018.0,Petrol,1199.0,49616.0,2nd owner,553000,10811.0,True,No,DL1C,2018 Honda Amaze 1.2L I-VTEC S CVT
588,Maruti,Baleno ALPHA CVT PETROL 1.2,Automatic,2020.0,Petrol,1197.0,27579.0,2nd owner,670000,13092.0,True,No,DL9C,2020 Maruti Baleno ALPHA CVT PETROL 1.2
589,Maruti,Alto VXI,Manual,2022.0,Petrol,796.0,2116.0,1st owner,406000,7929.0,True,No,DL12,2022 Maruti Alto VXI
590,Honda,Amaze 1.2L I-VTEC S,Manual,2019.0,Petrol,1199.0,54392.0,1st owner,562000,10983.0,True,No,HR26,2019 Honda Amaze 1.2L I-VTEC S
591,Hyundai,i20 Active 1.2 SX,Manual,2015.0,Petrol,1197.0,51152.0,1st owner,477000,9325.0,True,No,DL8C,2015 Hyundai i20 Active 1.2 SX
592,Maruti,Dzire VXI,Manual,2020.0,Petrol,1197.0,30892.0,1st owner,608000,11886.0,True,Yes,DL8C,2020 Maruti Dzire VXI
593,Maruti,Wagon R 1.0 VXI,Manual,2017.0,Petrol,998.0,43944.0,1st owner,335000,6549.0,True,No,HR51,2017 Maruti Wagon R 1.0 VXI
594,Renault,TRIBER RXL MT,Manual,2022.0,Petrol,999.0,36809.0,2nd owner,652000,12741.0,True,No,UP14,2022 Renault TRIBER RXL MT
595,Tata,NEXON XZA PLUS DIESEL,Automatic,2022.0,Diesel,1497.0,34248.0,1st owner,1089000,20733.0,True,No,HR08,2022 Tata NEXON XZA PLUS DIESEL
596,Hyundai,Xcent S (O) 1.2,Manual,2014.0,Petrol,1197.0,88848.0,2nd owner,269000,5984.0,True,No,DL12,2014 Hyundai Xcent S (O) 1.2
597,Hyundai,i20 SPORTZ 1.2,Manual,2014.0,Petrol,1197.0,54137.0,1st owner,362000,8058.0,True,Yes,DL8C,2014 Hyundai i20 SPORTZ 1.2
598,Tata,NEXON XZ PLUS DIESEL SUNROOF,Manual,2020.0,Diesel,1497.0,25672.0,1st owner,938000,17854.0,True,No,HR98,2020 Tata NEXON XZ PLUS DIESEL SUNROOF
599,Maruti,Alto 800 LXI,Manual,2016.0,Petrol,796.0,49442.0,1st owner,234000,4575.0,True,No,UP81,2016 Maruti Alto 800 LXI
600,Tata,NEXON XZ PLUS PETROL,Manual,2022.0,Petrol,1199.0,30719.0,1st owner,831000,15819.0,True,No,HR98,2022 Tata NEXON XZ PLUS PETROL
601,Maruti,Swift LXI (O),Manual,2017.0,CNG,1197.0,88225.0,1st owner,407000,7957.0,True,No,HR51,2017 Maruti Swift LXI (O)
602,Mahindra,XUV500 W9 AT,Automatic,2019.0,Diesel,2179.0,47525.0,2nd owner,1119000,24330.0,True,Yes,DL8C,2019 Mahindra XUV500 W9 AT
603,Maruti,Wagon R 1.0 LXI,Manual,2014.0,Petrol,998.0,57918.0,2nd owner,251000,5583.0,True,No,DL5C,2014 Maruti Wagon R 1.0 LXI
604,Maruti,Baleno ALPHA CVT PETROL 1.2,Automatic,2019.0,Petrol,1197.0,47915.0,2nd owner,627000,12258.0,True,No,DL10,2019 Maruti Baleno ALPHA CVT PETROL 1.2
605,Maruti,Alto K10 VXI (O) AMT,Automatic,2017.0,Petrol,998.0,49080.0,1st owner,322000,6295.0,True,Yes,UP16,2017 Maruti Alto K10 VXI (O) AMT
606,Maruti,Baleno ZETA CVT PETROL 1.2,Automatic,2021.0,Petrol,1197.0,39272.0,2nd owner,710000,13877.0,True,No,HR26,2021 Maruti Baleno ZETA CVT PETROL 1.2
607,Hyundai,Grand i10 SPORTZ (O) AT 1.2 KAPPA VTVT,Automatic,2017.0,Petrol,1197.0,52658.0,1st owner,477000,9318.0,True,No,DL12,2017 Hyundai Grand i10 SPORTZ (O) AT 1.2 KAPPA VTVT
608,Maruti,Celerio VXI AMT,Automatic,2016.0,Petrol,998.0,68891.0,1st owner,360000,7044.0,True,Yes,DL9C,2016 Maruti Celerio VXI AMT
609,Honda,Jazz 1.2L I-VTEC V,Manual,2018.0,Petrol,1199.0,44929.0,1st owner,513000,10024.0,True,Yes,UP14,2018 Honda Jazz 1.2L I-VTEC V
610,Maruti,New Wagon-R LXI CNG (O) 1.0,Manual,2020.0,CNG,998.0,65103.0,1st owner,494000,9658.0,True,No,HR81,2020 Maruti New Wagon-R LXI CNG (O) 1.0
611,Hyundai,Xcent S (O) 1.2,Manual,2014.0,Petrol,1197.0,89712.0,2nd owner,297000,6607.0,True,Yes,DL3C,2014 Hyundai Xcent S (O) 1.2
612,Tata,NEXON XZA PLUS SUNROOF PETROL,Automatic,2021.0,Petrol,1199.0,43545.0,1st owner,912000,17359.0,True,Yes,UP16,2021 Tata NEXON XZA PLUS SUNROOF PETROL
613,Toyota,Etios VX,Manual,2011.0,Petrol,1496.0,71433.0,1st owner,232000,10921.0,True,No,DL4C,2011 Toyota Etios VX
614,Maruti,Baleno ZETA PETROL 1.2,Manual,2020.0,Petrol,1197.0,58514.0,1st owner,626000,12230.0,True,Yes,DL2C,2020 Maruti Baleno ZETA PETROL 1.2
615,Honda,Amaze 1.2L I-VTEC VX,Manual,2015.0,Petrol,1198.0,115667.0,1st owner,368000,8185.0,True,No,DL1C,2015 Honda Amaze 1.2L I-VTEC VX
616,Maruti,Dzire LXI,Manual,2019.0,Petrol,1197.0,29453.0,1st owner,519000,10146.0,True,No,DL9C,2019 Maruti Dzire LXI
617,Datsun,Redi Go T(O) 1.0,Manual,2020.0,Petrol,999.0,39841.0,1st owner,342000,6695.0,True,No,UP16,2020 Datsun Redi Go T(O) 1.0
618,Renault,TRIBER RXZ AMT,Automatic,2021.0,Petrol,999.0,24365.0,1st owner,679000,13265.0,True,No,HR26,2021 Renault TRIBER RXZ AMT
620,Honda,City 1.5L I-VTEC V MT,Manual,2015.0,CNG,1497.0,77885.0,1st owner,565000,14873.0,True,Yes,DL13,2015 Honda City 1.5L I-VTEC V MT
621,Maruti,IGNIS DELTA 1.2 AMT,Automatic,2018.0,Petrol,1197.0,42726.0,2nd owner,435000,8497.0,True,No,UP78,2018 Maruti IGNIS DELTA 1.2 AMT
622,Honda,Amaze 1.2L I-VTEC V,Manual,2019.0,Petrol,1199.0,37520.0,1st owner,630000,12314.0,True,Yes,UP16,2019 Honda Amaze 1.2L I-VTEC V
624,Maruti,Celerio VXI AMT,Automatic,2014.0,Petrol,998.0,102506.0,1st owner,291000,6478.0,True,Yes,UP14,2014 Maruti Celerio VXI AMT
625,KIA,CARENS LUXURY PLUS 1.4 PETROL 7 STR,Manual,2022.0,Petrol,1353.0,17046.0,2nd owner,1441000,27428.0,True,Yes,UP14,2022 KIA CARENS LUXURY PLUS 1.4 PETROL 7 STR
626,Hyundai,Elite i20 MAGNA 1.2,Manual,2016.0,Petrol,1197.0,84053.0,1st owner,434000,8493.0,True,Yes,DL8C,2016 Hyundai Elite i20 MAGNA 1.2
627,Hyundai,Creta S 1.6 PETROL,Manual,2016.0,Petrol,1591.0,69725.0,1st owner,684000,13366.0,True,No,UP14,2016 Hyundai Creta S 1.6 PETROL
628,Hyundai,AURA S 1.2 CNG,Manual,2022.0,CNG,1197.0,17709.0,1st owner,750000,14663.0,True,Yes,UP14,2022 Hyundai AURA S 1.2 CNG
629,KIA,SELTOS GTX PLUS AT 1.5 DIESEL,Automatic,2019.0,Diesel,1493.0,29529.0,1st owner,1249000,27156.0,True,No,UP81,2019 KIA SELTOS GTX PLUS AT 1.5 DIESEL
630,Datsun,Redi Go A,Manual,2018.0,Petrol,799.0,45255.0,1st owner,225000,4404.0,True,No,UP14,2018 Datsun Redi Go A
631,Hyundai,Elite i20 SPORTZ PLUS 1.2 DUAL TONE,Manual,2019.0,Petrol,1197.0,32118.0,1st owner,662000,12945.0,True,No,UP14,2019 Hyundai Elite i20 SPORTZ PLUS 1.2 DUAL TONE
632,Maruti,Wagon R 1.0 VXI,Manual,2016.0,Petrol,998.0,79338.0,1st owner,325000,6348.0,True,No,DL5C,2016 Maruti Wagon R 1.0 VXI
633,Honda,Brio S MT,Manual,2014.0,Petrol,1198.0,58114.0,1st owner,290000,6458.0,True,Yes,DL3C,2014 Honda Brio S MT
634,Maruti,Swift LXI,Manual,2020.0,Petrol,1197.0,39683.0,1st owner,485000,9478.0,True,Yes,UP14,2020 Maruti Swift LXI
636,Hyundai,Xcent E+,Manual,2018.0,CNG,1197.0,103921.0,1st owner,438000,9735.0,True,No,UP14,2018 Hyundai Xcent E+
638,Hyundai,GRAND I10 NIOS MAGNA 1.2 KAPPA VTVT,Manual,2021.0,Petrol,1197.0,14126.0,1st owner,553000,10813.0,True,Yes,UP16,2021 Hyundai GRAND I10 NIOS MAGNA 1.2 KAPPA VTVT
639,Maruti,Wagon R 1.0 LXI,Manual,2014.0,Petrol,998.0,53493.0,1st owner,262000,5824.0,True,No,DL5C,2014 Maruti Wagon R 1.0 LXI
640,MG,HECTOR SHARP HYBRID 1.5 PETROL,Manual,2021.0,Petrol,1451.0,38816.0,1st owner,1503000,28615.0,True,No,UP14,2021 MG HECTOR SHARP HYBRID 1.5 PETROL
641,Hyundai,AURA S 1.2,Manual,2022.0,Petrol,1197.0,25009.0,1st owner,657000,12849.0,True,Yes,DL5C,2022 Hyundai AURA S 1.2
642,Hyundai,Creta SX (O) 1.4 TURBO DCT,Automatic,2020.0,Petrol,1353.0,48230.0,2nd owner,1414000,26907.0,True,Yes,DL12,2020 Hyundai Creta SX (O) 1.4 TURBO DCT
643,Mahindra,Bolero B6 (O),Manual,2021.0,Diesel,1493.0,35315.0,1st owner,860000,16369.0,True,Yes,UP37,2021 Mahindra Bolero B6 (O)
644,Mahindra,Scorpio S11 2WD,Manual,2021.0,Diesel,2179.0,68721.0,1st owner,1480000,28170.0,True,No,UP14,2021 Mahindra Scorpio S11 2WD
646,Maruti,Swift LXI (O),Manual,2016.0,Petrol,1197.0,50176.0,1st owner,390000,7622.0,True,No,DL6C,2016 Maruti Swift LXI (O)
647,Maruti,Wagon R 1.0 LXI CNG,Manual,2018.0,CNG,998.0,65780.0,2nd owner,351000,6869.0,True,No,HR29,2018 Maruti Wagon R 1.0 LXI CNG
648,Hyundai,Verna 1.6 VTVT SX,Manual,2017.0,Petrol,1591.0,87228.0,1st owner,739000,14440.0,True,Yes,HR51,2017 Hyundai Verna 1.6 VTVT SX
649,Maruti,Swift VXI,Manual,2015.0,Petrol,1197.0,43805.0,1st owner,372000,7266.0,True,No,HR29,2015 Maruti Swift VXI
650,Maruti,Swift VXI AMT,Automatic,2021.0,Petrol,1197.0,29279.0,1st owner,647000,12652.0,True,No,DL3C,2021 Maruti Swift VXI AMT
652,Hyundai,Elite i20 MAGNA PLUS 1.2,Manual,2019.0,Petrol,1197.0,69807.0,3rd owner,447000,8735.0,True,No,HR51,2019 Hyundai Elite i20 MAGNA PLUS 1.2
653,KIA,SELTOS HTK PLUS 1.5 DIESEL IMT,Manual,2022.0,Diesel,1493.0,44548.0,1st owner,1340000,25506.0,True,No,HR87,2022 KIA SELTOS HTK PLUS 1.5 DIESEL IMT
654,Maruti,Wagon R 1.0 VXI,Manual,2014.0,CNG,998.0,81616.0,2nd owner,280000,9312.0,True,No,HR29,2014 Maruti Wagon R 1.0 VXI
655,Maruti,Alto 800 LXI,Manual,2018.0,Petrol,796.0,68182.0,2nd owner,272000,5319.0,True,No,HR51,2018 Maruti Alto 800 LXI
656,Maruti,Ciaz ALPHA  AT 1.5 SHVS PETROL,Automatic,2022.0,Petrol,1462.0,29231.0,1st owner,1055000,20081.0,True,No,HR51,2022 Maruti Ciaz ALPHA  AT 1.5 SHVS PETROL
657,Maruti,IGNIS DELTA 1.2,Manual,2018.0,Petrol,1197.0,57568.0,1st owner,432000,8443.0,True,Yes,HR51,2018 Maruti IGNIS DELTA 1.2
658,Maruti,Dzire VXI,Manual,2019.0,Petrol,1197.0,43305.0,1st owner,553000,10811.0,True,No,HR05,2019 Maruti Dzire VXI
659,Renault,Kwid RXL 1.0 AMT,Automatic,2017.0,Petrol,999.0,56687.0,1st owner,279000,5457.0,True,Yes,HR87,2017 Renault Kwid RXL 1.0 AMT
660,Mahindra,Kuv100 K4 6 STR,Manual,2016.0,Petrol,1198.0,27368.0,1st owner,337000,6588.0,True,No,HR51,2016 Mahindra Kuv100 K4 6 STR
662,Honda,City 1.5L I-VTEC V MT,Manual,2017.0,Petrol,1497.0,70725.0,2nd owner,613000,11992.0,True,Yes,HR10,2017 Honda City 1.5L I-VTEC V MT
663,KIA,SELTOS GTX PLUS DCT 1.4 PETROL,Automatic,2021.0,Petrol,1353.0,13153.0,1st owner,1491000,28380.0,True,No,HR51,2021 KIA SELTOS GTX PLUS DCT 1.4 PETROL
664,Honda,Amaze 1.2L I-VTEC S,Manual,2019.0,Petrol,1199.0,58524.0,2nd owner,504000,9851.0,True,No,HR29,2019 Honda Amaze 1.2L I-VTEC S
665,Maruti,Vitara Brezza ZXI,Manual,2020.0,Petrol,1462.0,82142.0,1st owner,730000,14268.0,True,No,DL3C,2020 Maruti Vitara Brezza ZXI
666,Hyundai,i20 SPORTZ 1.2,Manual,2014.0,CNG,1197.0,83724.0,2nd owner,362000,12031.0,True,No,HR26,2014 Hyundai i20 SPORTZ 1.2
667,Maruti,Wagon R 1.0 VXI,Manual,2013.0,Petrol,998.0,19147.0,2nd owner,247000,6494.0,True,No,DL5C,2013 Maruti Wagon R 1.0 VXI
668,Hyundai,NEW SANTRO SPORTZ CNG,Manual,2019.0,CNG,1086.0,63126.0,1st owner,474000,9265.0,True,No,HR29,2019 Hyundai NEW SANTRO SPORTZ CNG
669,Hyundai,Elite i20 ASTA 1.2,Manual,2015.0,CNG,1197.0,71476.0,1st owner,443000,11666.0,True,No,HR51,2015 Hyundai Elite i20 ASTA 1.2
670,Tata,TIGOR XZ PLUS CNG,Manual,2022.0,CNG,1199.0,40949.0,1st owner,721000,14087.0,True,Yes,UP16,2022 Tata TIGOR XZ PLUS CNG
671,Maruti,Alto K10 VXI,Manual,2017.0,Petrol,998.0,98904.0,1st owner,273000,5332.0,True,No,DL8C,2017 Maruti Alto K10 VXI
673,Ford,Ecosport TREND 1.5L PETROL,Manual,2013.0,Petrol,1499.0,79269.0,1st owner,335000,8822.0,True,No,DL10,2013 Ford Ecosport TREND 1.5L PETROL
674,Honda,WR-V 1.2L I-VTEC VX MT,Manual,2017.0,Petrol,1199.0,52817.0,2nd owner,537000,10500.0,True,No,DL10,2017 Honda WR-V 1.2L I-VTEC VX MT
675,Hyundai,Elite i20 SPORTZ 1.2,Manual,2015.0,Petrol,1197.0,101695.0,2nd owner,429000,9537.0,True,No,UP16,2015 Hyundai Elite i20 SPORTZ 1.2
676,Maruti,Dzire ZXI PLUS,Manual,2018.0,Petrol,1197.0,76745.0,1st owner,590000,11538.0,True,No,UP16,2018 Maruti Dzire ZXI PLUS
677,Maruti,S PRESSO VXI PLUS AMT,Automatic,2020.0,Petrol,998.0,31302.0,1st owner,436000,8530.0,True,Yes,DL2C,2020 Maruti S PRESSO VXI PLUS AMT
678,Hyundai,GRAND I10 NIOS SPORTZ AMT 1.2 KAPPA VTVT,Automatic,2019.0,Petrol,1197.0,23115.0,1st owner,607000,11861.0,True,Yes,DL8C,2019 Hyundai GRAND I10 NIOS SPORTZ AMT 1.2 KAPPA VTVT
679,KIA,SELTOS HTK PLUS 1.5 IMT,Manual,2022.0,Petrol,1497.0,29134.0,1st owner,1222000,23260.0,True,Yes,UP16,2022 KIA SELTOS HTK PLUS 1.5 IMT
680,Maruti,Baleno ZETA CVT PETROL 1.2,Automatic,2016.0,Petrol,1197.0,89112.0,1st owner,475000,9289.0,True,Yes,DL12,2016 Maruti Baleno ZETA CVT PETROL 1.2
681,Maruti,IGNIS ZETA 1.2 AMT,Automatic,2022.0,Petrol,1197.0,20115.0,1st owner,625000,12215.0,True,Yes,UP16,2022 Maruti IGNIS ZETA 1.2 AMT
682,Mahindra,XUV700 AX 3 D AT 5 STR,Automatic,2022.0,Diesel,2184.0,26005.0,1st owner,1593000,30326.0,True,No,UP16,2022 Mahindra XUV700 AX 3 D AT 5 STR
683,Honda,BR-V 1.5L I-VTEC S,Manual,2018.0,Petrol,1497.0,35709.0,1st owner,721000,14087.0,True,Yes,UP16,2018 Honda BR-V 1.5L I-VTEC S
684,Ford,Ecosport TITANIUM 1.5L DIESEL,Manual,2021.0,Diesel,1498.0,70310.0,1st owner,831000,15822.0,True,Yes,UP14,2021 Ford Ecosport TITANIUM 1.5L DIESEL
685,Maruti,Swift ZXI PLUS,Manual,2018.0,Petrol,1197.0,73844.0,2nd owner,537000,10489.0,True,No,HR51,2018 Maruti Swift ZXI PLUS
686,Hyundai,Elite i20 SPORTZ 1.2,Manual,2015.0,Petrol,1197.0,54932.0,1st owner,455000,8888.0,True,No,HR26,2015 Hyundai Elite i20 SPORTZ 1.2
687,Honda,Amaze 1.2L I-VTEC S,Manual,2017.0,Petrol,1198.0,45651.0,2nd owner,424000,8287.0,True,No,HR51,2017 Honda Amaze 1.2L I-VTEC S
688,Tata,Tiago XZ PETROL,Manual,2017.0,Petrol,1199.0,73180.0,1st owner,387000,7560.0,True,No,UP16,2017 Tata Tiago XZ PETROL
689,Maruti,Swift VXI,Manual,2021.0,Petrol,1197.0,52266.0,1st owner,584000,11413.0,True,No,UP16,2021 Maruti Swift VXI
690,Hyundai,NEW I20 SPORTZ 1.2 MT,Manual,2021.0,Petrol,1197.0,44186.0,1st owner,709000,13856.0,True,Yes,DL7C,2021 Hyundai NEW I20 SPORTZ 1.2 MT
691,Honda,City 1.5L I-VTEC V MT,Manual,2016.0,CNG,1497.0,71930.0,2nd owner,570000,12677.0,True,No,HR29,2016 Honda City 1.5L I-VTEC V MT
692,Maruti,Alto K10 VXI,Manual,2023.0,Petrol,998.0,7540.0,1st owner,466000,9119.0,True,Yes,UP16,2023 Maruti Alto K10 VXI
693,Maruti,Eeco 5 STR AC CNG,Manual,2023.0,CNG,1197.0,28162.0,1st owner,614000,12004.0,True,No,UP14,2023 Maruti Eeco 5 STR AC CNG
694,Honda,WR-V 1.2L I-VTEC VX MT,Manual,2019.0,Petrol,1199.0,79639.0,1st owner,694000,13573.0,True,No,DL10,2019 Honda WR-V 1.2L I-VTEC VX MT
695,Tata,NEXON XM PETROL,Manual,2018.0,Petrol,1198.0,36153.0,2nd owner,548000,10712.0,True,No,DL10,2018 Tata NEXON XM PETROL
696,MG,HECTOR SAVVY PRO 1.5 TURBO CVT PETROL,Automatic,2023.0,Petrol,1451.0,30857.0,1st owner,2004000,38144.0,True,No,UP16,2023 MG HECTOR SAVVY PRO 1.5 TURBO CVT PETROL
697,Ford,Ecosport TITANIUM 1.5L DIESEL,Manual,2021.0,Diesel,1498.0,24617.0,1st owner,873000,16617.0,True,No,UP16,2021 Ford Ecosport TITANIUM 1.5L DIESEL
698,Tata,Safari XZA,Automatic,2022.0,Diesel,1956.0,44610.0,1st owner,1655000,31501.0,True,No,UP16,2022 Tata Safari XZA
699,Nissan,Micra XL PETROL,Manual,2012.0,Petrol,1198.0,86119.0,1st owner,184000,6102.0,True,Yes,DL1C,2012 Nissan Micra XL PETROL
700,Mahindra,XUV300 W8 (O) 1.5 DIESEL,Manual,2023.0,Diesel,1497.0,6428.0,1st owner,1400000,26648.0,True,Yes,UP16,2023 Mahindra XUV300 W8 (O) 1.5 DIESEL
701,Hyundai,Eon ERA +,Manual,2014.0,Petrol,814.0,43937.0,1st owner,218000,4851.0,True,Yes,DL2C,2014 Hyundai Eon ERA +
702,Honda,City 1.5L I-VTEC V CVT 5TH GEN,Automatic,2022.0,Petrol,1498.0,9308.0,1st owner,1144000,21775.0,True,Yes,UP16,2022 Honda City 1.5L I-VTEC V CVT 5TH GEN
703,Hyundai,Creta E PLUS 1.6 PETROL,Manual,2017.0,Petrol,1591.0,31841.0,1st owner,771000,15081.0,True,No,UP16,2017 Hyundai Creta E PLUS 1.6 PETROL
704,Honda,Amaze 1.2L I-VTEC V CVT,Automatic,2019.0,Petrol,1498.0,49976.0,1st owner,660000,12895.0,True,Yes,UP16,2019 Honda Amaze 1.2L I-VTEC V CVT
705,Hyundai,Verna FLUIDIC 1.6 VTVT SX OPT,Manual,2013.0,Petrol,1591.0,77451.0,2nd owner,387000,10190.0,True,Yes,DL12,2013 Hyundai Verna FLUIDIC 1.6 VTVT SX OPT
706,Hyundai,Creta E PLUS 1.6 PETROL,Manual,2017.0,Petrol,1591.0,53041.0,2nd owner,701000,13707.0,True,No,DL1C,2017 Hyundai Creta E PLUS 1.6 PETROL
707,Maruti,Swift ZXI,Manual,2014.0,Petrol,1197.0,73079.0,1st owner,372000,8277.0,True,Yes,DL3C,2014 Maruti Swift ZXI
708,Toyota,Innova Crysta 2.7 VX 7 STR,Manual,2022.0,Petrol,2694.0,21296.0,1st owner,2051000,39039.0,True,No,UP16,2022 Toyota Innova Crysta 2.7 VX 7 STR
709,Honda,Amaze 1.2L I-VTEC S,Manual,2015.0,Petrol,1198.0,27779.0,1st owner,367000,7174.0,True,No,HR51,2015 Honda Amaze 1.2L I-VTEC S
710,Ford,Ecosport TITANIUM 1.5L PETROL,Manual,2019.0,Petrol,1497.0,74910.0,1st owner,692000,13526.0,True,No,HR51,2019 Ford Ecosport TITANIUM 1.5L PETROL
711,Hyundai,GRAND I10 NIOS MAGNA 1.2 KAPPA VTVT,Manual,2019.0,Petrol,1197.0,72742.0,1st owner,462000,9041.0,True,No,HR72,2019 Hyundai GRAND I10 NIOS MAGNA 1.2 KAPPA VTVT
712,Tata,Safari XZA PLUS GOLD 6 S,Automatic,2021.0,Diesel,1956.0,62380.0,1st owner,1864000,35474.0,True,Yes,HR26,2021 Tata Safari XZA PLUS GOLD 6 S
713,Honda,Jazz 1.2L I-VTEC V CVT,Automatic,2021.0,Petrol,1199.0,30141.0,1st owner,786000,15359.0,True,No,DL4C,2021 Honda Jazz 1.2L I-VTEC V CVT
714,Renault,Duster RXS CVT,Automatic,2018.0,Petrol,1498.0,107311.0,1st owner,614000,13660.0,True,No,HR26,2018 Renault Duster RXS CVT
715,Maruti,Alto LXI OPT CNG,Manual,2022.0,CNG,796.0,21397.0,1st owner,427000,8339.0,True,Yes,HR72,2022 Maruti Alto LXI OPT CNG
717,Hyundai,Verna 1.6 VTVT SX,Manual,2017.0,Petrol,1591.0,97913.0,2nd owner,676000,13221.0,True,No,HR26,2017 Hyundai Verna 1.6 VTVT SX
718,Maruti,Alto K10 VXI AMT,Automatic,2016.0,Petrol,998.0,44902.0,2nd owner,289000,5659.0,True,No,HR36,2016 Maruti Alto K10 VXI AMT
719,Hyundai,Grand i10 SPORTZ 1.2 KAPPA VTVT,Manual,2019.0,Petrol,1197.0,42870.0,1st owner,498000,9743.0,True,Yes,UP78,2019 Hyundai Grand i10 SPORTZ 1.2 KAPPA VTVT
720,Honda,Amaze 1.5L I-DTEC V,Manual,2018.0,Diesel,1498.0,33476.0,1st owner,752000,14700.0,True,No,KA53,2018 Honda Amaze 1.5L I-DTEC V
721,Honda,City 1.5L I-VTEC V MT,Manual,2013.0,Petrol,1497.0,84818.0,1st owner,471000,12402.0,True,No,KA51,2013 Honda City 1.5L I-VTEC V MT
723,Ford,Ecosport TITANIUM 1.5L PETROL,Manual,2016.0,Petrol,1499.0,71617.0,1st owner,625000,12224.0,True,No,KA03,2016 Ford Ecosport TITANIUM 1.5L PETROL
724,Renault,Duster 85 PS RXZ DIESEL,Manual,2017.0,Diesel,1461.0,71918.0,2nd owner,749000,14645.0,True,No,KA51,2017 Renault Duster 85 PS RXZ DIESEL
725,Maruti,Alto K10 VXI,Manual,2016.0,Petrol,998.0,65574.0,3rd owner,318000,6217.0,True,No,KA50,2016 Maruti Alto K10 VXI
726,Maruti,Celerio VXI AMT,Automatic,2018.0,Petrol,998.0,40683.0,1st owner,504000,9862.0,True,No,KA03,2018 Maruti Celerio VXI AMT
727,Maruti,Baleno DELTA PETROL 1.2,Manual,2022.0,Petrol,1197.0,23050.0,1st owner,754000,14741.0,True,No,KA41,2022 Maruti Baleno DELTA PETROL 1.2
728,Hyundai,i20 SPORTZ 1.4 CRDI,Manual,2014.0,Diesel,1396.0,35024.0,1st owner,520000,13685.0,True,No,KA04,2014 Hyundai i20 SPORTZ 1.4 CRDI
729,Mahindra,XUV700 AX 7 LUXURY P AT 7 STR,Automatic,2023.0,Petrol,1997.0,11330.0,1st owner,2487000,47338.0,True,No,KA01,2023 Mahindra XUV700 AX 7 LUXURY P AT 7 STR
730,Tata,ALTROZ XZ PETROL,Manual,2020.0,Petrol,1199.0,11336.0,1st owner,735000,14370.0,True,No,KA53,2020 Tata ALTROZ XZ PETROL
731,Renault,Kwid RXT 1.0 AMT (O),Automatic,2020.0,Petrol,999.0,24745.0,1st owner,483000,9435.0,True,No,KA53,2020 Renault Kwid RXT 1.0 AMT (O)
732,Mahindra,Thar LX P 2WD AT HT,Automatic,2023.0,Petrol,1997.0,11796.0,1st owner,1445000,27504.0,True,Yes,KA05,2023 Mahindra Thar LX P 2WD AT HT
733,Maruti,Celerio ZXI,Manual,2015.0,Petrol,998.0,31672.0,1st owner,414000,8086.0,True,No,KA51,2015 Maruti Celerio ZXI
734,Hyundai,Grand i10 MAGNA 1.2 KAPPA VTVT,Manual,2018.0,Petrol,1197.0,26623.0,2nd owner,483000,9439.0,True,No,KA04,2018 Hyundai Grand i10 MAGNA 1.2 KAPPA VTVT
735,Maruti,Celerio ZXI AMT (O),Automatic,2019.0,Petrol,998.0,56397.0,1st owner,483000,9444.0,True,No,KA18,2019 Maruti Celerio ZXI AMT (O)
737,Renault,Kwid RXT 1.0 AMT (O),Automatic,2017.0,Petrol,999.0,46878.0,2nd owner,357000,6985.0,True,No,KA53,2017 Renault Kwid RXT 1.0 AMT (O)
738,Maruti,Wagon R 1.0 VXI AMT,Automatic,2016.0,Petrol,998.0,21014.0,1st owner,431000,8426.0,True,No,KA05,2016 Maruti Wagon R 1.0 VXI AMT
739,Maruti,Celerio ZXI,Manual,2015.0,Petrol,998.0,69696.0,1st owner,418000,8163.0,True,No,KA25,2015 Maruti Celerio ZXI
740,Hyundai,Elite i20 ASTA 1.2 (O),Manual,2016.0,Petrol,1197.0,43248.0,1st owner,658000,12861.0,True,No,KA53,2016 Hyundai Elite i20 ASTA 1.2 (O)
741,Tata,ALTROZ XZ I-TURBO PETROL,Manual,2023.0,Petrol,1199.0,14929.0,1st owner,897000,17074.0,True,No,KA18,2023 Tata ALTROZ XZ I-TURBO PETROL
742,Renault,TRIBER RXL MT,Manual,2021.0,Petrol,999.0,54387.0,1st owner,590000,11529.0,True,No,KA01,2021 Renault TRIBER RXL MT
743,KIA,SELTOS HTK PLUS 1.5 DIESEL,Manual,2019.0,Diesel,1493.0,40508.0,2nd owner,1120000,21318.0,True,No,KA51,2019 KIA SELTOS HTK PLUS 1.5 DIESEL
744,Hyundai,i10 SPORTZ 1.2,Manual,2013.0,Petrol,1197.0,97083.0,1st owner,350000,9222.0,True,No,KA51,2013 Hyundai i10 SPORTZ 1.2
745,Tata,ALTROZ XZ I-TURBO PETROL,Manual,2022.0,Petrol,1199.0,16535.0,1st owner,866000,16478.0,True,No,KA01,2022 Tata ALTROZ XZ I-TURBO PETROL
747,Volkswagen,Ameo HIGHLINE PLUS 1.5L AT 16 ALLOY,Automatic,2018.0,Diesel,1498.0,63632.0,2nd owner,692000,13527.0,True,No,KA09,2018 Volkswagen Ameo HIGHLINE PLUS 1.5L AT 16 ALLOY
748,Tata,Harrier XT PLUS 2.0L KRYOTEC,Manual,2022.0,Diesel,1956.0,49190.0,1st owner,1687000,32110.0,True,Yes,KA33,2022 Tata Harrier XT PLUS 2.0L KRYOTEC
749,KIA,SELTOS HTK PLUS AT 1.5 DIESEL,Automatic,2020.0,Diesel,1493.0,94361.0,2nd owner,1020000,19415.0,True,No,KA22,2020 KIA SELTOS HTK PLUS AT 1.5 DIESEL
750,Renault,Kwid RXT 1.0 AMT (O),Automatic,2020.0,Petrol,999.0,27782.0,1st owner,483000,9441.0,True,No,KA51,2020 Renault Kwid RXT 1.0 AMT (O)
751,Maruti,Celerio ZXI,Manual,2017.0,Petrol,998.0,38004.0,2nd owner,452000,8837.0,True,No,KA01,2017 Maruti Celerio ZXI
752,Maruti,Swift Dzire ZXI,Manual,2016.0,Petrol,1197.0,57333.0,1st owner,619000,12104.0,True,No,KA53,2016 Maruti Swift Dzire ZXI
753,Hyundai,Verna 1.6 CRDI SX,Manual,2016.0,Diesel,1582.0,69384.0,2nd owner,730000,14278.0,True,No,KA53,2016 Hyundai Verna 1.6 CRDI SX
754,Hyundai,NEW I20 ASTA 1.2 AT,Automatic,2021.0,Petrol,1197.0,30962.0,2nd owner,863000,16418.0,True,No,KA51,2021 Hyundai NEW I20 ASTA 1.2 AT
755,Renault,TRIBER RXZ,Manual,2021.0,Petrol,999.0,37624.0,1st owner,706000,13811.0,True,No,KA05,2021 Renault TRIBER RXZ
756,Maruti,IGNIS ZETA 1.2,Manual,2023.0,Petrol,1197.0,19575.0,1st owner,692000,13525.0,True,No,KA04,2023 Maruti IGNIS ZETA 1.2
757,Hyundai,Creta SX PLUS AT 1.6 DIESEL,Automatic,2015.0,Diesel,1582.0,106215.0,1st owner,835000,18155.0,True,Yes,KA19,2015 Hyundai Creta SX PLUS AT 1.6 DIESEL
758,Maruti,Alto K10 VXI PLUS,Manual,2023.0,Petrol,998.0,9152.0,1st owner,541000,10586.0,True,No,KA25,2023 Maruti Alto K10 VXI PLUS
759,Tata,NEXON XZA PLUS (O) PETROL DUAL TONE,Automatic,2020.0,Petrol,1199.0,45096.0,1st owner,997000,18977.0,True,No,KA04,2020 Tata NEXON XZA PLUS (O) PETROL DUAL TONE
760,Hyundai,Creta SX (O) 1.4 TURBO DCT,Automatic,2020.0,Petrol,1353.0,13530.0,2nd owner,1513000,28799.0,True,Yes,KA05,2020 Hyundai Creta SX (O) 1.4 TURBO DCT
761,Hyundai,Grand i10 SPORTZ 1.2 KAPPA VTVT,Manual,2019.0,Petrol,1197.0,50441.0,1st owner,565000,11054.0,True,No,KA03,2019 Hyundai Grand i10 SPORTZ 1.2 KAPPA VTVT
762,Hyundai,GRAND I10 NIOS SPORTZ AMT 1.2 KAPPA VTVT,Automatic,2021.0,Petrol,1197.0,36554.0,1st owner,690000,13486.0,True,No,KA05,2021 Hyundai GRAND I10 NIOS SPORTZ AMT 1.2 KAPPA VTVT
763,Toyota,Glanza V,Manual,2020.0,Petrol,1197.0,98650.0,1st owner,740000,14467.0,True,No,KA05,2020 Toyota Glanza V
764,Hyundai,VENUE SX PLUS 1.0 TURBO DCT,Automatic,2021.0,Petrol,998.0,30322.0,1st owner,1041000,19814.0,True,No,KA05,2021 Hyundai VENUE SX PLUS 1.0 TURBO DCT
765,Hyundai,Grand i10 SPORTZ 1.2 KAPPA VTVT,Manual,2015.0,Petrol,1197.0,73390.0,1st owner,418000,8180.0,True,No,KA14,2015 Hyundai Grand i10 SPORTZ 1.2 KAPPA VTVT
766,Hyundai,NEW SANTRO SPORTZ MT,Manual,2018.0,Petrol,1086.0,44778.0,1st owner,456000,8922.0,True,No,KA51,2018 Hyundai NEW SANTRO SPORTZ MT
767,Tata,Tiago XZA PLUS DUAL TONE PETROL,Automatic,2021.0,Petrol,1199.0,31090.0,1st owner,688000,13452.0,True,No,KA51,2021 Tata Tiago XZA PLUS DUAL TONE PETROL
769,KIA,SONET GTX PLUS 1.0 DCT,Automatic,2020.0,Petrol,998.0,36244.0,1st owner,1069000,20347.0,True,No,KA05,2020 KIA SONET GTX PLUS 1.0 DCT
770,Hyundai,Creta SX PLUS 1.6 PETROL,Manual,2016.0,Petrol,1591.0,69273.0,2nd owner,826000,15722.0,True,No,KA04,2016 Hyundai Creta SX PLUS 1.6 PETROL
771,Maruti,Baleno ALPHA CVT PETROL 1.2,Automatic,2017.0,Petrol,1197.0,80229.0,1st owner,624000,12207.0,True,No,KA03,2017 Maruti Baleno ALPHA CVT PETROL 1.2
772,Renault,Kwid RXT 0.8,Manual,2018.0,Petrol,799.0,39413.0,2nd owner,329000,6433.0,True,No,KA01,2018 Renault Kwid RXT 0.8
773,Datsun,Redi Go T(O) 1.0,Manual,2021.0,Petrol,999.0,20686.0,1st owner,489000,9553.0,True,No,KA03,2021 Datsun Redi Go T(O) 1.0
774,Volkswagen,Vento HIGHLINE PETROL AT,Automatic,2016.0,Petrol,1197.0,88166.0,2nd owner,655000,12808.0,True,No,KA01,2016 Volkswagen Vento HIGHLINE PETROL AT
776,Hyundai,NEW SANTRO SPORTZ AMT,Automatic,2019.0,Petrol,1086.0,31510.0,1st owner,521000,10187.0,True,No,KA01,2019 Hyundai NEW SANTRO SPORTZ AMT
777,Renault,Duster RXS CVT,Automatic,2018.0,Petrol,1498.0,36228.0,2nd owner,764000,14939.0,True,No,KA50,2018 Renault Duster RXS CVT
778,Maruti,IGNIS ZETA 1.2,Manual,2018.0,Petrol,1197.0,92528.0,2nd owner,456000,8922.0,True,No,KA05,2018 Maruti IGNIS ZETA 1.2
779,Maruti,XL6 ZETA AT,Automatic,2022.0,Petrol,1462.0,18659.0,1st owner,1269000,24154.0,True,Yes,KA01,2022 Maruti XL6 ZETA AT
780,Maruti,Swift VXI,Manual,2016.0,Petrol,1197.0,68284.0,1st owner,554000,10829.0,True,No,KA02,2016 Maruti Swift VXI
781,Honda,Amaze 1.2L I-VTEC V,Manual,2020.0,Petrol,1199.0,35911.0,2nd owner,712000,13914.0,True,No,KA53,2020 Honda Amaze 1.2L I-VTEC V
782,KIA,SELTOS HTK 1.5 DIESEL,Manual,2020.0,Diesel,1493.0,51041.0,2nd owner,1152000,21927.0,True,No,KA63,2020 KIA SELTOS HTK 1.5 DIESEL
783,Hyundai,Grand i10 SPORTZ 1.2 KAPPA VTVT,Manual,2019.0,Petrol,1197.0,65145.0,1st owner,551000,10763.0,True,No,KA19,2019 Hyundai Grand i10 SPORTZ 1.2 KAPPA VTVT
784,KIA,SELTOS X LINE 1.4 DCT,Automatic,2022.0,Petrol,1353.0,32533.0,1st owner,1665000,31692.0,True,No,KA01,2022 KIA SELTOS X LINE 1.4 DCT
785,Hyundai,Xcent S 1.2,Manual,2014.0,Petrol,1197.0,67606.0,1st owner,412000,9165.0,True,No,KA53,2014 Hyundai Xcent S 1.2
786,Maruti,Wagon R 1.0 VXI AMT,Automatic,2017.0,Petrol,998.0,44109.0,2nd owner,482000,9423.0,True,No,KA04,2017 Maruti Wagon R 1.0 VXI AMT
788,Maruti,Ciaz ALPHA  AT 1.5 SHVS PETROL,Automatic,2020.0,Petrol,1462.0,44980.0,1st owner,947000,18025.0,True,No,KA53,2020 Maruti Ciaz ALPHA  AT 1.5 SHVS PETROL
789,Tata,NEXON XZA PLUS PETROL DUAL TONE,Automatic,2019.0,Petrol,1198.0,59737.0,2nd owner,766000,14975.0,True,No,KA51,2019 Tata NEXON XZA PLUS PETROL DUAL TONE
790,Renault,Kwid RXT 1.0,Manual,2023.0,Petrol,999.0,1768.0,1st owner,561000,10968.0,True,No,KA05,2023 Renault Kwid RXT 1.0
791,Maruti,Ciaz DELTA 1.5 SHVS MT PETROL,Manual,2018.0,Petrol,1462.0,30948.0,1st owner,743000,14525.0,True,No,KA01,2018 Maruti Ciaz DELTA 1.5 SHVS MT PETROL
792,Hyundai,Grand i10 SPORTZ 1.2 KAPPA VTVT,Manual,2018.0,Petrol,1197.0,15854.0,1st owner,568000,11101.0,True,No,KA53,2018 Hyundai Grand i10 SPORTZ 1.2 KAPPA VTVT
793,Maruti,Alto K10 VXI PLUS,Manual,2023.0,Petrol,998.0,5654.0,1st owner,550000,10753.0,True,No,KA05,2023 Maruti Alto K10 VXI PLUS
794,Hyundai,VENUE SX (O) 1.5 CRDI,Manual,2019.0,Diesel,1493.0,52061.0,2nd owner,1001000,19049.0,True,No,KA03,2019 Hyundai VENUE SX (O) 1.5 CRDI
795,Maruti,Swift VDI,Manual,2013.0,Diesel,1248.0,96413.0,1st owner,383000,12721.0,True,No,KA01,2013 Maruti Swift VDI
796,Maruti,S PRESSO VXI+,Manual,2020.0,Petrol,998.0,36650.0,1st owner,435000,8504.0,True,No,KA03,2020 Maruti S PRESSO VXI+
797,Tata,PUNCH CREATIVE  AMT,Automatic,2022.0,Petrol,1199.0,45037.0,1st owner,882000,16782.0,True,No,KA04,2022 Tata PUNCH CREATIVE  AMT
798,Renault,Kwid CLIMBER 1.0 (O),Manual,2021.0,Petrol,999.0,41535.0,1st owner,469000,9169.0,True,No,KA17,2021 Renault Kwid CLIMBER 1.0 (O)
799,Renault,Duster 85 PS RXZ DIESEL,Manual,2016.0,Diesel,1461.0,51829.0,1st owner,765000,14961.0,True,Yes,KA51,2016 Renault Duster 85 PS RXZ DIESEL
800,Maruti,S PRESSO VXI+,Manual,2019.0,Petrol,998.0,35153.0,2nd owner,392000,7664.0,True,No,KA53,2019 Maruti S PRESSO VXI+
801,Tata,Harrier XZA PLUS 2.0L DUAL TONE,Automatic,2022.0,Diesel,1956.0,32613.0,2nd owner,1816000,34566.0,True,Yes,KA28,2022 Tata Harrier XZA PLUS 2.0L DUAL TONE
802,Renault,Kwid RXT 0.8,Manual,2017.0,Petrol,799.0,33582.0,1st owner,360000,7047.0,True,No,KA50,2017 Renault Kwid RXT 0.8
803,Maruti,Celerio VXI AMT,Automatic,2015.0,Petrol,998.0,33709.0,1st owner,416000,8133.0,True,No,KA41,2015 Maruti Celerio VXI AMT
805,Hyundai,VENUE SX 1.0 (O) TURBO IMT,Manual,2022.0,Petrol,998.0,35746.0,1st owner,1160000,22080.0,True,Yes,KA43,2022 Hyundai VENUE SX 1.0 (O) TURBO IMT
806,Hyundai,VENUE SX PLUS 1.0 TURBO DCT,Automatic,2019.0,Petrol,998.0,43922.0,2nd owner,865000,16458.0,True,No,KA03,2019 Hyundai VENUE SX PLUS 1.0 TURBO DCT
807,Renault,Kwid CLIMBER 1.0 (O),Manual,2021.0,Petrol,999.0,15159.0,1st owner,483000,9440.0,True,No,KA04,2021 Renault Kwid CLIMBER 1.0 (O)
808,Renault,Kwid 1.0 MARVEL IRON MAN EDITION AMT,Automatic,2018.0,Petrol,999.0,19178.0,1st owner,413000,8076.0,True,No,KA03,2018 Renault Kwid 1.0 MARVEL IRON MAN EDITION AMT
809,Hyundai,Grand i10 ASTA (O) 1.2 KAPPA VTVT,Manual,2015.0,Petrol,1197.0,31281.0,1st owner,489000,9565.0,True,No,KA03,2015 Hyundai Grand i10 ASTA (O) 1.2 KAPPA VTVT
810,Maruti,Baleno DELTA CVT PETROL 1.2,Automatic,2017.0,Petrol,1197.0,39601.0,2nd owner,585000,11437.0,True,Yes,KA03,2017 Maruti Baleno DELTA CVT PETROL 1.2
811,Mahindra,TUV300 T8,Manual,2016.0,Diesel,1493.0,38730.0,2nd owner,603000,11780.0,True,No,KA05,2016 Mahindra TUV300 T8
812,Maruti,Baleno ALPHA PETROL 1.2,Manual,2017.0,Petrol,1197.0,54225.0,1st owner,661000,12922.0,True,No,KA06,2017 Maruti Baleno ALPHA PETROL 1.2
813,Hyundai,Verna FLUIDIC 1.6 CRDI SX,Manual,2013.0,Diesel,1582.0,46332.0,1st owner,506000,16806.0,True,Yes,KA01,2013 Hyundai Verna FLUIDIC 1.6 CRDI SX
814,Hyundai,Grand i10 SPORTZ AT 1.2 KAPPA VTVT,Automatic,2018.0,Petrol,1197.0,50840.0,1st owner,597000,11666.0,True,No,KA51,2018 Hyundai Grand i10 SPORTZ AT 1.2 KAPPA VTVT
815,Maruti,Celerio ZXI AMT,Automatic,2015.0,Petrol,998.0,70593.0,1st owner,420000,8213.0,True,No,KA04,2015 Maruti Celerio ZXI AMT
816,Tata,Tiago XZA PLUS PETROL,Automatic,2023.0,Petrol,1199.0,2280.0,1st owner,773000,15112.0,True,No,KA02,2023 Tata Tiago XZA PLUS PETROL
817,Maruti,Swift VXI AMT,Automatic,2018.0,Petrol,1197.0,57341.0,1st owner,591000,11554.0,True,No,KA03,2018 Maruti Swift VXI AMT
818,Renault,Kwid RXL,Manual,2018.0,Petrol,799.0,90747.0,2nd owner,306000,5973.0,True,No,KA05,2018 Renault Kwid RXL
819,Renault,Kwid RXL 1.0 AMT,Automatic,2021.0,Petrol,999.0,10015.0,1st owner,487000,9526.0,True,No,KA01,2021 Renault Kwid RXL 1.0 AMT
820,Honda,Amaze 1.2L I-VTEC S,Manual,2016.0,Petrol,1198.0,51836.0,2nd owner,421000,8231.0,True,No,KA03,2016 Honda Amaze 1.2L I-VTEC S
821,Honda,City 1.5L I-VTEC ZX CVT,Automatic,2017.0,Petrol,1497.0,42019.0,1st owner,889000,16914.0,True,No,KA53,2017 Honda City 1.5L I-VTEC ZX CVT
822,Renault,TRIBER RXL MT,Manual,2021.0,Petrol,999.0,14852.0,1st owner,594000,11622.0,True,No,KA02,2021 Renault TRIBER RXL MT
823,Hyundai,NEW I20 ASTA (O) 1.2 AT,Automatic,2022.0,Petrol,1197.0,12885.0,1st owner,1042000,19834.0,True,No,KA50,2022 Hyundai NEW I20 ASTA (O) 1.2 AT
824,Maruti,Celerio VXI,Manual,2017.0,Petrol,998.0,42178.0,1st owner,443000,8661.0,True,No,KA03,2017 Maruti Celerio VXI
825,Renault,Pulse RX L DIESEL,Manual,2014.0,Diesel,1461.0,83897.0,1st owner,292000,7689.0,True,No,KA51,2014 Renault Pulse RX L DIESEL
826,Tata,ALTROZ XE PETROL,Manual,2021.0,Petrol,1199.0,31073.0,2nd owner,564000,11026.0,True,Yes,KA34,2021 Tata ALTROZ XE PETROL
827,Hyundai,Verna SX (O) 1.5 VTVT IVT,Automatic,2021.0,Petrol,1497.0,26949.0,2nd owner,1269000,24146.0,True,Yes,KA03,2021 Hyundai Verna SX (O) 1.5 VTVT IVT
828,Volkswagen,Polo HIGHLINE1.2L,Manual,2013.0,Petrol,1198.0,85861.0,3rd owner,407000,10727.0,True,No,KA04,2013 Volkswagen Polo HIGHLINE1.2L
829,Maruti,Baleno ZETA CVT PETROL 1.2,Automatic,2016.0,Petrol,1197.0,83635.0,3rd owner,531000,10377.0,True,Yes,KA03,2016 Maruti Baleno ZETA CVT PETROL 1.2
830,Maruti,Celerio VXI AMT,Automatic,2022.0,Petrol,998.0,9778.0,1st owner,610000,11926.0,True,No,KA50,2022 Maruti Celerio VXI AMT
831,Volkswagen,Polo COMFORTLINE 1.0L MPI,Manual,2019.0,Petrol,999.0,45905.0,2nd owner,675000,13196.0,True,No,KA03,2019 Volkswagen Polo COMFORTLINE 1.0L MPI
832,Tata,ALTROZ XZ PLUS DIESEL,Manual,2021.0,Diesel,1497.0,30989.0,1st owner,908000,17283.0,True,No,KA05,2021 Tata ALTROZ XZ PLUS DIESEL
833,Renault,Kwid RXT 1.0 (O),Manual,2021.0,Petrol,999.0,3779.0,1st owner,484000,9453.0,True,No,KA50,2021 Renault Kwid RXT 1.0 (O)
834,Maruti,Baleno ALPHA PETROL 1.2,Manual,2017.0,Petrol,1197.0,67549.0,1st owner,660000,12909.0,True,No,KA20,2017 Maruti Baleno ALPHA PETROL 1.2
835,Hyundai,Grand i10 ASTA 1.2 KAPPA VTVT,Manual,2018.0,Petrol,1197.0,65464.0,3rd owner,511000,9981.0,True,No,KA14,2018 Hyundai Grand i10 ASTA 1.2 KAPPA VTVT
836,Toyota,Glanza E,Manual,2022.0,Petrol,1197.0,48331.0,1st owner,720000,14076.0,True,No,KA05,2022 Toyota Glanza E
837,Renault,TRIBER RXZ,Manual,2023.0,Petrol,999.0,20237.0,1st owner,752000,14702.0,True,No,KA21,2023 Renault TRIBER RXZ
838,Hyundai,i20 SPORTZ 1.2,Manual,2012.0,Petrol,1197.0,52538.0,2nd owner,401000,13315.0,True,No,KA50,2012 Hyundai i20 SPORTZ 1.2
839,Honda,City 1.5L I-VTEC V MT,Manual,2011.0,Petrol,1497.0,68165.0,3rd owner,347000,16334.0,True,No,KA51,2011 Honda City 1.5L I-VTEC V MT
840,Mahindra,KUV 100 NXT K8 P 6 STR,Manual,2018.0,Petrol,1198.0,35107.0,1st owner,495000,9686.0,True,No,KA03,2018 Mahindra KUV 100 NXT K8 P 6 STR
841,Mahindra,XUV500 W10,Manual,2015.0,Diesel,2179.0,75492.0,2nd owner,884000,19220.0,True,No,KA01,2015 Mahindra XUV500 W10
842,Maruti,Ciaz VXI+,Manual,2015.0,Petrol,1373.0,95738.0,2nd owner,485000,9482.0,True,No,KA03,2015 Maruti Ciaz VXI+
843,Hyundai,Verna 1.6 VTVT SX,Manual,2018.0,Petrol,1591.0,32982.0,1st owner,846000,16097.0,True,No,KA03,2018 Hyundai Verna 1.6 VTVT SX
844,Volkswagen,Polo GT TSI AT,Automatic,2016.0,Petrol,1197.0,67884.0,2nd owner,680000,13294.0,True,No,KA05,2016 Volkswagen Polo GT TSI AT
845,Maruti,Ciaz ALPHA 1.5 SHVS PETROL,Manual,2018.0,Petrol,1462.0,91581.0,1st owner,648000,12669.0,True,No,KA02,2018 Maruti Ciaz ALPHA 1.5 SHVS PETROL
846,Renault,Kwid CLIMBER MT 1.0,Manual,2022.0,Petrol,999.0,16120.0,2nd owner,504000,9859.0,True,No,KA50,2022 Renault Kwid CLIMBER MT 1.0
847,Maruti,OMNI E STD,Manual,2014.0,Petrol,796.0,64243.0,1st owner,279000,6206.0,True,No,KA34,2014 Maruti OMNI E STD
848,Skoda,KUSHAQ MONTE CARLO 1.5L TSI DSG,Automatic,2022.0,Petrol,1498.0,18748.0,1st owner,1742000,33163.0,True,No,KA03,2022 Skoda KUSHAQ MONTE CARLO 1.5L TSI DSG
849,Renault,Kwid CLIMBER 1.0 AMT,Automatic,2017.0,Petrol,999.0,55810.0,2nd owner,364000,7121.0,True,No,KA05,2017 Renault Kwid CLIMBER 1.0 AMT
850,Hyundai,NEW I20 SPORTZ 1.2 MT DUAL TONE,Manual,2022.0,Petrol,1197.0,38428.0,1st owner,845000,16084.0,True,Yes,KA01,2022 Hyundai NEW I20 SPORTZ 1.2 MT DUAL TONE
851,Maruti,Ciaz ZXI+,Manual,2015.0,Petrol,1373.0,25381.0,1st owner,639000,12493.0,True,Yes,KA51,2015 Maruti Ciaz ZXI+
852,Tata,Tiago XZ PETROL,Manual,2016.0,Petrol,1199.0,39182.0,2nd owner,385000,7527.0,True,No,KA03,2016 Tata Tiago XZ PETROL
853,Mahindra,Thar LX  P 4WD AT CONVERTIBLE,Automatic,2021.0,Petrol,1997.0,52188.0,1st owner,1365000,25982.0,True,Yes,KA03,2021 Mahindra Thar LX  P 4WD AT CONVERTIBLE
854,Renault,Kwid CLIMBER 1.0 AMT,Automatic,2017.0,Petrol,999.0,89552.0,2nd owner,327000,6393.0,True,No,KA01,2017 Renault Kwid CLIMBER 1.0 AMT
855,Maruti,Ertiga ZXI AT SHVS,Automatic,2022.0,Petrol,1462.0,29126.0,1st owner,1167000,22220.0,True,Yes,KA51,2022 Maruti Ertiga ZXI AT SHVS
856,Hyundai,Creta SX (O) 1.4 TURBO DCT,Automatic,2022.0,Petrol,1353.0,20634.0,1st owner,1777000,33824.0,True,No,KA51,2022 Hyundai Creta SX (O) 1.4 TURBO DCT
857,Renault,Kwid RXL,Manual,2018.0,Petrol,799.0,45146.0,3rd owner,291000,5690.0,True,Yes,KA53,2018 Renault Kwid RXL
858,Honda,WR-V 1.2L I-VTEC VX MT,Manual,2017.0,Petrol,1199.0,46533.0,2nd owner,672000,13135.0,True,No,KA03,2017 Honda WR-V 1.2L I-VTEC VX MT
859,Hyundai,i20 MAGNA 1.2,Manual,2011.0,Petrol,1197.0,89388.0,3rd owner,249000,11721.0,True,No,KA51,2011 Hyundai i20 MAGNA 1.2
860,Maruti,Celerio ZXI PLUS,Manual,2021.0,Petrol,998.0,22245.0,1st owner,555000,10844.0,True,No,KA53,2021 Maruti Celerio ZXI PLUS
861,Hyundai,VENUE S 1.2,Manual,2022.0,Petrol,1197.0,9802.0,1st owner,905000,17227.0,True,No,KA03,2022 Hyundai VENUE S 1.2
862,Hyundai,Creta SX (O) AT 1.5 DIESEL,Automatic,2022.0,Diesel,1493.0,27509.0,1st owner,1760000,33500.0,True,No,KA04,2022 Hyundai Creta SX (O) AT 1.5 DIESEL
863,Honda,Brio S MT,Manual,2014.0,Petrol,1198.0,73789.0,1st owner,365000,8119.0,True,No,KA04,2014 Honda Brio S MT
864,Maruti,Swift VXI,Manual,2016.0,Petrol,1197.0,44499.0,2nd owner,509000,9951.0,True,No,KA08,2016 Maruti Swift VXI
865,Maruti,Celerio ZXI,Manual,2016.0,Petrol,998.0,46246.0,1st owner,448000,8759.0,True,No,KA04,2016 Maruti Celerio ZXI
866,Honda,City 1.5L I-VTEC VX,Manual,2019.0,Petrol,1497.0,55227.0,1st owner,863000,16426.0,True,No,KA05,2019 Honda City 1.5L I-VTEC VX
867,Maruti,Swift VDI,Manual,2013.0,Diesel,1248.0,93871.0,3rd owner,375000,12455.0,True,No,KA01,2013 Maruti Swift VDI
868,Jeep,Compass LONGITUDE PLUS 1.4 PETROL AT,Automatic,2018.0,Petrol,1368.0,42905.0,2nd owner,1309000,24923.0,True,No,KA03,2018 Jeep Compass LONGITUDE PLUS 1.4 PETROL AT
869,Maruti,A Star LXI,Manual,2010.0,Petrol,998.0,103867.0,2nd owner,191000,16970.0,True,No,KA53,2010 Maruti A Star LXI
870,Maruti,Ertiga VXI,Manual,2014.0,Petrol,1373.0,92758.0,2nd owner,571000,12702.0,True,No,KA51,2014 Maruti Ertiga VXI
871,Maruti,Celerio ZXI PLUS,Manual,2022.0,Petrol,998.0,28788.0,1st owner,563000,11007.0,True,No,KA03,2022 Maruti Celerio ZXI PLUS
872,Honda,Amaze 1.5L I-DTEC V CVT,Automatic,2019.0,Diesel,1498.0,54515.0,2nd owner,675000,13189.0,True,No,KA05,2019 Honda Amaze 1.5L I-DTEC V CVT
873,Hyundai,GRAND I10 NIOS SPORTZ 1.2 KAPPA VTVT CNG,Manual,2022.0,CNG,1197.0,16247.0,1st owner,749000,14651.0,True,No,KA01,2022 Hyundai GRAND I10 NIOS SPORTZ 1.2 KAPPA VTVT CNG
874,Skoda,Rapid ELEGANCE 1.6 MPI MT,Manual,2013.0,Petrol,1598.0,67426.0,1st owner,468000,12324.0,True,No,KA04,2013 Skoda Rapid ELEGANCE 1.6 MPI MT
875,Maruti,Swift ZXI PLUS AMT DUAL TONE,Automatic,2022.0,Petrol,1197.0,31707.0,1st owner,842000,16027.0,True,No,KA05,2022 Maruti Swift ZXI PLUS AMT DUAL TONE
876,Nissan,Micra XV CVT,Automatic,2013.0,Petrol,1198.0,63505.0,2nd owner,337000,8875.0,True,No,KA03,2013 Nissan Micra XV CVT
877,Hyundai,Creta SX (O) 1.4 TURBO DCT,Automatic,2020.0,Petrol,1353.0,32794.0,1st owner,1469000,27961.0,True,No,KA53,2020 Hyundai Creta SX (O) 1.4 TURBO DCT
879,Maruti,Celerio VXI AMT,Automatic,2023.0,Petrol,998.0,3951.0,1st owner,648000,12669.0,True,No,KA01,2023 Maruti Celerio VXI AMT
880,Tata,NEXON XZ PLUS PETROL,Manual,2020.0,Petrol,1199.0,67069.0,1st owner,800000,15227.0,True,No,KA25,2020 Tata NEXON XZ PLUS PETROL
881,Maruti,Swift ZXI,Manual,2016.0,Petrol,1197.0,74061.0,2nd owner,521000,10195.0,True,No,KA04,2016 Maruti Swift ZXI
882,Maruti,Dzire VXI AMT,Automatic,2017.0,Petrol,1197.0,57506.0,1st owner,559000,10929.0,True,No,KA41,2017 Maruti Dzire VXI AMT
883,Hyundai,Creta E PLUS 1.6 PETROL,Manual,2017.0,Petrol,1591.0,55852.0,1st owner,801000,15246.0,True,No,KA05,2017 Hyundai Creta E PLUS 1.6 PETROL
884,Maruti,Swift ZXI PLUS AMT,Automatic,2020.0,Petrol,1197.0,38807.0,2nd owner,721000,14096.0,True,No,KA52,2020 Maruti Swift ZXI PLUS AMT
885,Mahindra,Thar LX  P 4WD AT CONVERTIBLE,Automatic,2021.0,Petrol,1997.0,54460.0,1st owner,1364000,25962.0,True,No,KA05,2021 Mahindra Thar LX  P 4WD AT CONVERTIBLE
886,Renault,Kwid NEOTECH RXL 1.0 AMT,Automatic,2020.0,Petrol,999.0,17546.0,1st owner,454000,8867.0,True,No,KA05,2020 Renault Kwid NEOTECH RXL 1.0 AMT
887,KIA,SONET HTX ANNIVERSARY EDITION 1.5,Manual,2022.0,Diesel,1493.0,21176.0,1st owner,1089000,20728.0,True,No,KA03,2022 KIA SONET HTX ANNIVERSARY EDITION 1.5
888,Toyota,Etios CROSS 1.4 GD,Manual,2014.0,Diesel,1364.0,121920.0,1st owner,430000,11317.0,True,No,KA09,2014 Toyota Etios CROSS 1.4 GD
889,Renault,Duster RXS CVT,Automatic,2019.0,Petrol,1498.0,67575.0,1st owner,707000,13822.0,True,No,KA50,2019 Renault Duster RXS CVT
890,Hyundai,Elite i20 ASTA 1.2,Manual,2015.0,Petrol,1197.0,109185.0,1st owner,564000,12546.0,True,No,KA53,2015 Hyundai Elite i20 ASTA 1.2
891,Volkswagen,TAIGUN TOPLINE 1.0 TSI MT,Manual,2022.0,Petrol,999.0,15979.0,1st owner,1425000,27124.0,True,Yes,KA03,2022 Volkswagen TAIGUN TOPLINE 1.0 TSI MT
892,Toyota,Glanza G CVT,Automatic,2021.0,Petrol,1197.0,28290.0,2nd owner,774000,15131.0,True,Yes,KA04,2021 Toyota Glanza G CVT
893,Maruti,Swift VXI,Manual,2016.0,Petrol,1197.0,69995.0,1st owner,536000,10470.0,True,No,KA03,2016 Maruti Swift VXI
894,Honda,City 1.5L I-VTEC VX CVT,Automatic,2016.0,Petrol,1497.0,92236.0,2nd owner,725000,14175.0,True,No,KA05,2016 Honda City 1.5L I-VTEC VX CVT
895,Honda,Brio VX AT,Automatic,2014.0,Petrol,1198.0,93107.0,1st owner,379000,8431.0,True,Yes,KA01,2014 Honda Brio VX AT
896,Hyundai,VENUE S 1.0 TURBO DCT,Automatic,2019.0,Petrol,998.0,52244.0,1st owner,788000,15406.0,True,No,KA11,2019 Hyundai VENUE S 1.0 TURBO DCT
897,Maruti,Baleno DELTA DIESEL 1.3,Manual,2015.0,Diesel,1248.0,63916.0,2nd owner,565000,12570.0,True,No,KA04,2015 Maruti Baleno DELTA DIESEL 1.3
898,Maruti,Swift Dzire VDI,Manual,2014.0,Diesel,1248.0,89284.0,1st owner,572000,15057.0,True,No,KA04,2014 Maruti Swift Dzire VDI
899,Maruti,Celerio X ZXI (O) AMT,Automatic,2019.0,Petrol,998.0,27215.0,2nd owner,492000,9618.0,True,No,KA04,2019 Maruti Celerio X ZXI (O) AMT
900,Toyota,YARIS G MT,Manual,2019.0,Petrol,1496.0,42403.0,1st owner,815000,15520.0,True,No,KA02,2019 Toyota YARIS G MT
901,Hyundai,Verna 1.6 VTVT SX,Manual,2018.0,Petrol,1591.0,60087.0,2nd owner,781000,15271.0,True,No,KA03,2018 Hyundai Verna 1.6 VTVT SX
902,Maruti,Baleno DELTA CVT PETROL 1.2,Automatic,2016.0,Petrol,1197.0,62524.0,2nd owner,593000,11587.0,True,No,KA03,2016 Maruti Baleno DELTA CVT PETROL 1.2
903,Hyundai,Creta SX PLUS 1.6 PETROL,Manual,2017.0,Petrol,1591.0,52427.0,3rd owner,867000,16501.0,True,No,KA01,2017 Hyundai Creta SX PLUS 1.6 PETROL
904,Tata,NEXON XZ PLUS PETROL DUAL TONE,Manual,2020.0,Petrol,1199.0,54623.0,1st owner,837000,15932.0,True,No,KA04,2020 Tata NEXON XZ PLUS PETROL DUAL TONE
905,Hyundai,i20 SPORTZ 1.2,Manual,2012.0,Petrol,1197.0,62951.0,1st owner,399000,13266.0,True,No,KA01,2012 Hyundai i20 SPORTZ 1.2
906,Renault,Kwid RXT 1.0,Manual,2017.0,Petrol,999.0,70817.0,1st owner,329000,6432.0,True,No,KA53,2017 Renault Kwid RXT 1.0
907,Maruti,Baleno DELTA PETROL 1.2,Manual,2017.0,Petrol,1197.0,65943.0,1st owner,573000,11203.0,True,No,KA03,2017 Maruti Baleno DELTA PETROL 1.2
908,Maruti,Vitara Brezza ZDI,Manual,2016.0,Diesel,1248.0,91544.0,1st owner,709000,13861.0,True,No,KA04,2016 Maruti Vitara Brezza ZDI
909,Datsun,Redi Go S 1.0 AMT,Automatic,2018.0,Petrol,999.0,54716.0,3rd owner,290000,5670.0,True,No,KA02,2018 Datsun Redi Go S 1.0 AMT
910,Hyundai,Creta SX 1.6 DIESEL,Manual,2016.0,Diesel,1582.0,58014.0,3rd owner,826000,15722.0,True,No,KA01,2016 Hyundai Creta SX 1.6 DIESEL
911,Maruti,Vitara Brezza ZXI PLUS AT SHVS,Automatic,2020.0,Petrol,1462.0,50421.0,1st owner,932000,17740.0,True,No,KA05,2020 Maruti Vitara Brezza ZXI PLUS AT SHVS
912,Honda,City 1.5L I-VTEC VX CVT,Automatic,2017.0,Petrol,1497.0,93542.0,1st owner,796000,15557.0,True,No,KA03,2017 Honda City 1.5L I-VTEC VX CVT
913,Hyundai,Verna SX (O) 1.5 CRDI,Manual,2020.0,Diesel,1493.0,60943.0,1st owner,1288000,24516.0,True,No,KA05,2020 Hyundai Verna SX (O) 1.5 CRDI
914,Jeep,Compass SPORT 1.4 PETROL,Manual,2018.0,Petrol,1368.0,26635.0,1st owner,1215000,23119.0,True,No,KA01,2018 Jeep Compass SPORT 1.4 PETROL
915,Hyundai,i20 SPORTZ (O) 1.2,Manual,2011.0,Petrol,1197.0,65841.0,2nd owner,297000,13981.0,True,No,KA03,2011 Hyundai i20 SPORTZ (O) 1.2
916,MG,HECTOR PLUS SHARP 1.5 PETROL TURBO DCT 6-STR,Automatic,2021.0,Petrol,1451.0,31138.0,1st owner,1698000,32320.0,True,Yes,KA05,2021 MG HECTOR PLUS SHARP 1.5 PETROL TURBO DCT 6-STR
917,Hyundai,Verna 1.6 VTVT SX,Manual,2018.0,Petrol,1591.0,44659.0,2nd owner,808000,15380.0,True,No,KA01,2018 Hyundai Verna 1.6 VTVT SX
918,Maruti,Wagon R 1.0 VXI,Manual,2015.0,Petrol,998.0,49078.0,2nd owner,332000,6491.0,True,No,KA02,2015 Maruti Wagon R 1.0 VXI
919,Honda,Amaze 1.2L I-VTEC V,Manual,2019.0,Petrol,1199.0,22419.0,1st owner,649000,12688.0,True,No,KA02,2019 Honda Amaze 1.2L I-VTEC V
920,Jeep,Compass LONGITUDE 2.0 DIESEL,Manual,2018.0,Diesel,1956.0,63398.0,1st owner,1281000,24383.0,True,No,KA03,2018 Jeep Compass LONGITUDE 2.0 DIESEL
921,Skoda,KUSHAQ STYLE 1.5L TSI MT,Manual,2021.0,Petrol,1498.0,38566.0,1st owner,1415000,26937.0,True,No,KA19,2021 Skoda KUSHAQ STYLE 1.5L TSI MT
922,Hyundai,GRAND I10 NIOS SPORTZ AMT 1.2 KAPPA VTVT,Automatic,2020.0,Petrol,1197.0,14274.0,1st owner,699000,13658.0,True,No,KA02,2020 Hyundai GRAND I10 NIOS SPORTZ AMT 1.2 KAPPA VTVT
923,Maruti,IGNIS DELTA 1.2,Manual,2017.0,Petrol,1197.0,56427.0,1st owner,455000,8895.0,True,No,KA14,2017 Maruti IGNIS DELTA 1.2
924,Honda,City 1.5L I-VTEC VX,Manual,2018.0,Petrol,1497.0,85766.0,2nd owner,739000,14439.0,True,No,KA01,2018 Honda City 1.5L I-VTEC VX
925,Maruti,Ciaz ZXI+,Manual,2016.0,Petrol,1373.0,75940.0,1st owner,596000,11652.0,True,No,KA02,2016 Maruti Ciaz ZXI+
926,Hyundai,i20 SPORTZ 1.4 CRDI,Manual,2012.0,Diesel,1396.0,84002.0,1st owner,387000,18217.0,True,No,KA53,2012 Hyundai i20 SPORTZ 1.4 CRDI
927,Hyundai,NEW I20 ASTA (O) 1.2 MT,Manual,2020.0,Petrol,1197.0,28806.0,1st owner,812000,15459.0,True,No,KA41,2020 Hyundai NEW I20 ASTA (O) 1.2 MT
928,Hyundai,Xcent S 1.2,Manual,2014.0,Petrol,1197.0,72810.0,1st owner,409000,9098.0,True,Yes,KA51,2014 Hyundai Xcent S 1.2
929,Hyundai,NEW SANTRO SPORTZ MT,Manual,2019.0,Petrol,1086.0,33811.0,1st owner,483000,9442.0,True,No,KA05,2019 Hyundai NEW SANTRO SPORTZ MT
930,Maruti,Baleno ALPHA CVT PETROL 1.2,Automatic,2019.0,Petrol,1197.0,65568.0,2nd owner,670000,13097.0,True,No,KA51,2019 Maruti Baleno ALPHA CVT PETROL 1.2
931,Honda,WR-V 1.5L I-DTEC VX MT,Manual,2017.0,Diesel,1498.0,32067.0,2nd owner,769000,15034.0,True,Yes,KA01,2017 Honda WR-V 1.5L I-DTEC VX MT
932,Hyundai,Elite i20 ASTA 1.2,Manual,2017.0,Petrol,1197.0,82689.0,2nd owner,596000,11658.0,True,No,KA01,2017 Hyundai Elite i20 ASTA 1.2
933,Maruti,Baleno ZETA PETROL 1.2,Manual,2019.0,Petrol,1197.0,59228.0,1st owner,688000,13453.0,True,Yes,KA05,2019 Maruti Baleno ZETA PETROL 1.2
934,Hyundai,Verna 1.6 CRDI SX,Manual,2018.0,Diesel,1582.0,117994.0,2nd owner,697000,15504.0,True,No,KA27,2018 Hyundai Verna 1.6 CRDI SX
935,Datsun,Redi Go T(O) 1.0 AMT,Automatic,2020.0,Petrol,999.0,16537.0,2nd owner,396000,7733.0,True,No,KA01,2020 Datsun Redi Go T(O) 1.0 AMT
936,Hyundai,i20 SPORTZ 1.2,Manual,2014.0,Petrol,1197.0,57769.0,1st owner,462000,10277.0,True,No,KA51,2014 Hyundai i20 SPORTZ 1.2
937,KIA,SONET GTX PLUS 1.5D  AT,Automatic,2020.0,Diesel,1493.0,52562.0,1st owner,1147000,21832.0,True,Yes,KA19,2020 KIA SONET GTX PLUS 1.5D  AT
938,Hyundai,Elite i20 SPORTZ PLUS 1.2,Manual,2019.0,Petrol,1197.0,21759.0,1st owner,708000,13845.0,True,No,KA53,2019 Hyundai Elite i20 SPORTZ PLUS 1.2
939,Maruti,Baleno ALPHA PETROL 1.2,Manual,2019.0,Petrol,1197.0,36932.0,1st owner,701000,13705.0,True,No,KA03,2019 Maruti Baleno ALPHA PETROL 1.2
940,Honda,Brio S MT,Manual,2016.0,Petrol,1198.0,53924.0,2nd owner,386000,7546.0,True,No,KA53,2016 Honda Brio S MT
942,Maruti,Ciaz ZXI AT,Automatic,2016.0,Petrol,1373.0,66695.0,1st owner,591000,11560.0,True,No,KA03,2016 Maruti Ciaz ZXI AT
943,Tata,NEXON XZ PLUS SUNROOF PETROL DUAL TONE,Manual,2020.0,Petrol,1199.0,45321.0,1st owner,859000,16350.0,True,No,KA03,2020 Tata NEXON XZ PLUS SUNROOF PETROL DUAL TONE
944,Honda,City 1.5L I-VTEC V MT,Manual,2014.0,Petrol,1497.0,73554.0,1st owner,554000,12323.0,True,No,KA04,2014 Honda City 1.5L I-VTEC V MT
945,Hyundai,AURA SX+ 1.0 TURBO GDI MT,Manual,2020.0,Petrol,998.0,39924.0,1st owner,686000,13418.0,True,Yes,KA04,2020 Hyundai AURA SX+ 1.0 TURBO GDI MT
946,Mahindra,XUV500 W11,Manual,2018.0,Diesel,2179.0,63473.0,2nd owner,1239000,23583.0,True,Yes,KA13,2018 Mahindra XUV500 W11
947,Hyundai,VENUE SX (O) 1.0 TURBO DCT,Automatic,2022.0,Petrol,998.0,15703.0,1st owner,1331000,25331.0,True,No,KA41,2022 Hyundai VENUE SX (O) 1.0 TURBO DCT
948,Renault,Kwid CLIMBER 1.0,Manual,2019.0,Petrol,999.0,46836.0,1st owner,367000,7175.0,True,No,KA50,2019 Renault Kwid CLIMBER 1.0
949,Maruti,Dzire VDI AMT,Automatic,2017.0,Diesel,1248.0,77413.0,2nd owner,660000,12903.0,True,No,KA19,2017 Maruti Dzire VDI AMT
950,Maruti,IGNIS SIGMA 1.2,Manual,2021.0,Petrol,1197.0,40034.0,1st owner,508000,9939.0,True,No,KA03,2021 Maruti IGNIS SIGMA 1.2
951,Honda,Jazz 1.2L I-VTEC V AT,Automatic,2015.0,Petrol,1199.0,48627.0,1st owner,541000,10577.0,True,No,KA03,2015 Honda Jazz 1.2L I-VTEC V AT
952,Renault,Kwid RXT 1.0,Manual,2023.0,Petrol,999.0,1994.0,1st owner,552000,10789.0,True,No,KA51,2023 Renault Kwid RXT 1.0
953,Hyundai,Grand i10 SPORTZ 1.2 KAPPA VTVT,Manual,2018.0,Petrol,1197.0,43237.0,1st owner,514000,10049.0,True,Yes,KA04,2018 Hyundai Grand i10 SPORTZ 1.2 KAPPA VTVT
954,Ford,Ecosport TITANIUM 1.5L PETROL,Manual,2018.0,Petrol,1497.0,36331.0,1st owner,767000,14989.0,True,Yes,KA01,2018 Ford Ecosport TITANIUM 1.5L PETROL
955,Toyota,Glanza G ISG,Manual,2019.0,Petrol,1197.0,45958.0,1st owner,686000,13414.0,True,No,KA03,2019 Toyota Glanza G ISG
956,Skoda,KUSHAQ AMBITION 1.0L TSI AT,Automatic,2021.0,Petrol,999.0,17310.0,2nd owner,1339000,25478.0,True,No,KA01,2021 Skoda KUSHAQ AMBITION 1.0L TSI AT
957,Maruti,Swift VXI,Manual,2011.0,Petrol,1197.0,86282.0,2nd owner,322000,15158.0,True,No,KA01,2011 Maruti Swift VXI
958,Hyundai,Grand i10 ASTA 1.2 KAPPA VTVT,Manual,2017.0,Petrol,1197.0,45003.0,2nd owner,504000,9862.0,True,No,KA04,2017 Hyundai Grand i10 ASTA 1.2 KAPPA VTVT
959,Hyundai,NEW I20 Asta 1.0 GDI Turbo IMT,Manual,2020.0,Petrol,998.0,22995.0,1st owner,863000,16426.0,True,No,KA41,2020 Hyundai NEW I20 Asta 1.0 GDI Turbo IMT
960,Renault,Kwid CLIMBER 1.0 AMT (O),Automatic,2020.0,Petrol,999.0,18336.0,1st owner,495000,9677.0,True,No,KA50,2020 Renault Kwid CLIMBER 1.0 AMT (O)
961,KIA,SONET HTK PLUS 1.5,Manual,2022.0,Diesel,1493.0,22691.0,1st owner,1071000,20381.0,True,Yes,KA50,2022 KIA SONET HTK PLUS 1.5
962,Tata,Harrier XZA PLUS 2.0L,Automatic,2020.0,Diesel,1956.0,68859.0,1st owner,1633000,31083.0,True,No,KA53,2020 Tata Harrier XZA PLUS 2.0L
963,Tata,Safari XZA PLUS DARK EDITION,Automatic,2022.0,Diesel,1956.0,15681.0,1st owner,2173000,41359.0,True,No,KA51,2022 Tata Safari XZA PLUS DARK EDITION
964,Tata,NEXON XZA PLUS DIESEL,Automatic,2018.0,Diesel,1497.0,63671.0,1st owner,872000,16598.0,True,No,KA51,2018 Tata NEXON XZA PLUS DIESEL
965,Nissan,Micra Active XL O,Manual,2018.0,Petrol,1198.0,33048.0,3rd owner,360000,7043.0,True,No,KA01,2018 Nissan Micra Active XL O
966,Tata,TIGOR XZ PLUS PETROL,Manual,2021.0,Petrol,1199.0,53454.0,1st owner,638000,12473.0,True,No,KA36,2021 Tata TIGOR XZ PLUS PETROL
967,MG,HECTOR SHARP PRO 1.5 TURBO MT PETROL,Manual,2023.0,Petrol,1451.0,15940.0,1st owner,1825000,34733.0,True,No,KA53,2023 MG HECTOR SHARP PRO 1.5 TURBO MT PETROL
968,Hyundai,Creta SX PLUS AT 1.6 DIESEL,Automatic,2016.0,Diesel,1582.0,113873.0,1st owner,900000,19568.0,True,No,KA05,2016 Hyundai Creta SX PLUS AT 1.6 DIESEL
969,Mahindra,XUV500 W6,Manual,2018.0,Diesel,2179.0,80292.0,1st owner,1067000,20313.0,True,No,KA53,2018 Mahindra XUV500 W6
970,Hyundai,i10 MAGNA 1.2,Manual,2011.0,Petrol,1197.0,43583.0,1st owner,255000,12004.0,True,No,KA53,2011 Hyundai i10 MAGNA 1.2
971,Maruti,Ciaz DELTA DIESEL 1.3,Manual,2018.0,Diesel,1248.0,80245.0,2nd owner,701000,13705.0,True,No,KA05,2018 Maruti Ciaz DELTA DIESEL 1.3
972,Hyundai,GRAND I10 NIOS SPORTZ AMT 1.2 KAPPA VTVT,Automatic,2019.0,Petrol,1197.0,18462.0,1st owner,650000,12701.0,True,No,KA04,2019 Hyundai GRAND I10 NIOS SPORTZ AMT 1.2 KAPPA VTVT
973,Maruti,Ciaz DELTA 1.5 SHVS MT PETROL,Manual,2020.0,Petrol,1462.0,60741.0,1st owner,756000,14780.0,True,No,KA42,2020 Maruti Ciaz DELTA 1.5 SHVS MT PETROL
974,Hyundai,Elite i20 ASTA 1.2,Manual,2017.0,Petrol,1197.0,32241.0,1st owner,710000,13881.0,True,No,KA41,2017 Hyundai Elite i20 ASTA 1.2
975,Hyundai,Creta SX AT 1.6 PETROL,Automatic,2019.0,Petrol,1591.0,58130.0,2nd owner,1055000,20081.0,True,No,KA53,2019 Hyundai Creta SX AT 1.6 PETROL
976,Renault,Kwid RXT 1.0 (O),Manual,2018.0,Petrol,999.0,48905.0,1st owner,370000,7243.0,True,No,KA03,2018 Renault Kwid RXT 1.0 (O)
977,Maruti,XL6 ALPHA AT,Automatic,2021.0,Petrol,1462.0,38819.0,1st owner,1067000,20309.0,True,Yes,KA03,2021 Maruti XL6 ALPHA AT
978,Ford,Ecosport TREND + 1.5L PETROL AT,Automatic,2019.0,Petrol,1497.0,47130.0,1st owner,746000,14584.0,True,No,KA41,2019 Ford Ecosport TREND + 1.5L PETROL AT
979,Ford,Ecosport TITANIUM 1.5L PETROL AT,Automatic,2017.0,Petrol,1499.0,47695.0,2nd owner,711000,13901.0,True,No,KA03,2017 Ford Ecosport TITANIUM 1.5L PETROL AT
980,Jeep,Compass LIMITED (O) 2.0 DIESEL 4X4,Manual,2018.0,Diesel,1956.0,80713.0,2nd owner,1348000,25651.0,True,No,KA03,2018 Jeep Compass LIMITED (O) 2.0 DIESEL 4X4
981,Maruti,New Wagon-R ZXI 1.2,Manual,2023.0,Petrol,1197.0,2896.0,1st owner,659000,12880.0,True,No,KA05,2023 Maruti New Wagon-R ZXI 1.2
982,Mahindra,XUV500 W6,Manual,2016.0,Diesel,2179.0,70027.0,2nd owner,880000,16750.0,True,No,KA01,2016 Mahindra XUV500 W6
983,Hyundai,Grand i10 ASTA (O) 1.2 KAPPA VTVT,Manual,2016.0,Petrol,1197.0,27480.0,1st owner,518000,10127.0,True,No,KA51,2016 Hyundai Grand i10 ASTA (O) 1.2 KAPPA VTVT
984,Tata,PUNCH CREATIVE IRA AMT 1.2 RTN DUAL TONE,Automatic,2023.0,Petrol,1199.0,7511.0,1st owner,927000,17642.0,True,Yes,KA53,2023 Tata PUNCH CREATIVE IRA AMT 1.2 RTN DUAL TONE
985,Maruti,Swift Dzire VXI,Manual,2012.0,Petrol,1197.0,23960.0,1st owner,460000,15273.0,True,No,KA04,2012 Maruti Swift Dzire VXI
986,Skoda,Rapid AMBITION AT TSI,Automatic,2021.0,Petrol,999.0,50295.0,1st owner,987000,18787.0,True,No,KA05,2021 Skoda Rapid AMBITION AT TSI
987,Hyundai,Verna 1.6 VTVT SX AT,Automatic,2017.0,Petrol,1591.0,58359.0,2nd owner,735000,14369.0,True,No,KA03,2017 Hyundai Verna 1.6 VTVT SX AT
988,Hyundai,Elite i20 ASTA 1.2 (O),Manual,2016.0,Petrol,1197.0,36174.0,1st owner,663000,12954.0,True,No,KA05,2016 Hyundai Elite i20 ASTA 1.2 (O)
989,Renault,Kwid RXL,Manual,2019.0,Petrol,799.0,64736.0,1st owner,352000,6882.0,True,No,KA26,2019 Renault Kwid RXL
990,Honda,Jazz 1.2L I-VTEC X,Manual,2012.0,Petrol,1198.0,32864.0,2nd owner,343000,11392.0,True,No,KA05,2012 Honda Jazz 1.2L I-VTEC X
991,Honda,City 1.5L I-VTEC ZX CVT,Automatic,2019.0,Petrol,1497.0,33869.0,1st owner,1032000,19643.0,True,No,KA03,2019 Honda City 1.5L I-VTEC ZX CVT
992,Hyundai,NEW SANTRO SPORTZ MT,Manual,2019.0,Petrol,1086.0,43454.0,1st owner,467000,9121.0,True,No,KA03,2019 Hyundai NEW SANTRO SPORTZ MT
993,Hyundai,Creta SX AT 1.6 PETROL,Automatic,2019.0,Petrol,1591.0,43518.0,2nd owner,1067000,20309.0,True,Yes,KA51,2019 Hyundai Creta SX AT 1.6 PETROL
994,Ford,Ecosport TREND 1.5L PETROL,Manual,2016.0,Petrol,1499.0,93059.0,1st owner,583000,11398.0,True,Yes,KA03,2016 Ford Ecosport TREND 1.5L PETROL
995,Renault,Kwid CLIMBER 1.0 (O),Manual,2019.0,Petrol,999.0,24330.0,2nd owner,456000,8922.0,True,Yes,KA01,2019 Renault Kwid CLIMBER 1.0 (O)
996,Tata,PUNCH CREATIVE  iRA PACK MT,Manual,2023.0,Petrol,1199.0,14518.0,1st owner,895000,17036.0,True,Yes,KA36,2023 Tata PUNCH CREATIVE  iRA PACK MT
997,Tata,ALTROZ XZ PETROL,Manual,2020.0,Petrol,1199.0,45019.0,2nd owner,693000,13555.0,True,No,KA09,2020 Tata ALTROZ XZ PETROL
998,Mahindra,XUV700 AX 3 P AT 5 STR,Automatic,2023.0,Petrol,1997.0,16638.0,1st owner,1831000,34851.0,True,Yes,KA05,2023 Mahindra XUV700 AX 3 P AT 5 STR
999,Datsun,Redi Go A,Manual,2019.0,Petrol,799.0,66264.0,1st owner,256000,5005.0,True,No,KA53,2019 Datsun Redi Go A
1000,Honda,City 1.5L I-VTEC ZX CVT,Automatic,2018.0,Petrol,1497.0,29977.0,2nd owner,940000,17892.0,True,No,KA01,2018 Honda City 1.5L I-VTEC ZX CVT
1001,Honda,Jazz 1.2L I-VTEC V,Manual,2017.0,Petrol,1199.0,55339.0,2nd owner,578000,11306.0,True,No,KA05,2017 Honda Jazz 1.2L I-VTEC V
1002,Maruti,New Wagon-R VXI 1.0 AMT,Automatic,2019.0,Petrol,998.0,30598.0,1st owner,510000,9971.0,True,No,KA04,2019 Maruti New Wagon-R VXI 1.0 AMT
1003,Maruti,S Cross ZETA 1.3,Manual,2016.0,Diesel,1248.0,78922.0,2nd owner,691000,13506.0,True,No,KA11,2016 Maruti S Cross ZETA 1.3
1004,Honda,Amaze 1.2L I-VTEC SX,Manual,2016.0,Petrol,1198.0,73832.0,2nd owner,427000,8352.0,True,No,KA05,2016 Honda Amaze 1.2L I-VTEC SX
1005,Maruti,Celerio ZXI AMT,Automatic,2017.0,Petrol,998.0,30005.0,2nd owner,409000,7996.0,True,No,KA01,2017 Maruti Celerio ZXI AMT
1006,Honda,BR-V 1.5L I-VTEC V CVT,Automatic,2018.0,Petrol,1497.0,81415.0,1st owner,850000,16179.0,True,No,KA05,2018 Honda BR-V 1.5L I-VTEC V CVT
1007,Nissan,Micra XV CVT,Automatic,2017.0,Petrol,1198.0,35474.0,2nd owner,491000,9603.0,True,Yes,KA03,2017 Nissan Micra XV CVT
1008,Honda,City 1.5L I-VTEC VX CVT,Automatic,2017.0,Petrol,1497.0,124446.0,1st owner,726000,16149.0,True,No,KA03,2017 Honda City 1.5L I-VTEC VX CVT
1009,Maruti,Baleno DELTA CVT PETROL 1.2,Automatic,2017.0,Petrol,1197.0,79589.0,1st owner,617000,12069.0,True,No,KA50,2017 Maruti Baleno DELTA CVT PETROL 1.2
1011,Maruti,Dzire VXI,Manual,2019.0,Petrol,1197.0,58029.0,1st owner,662000,12942.0,True,No,KA53,2019 Maruti Dzire VXI
1012,Maruti,Ertiga VDI,Manual,2012.0,Diesel,1248.0,113536.0,1st owner,559000,26317.0,True,Yes,KA04,2012 Maruti Ertiga VDI
1013,Mahindra,XUV300 W6 1.2 PETROL AMT,Automatic,2021.0,Petrol,1197.0,7931.0,1st owner,942000,17936.0,True,Yes,KA05,2021 Mahindra XUV300 W6 1.2 PETROL AMT
1014,Hyundai,i20 Active 1.2 SX,Manual,2019.0,Petrol,1197.0,73607.0,1st owner,681000,13314.0,True,No,KA01,2019 Hyundai i20 Active 1.2 SX
1015,Maruti,Swift ZXI,Manual,2014.0,Petrol,1197.0,56168.0,1st owner,516000,11478.0,True,No,KA51,2014 Maruti Swift ZXI
1016,Hyundai,Creta SX (O) 1.4 TURBO DCT DUAL TONE,Automatic,2021.0,Petrol,1353.0,21027.0,1st owner,1766000,33605.0,True,No,KA51,2021 Hyundai Creta SX (O) 1.4 TURBO DCT DUAL TONE
1017,Honda,City 1.5L I-VTEC ZX CVT,Automatic,2019.0,Petrol,1497.0,32479.0,2nd owner,986000,18768.0,True,No,KA03,2019 Honda City 1.5L I-VTEC ZX CVT
1018,KIA,SONET GTX PLUS 1.5 AT,Automatic,2022.0,Diesel,1493.0,18623.0,1st owner,1383000,26320.0,True,No,KA04,2022 KIA SONET GTX PLUS 1.5 AT
1019,Skoda,KUSHAQ STYLE 1.5L TSI DSG (6 AIRBAGS),Automatic,2022.0,Petrol,1498.0,20282.0,1st owner,1754000,33390.0,True,No,KA03,2022 Skoda KUSHAQ STYLE 1.5L TSI DSG (6 AIRBAGS)
1020,Hyundai,Creta SX (O) 1.6 PETROL,Manual,2019.0,Petrol,1591.0,60704.0,1st owner,1026000,19529.0,True,No,KA03,2019 Hyundai Creta SX (O) 1.6 PETROL
1021,Honda,Jazz 1.2L I-VTEC V AT,Automatic,2017.0,Petrol,1199.0,68331.0,3rd owner,523000,10223.0,True,No,KA01,2017 Honda Jazz 1.2L I-VTEC V AT
1022,Hyundai,Verna 1.6 VTVT SX,Manual,2018.0,Petrol,1591.0,55600.0,2nd owner,784000,15320.0,True,No,KA02,2018 Hyundai Verna 1.6 VTVT SX
1023,Renault,Kwid RXT 0.8,Manual,2021.0,Petrol,799.0,26104.0,2nd owner,436000,8524.0,True,No,KA04,2021 Renault Kwid RXT 0.8
1024,Hyundai,AURA SX PLUS 1.2 AMT,Automatic,2022.0,Petrol,1197.0,9393.0,2nd owner,755000,14756.0,True,No,KA51,2022 Hyundai AURA SX PLUS 1.2 AMT
1025,Maruti,IGNIS ZETA 1.2 AMT,Automatic,2023.0,Petrol,1197.0,5090.0,1st owner,754000,14741.0,True,No,KA02,2023 Maruti IGNIS ZETA 1.2 AMT
1026,Hyundai,i20 ASTA 1.4 CRDI,Manual,2012.0,Diesel,1396.0,102029.0,1st owner,388000,18265.0,True,No,KA30,2012 Hyundai i20 ASTA 1.4 CRDI
1027,Honda,Jazz 1.2L I-VTEC ZX,Manual,2020.0,Petrol,1199.0,62299.0,1st owner,737000,14408.0,True,No,KA01,2020 Honda Jazz 1.2L I-VTEC ZX
1028,Tata,TIGOR XZ PLUS PETROL,Manual,2020.0,Petrol,1199.0,27603.0,1st owner,640000,12512.0,True,No,KA02,2020 Tata TIGOR XZ PLUS PETROL
1029,Maruti,Ciaz ALPHA 1.4 PETROL,Manual,2018.0,Petrol,1373.0,45811.0,2nd owner,707000,13828.0,True,No,KA01,2018 Maruti Ciaz ALPHA 1.4 PETROL
1030,Hyundai,Eon ERA +,Manual,2012.0,Petrol,814.0,37095.0,1st owner,245000,8137.0,True,No,KA05,2012 Hyundai Eon ERA +
1031,Maruti,Celerio ZXI AMT (O),Automatic,2018.0,Petrol,998.0,95626.0,2nd owner,428000,8367.0,True,No,KA02,2018 Maruti Celerio ZXI AMT (O)
1032,Renault,TRIBER RXZ,Manual,2019.0,Petrol,999.0,70228.0,1st owner,559000,10925.0,True,Yes,KA18,2019 Renault TRIBER RXZ
1033,Hyundai,NEW I20  ASTA 1.0 TURBO IMT DUAL TONE,Manual,2021.0,Petrol,998.0,26797.0,2nd owner,1008000,19186.0,True,Yes,KA01,2021 Hyundai NEW I20  ASTA 1.0 TURBO IMT DUAL TONE
1034,Nissan,Micra Active XV,Manual,2016.0,Petrol,1198.0,87764.0,1st owner,326000,6373.0,True,No,KA01,2016 Nissan Micra Active XV
1035,Tata,TIGOR XZA PETROL,Automatic,2018.0,Petrol,1199.0,57190.0,1st owner,556000,10870.0,True,No,KA03,2018 Tata TIGOR XZA PETROL
1036,Hyundai,Elite i20 ASTA 1.4 CRDI (O),Manual,2016.0,Diesel,1396.0,76454.0,3rd owner,582000,11378.0,True,No,KA19,2016 Hyundai Elite i20 ASTA 1.4 CRDI (O)
1037,Maruti,Celerio ZXI AMT (O),Automatic,2018.0,Petrol,998.0,43407.0,1st owner,474000,9267.0,True,No,KA03,2018 Maruti Celerio ZXI AMT (O)
1038,Maruti,S PRESSO VXI+,Manual,2021.0,Petrol,998.0,31209.0,1st owner,481000,9399.0,True,Yes,KA41,2021 Maruti S PRESSO VXI+
1039,KIA,SONET GTX PLUS 1.0 IMT,Manual,2022.0,Petrol,998.0,9477.0,1st owner,1211000,23050.0,True,No,KA51,2022 KIA SONET GTX PLUS 1.0 IMT
1040,Datsun,Redi Go S 1.0,Manual,2018.0,Petrol,999.0,35098.0,1st owner,293000,5725.0,True,No,KA53,2018 Datsun Redi Go S 1.0
1041,Toyota,Etios Liva GD,Manual,2012.0,Diesel,1364.0,123224.0,2nd owner,375000,17653.0,True,Yes,KA05,2012 Toyota Etios Liva GD
1042,KIA,SELTOS GTX PLUS DCT 1.4 PETROL,Automatic,2019.0,Petrol,1353.0,60467.0,1st owner,1327000,25258.0,True,Yes,KA04,2019 KIA SELTOS GTX PLUS DCT 1.4 PETROL
1043,Hyundai,Creta SX AT 1.6 PETROL,Automatic,2019.0,Petrol,1591.0,37657.0,1st owner,1159000,22060.0,True,No,KA05,2019 Hyundai Creta SX AT 1.6 PETROL
1044,Hyundai,Creta SX PLUS AT 1.6 DIESEL,Automatic,2016.0,Diesel,1582.0,93290.0,1st owner,904000,17207.0,True,No,KA05,2016 Hyundai Creta SX PLUS AT 1.6 DIESEL
1045,Maruti,Ciaz ZXI AT,Automatic,2016.0,Petrol,1373.0,96520.0,2nd owner,545000,10655.0,True,No,KA01,2016 Maruti Ciaz ZXI AT
1046,Honda,Jazz 1.2L I-VTEC ZX,Manual,2020.0,Petrol,1199.0,43394.0,1st owner,781000,15275.0,True,Yes,KA01,2020 Honda Jazz 1.2L I-VTEC ZX
1047,Hyundai,Grand i10 SPORTZ AT 1.2 KAPPA VTVT,Automatic,2018.0,Petrol,1197.0,44868.0,2nd owner,560000,10956.0,True,No,KA04,2018 Hyundai Grand i10 SPORTZ AT 1.2 KAPPA VTVT
1048,Hyundai,VENUE SX 1.0 TURBO IMT,Manual,2021.0,Petrol,998.0,16920.0,1st owner,928000,17664.0,True,Yes,KA05,2021 Hyundai VENUE SX 1.0 TURBO IMT
1049,Renault,Kwid RXT 1.0 (O),Manual,2021.0,Petrol,999.0,32889.0,1st owner,455000,8897.0,True,No,KA01,2021 Renault Kwid RXT 1.0 (O)
1050,Maruti,Celerio ZXI AMT,Automatic,2017.0,Petrol,998.0,113666.0,1st owner,420000,9343.0,True,No,KA03,2017 Maruti Celerio ZXI AMT
1051,Hyundai,NEW SANTRO MAGNA,Manual,2019.0,Petrol,1086.0,33609.0,2nd owner,417000,8152.0,True,No,KA51,2019 Hyundai NEW SANTRO MAGNA
1052,Renault,Kwid RXT 1.0 (O),Manual,2020.0,Petrol,999.0,87693.0,1st owner,422000,8242.0,True,No,KA41,2020 Renault Kwid RXT 1.0 (O)
1053,Datsun,Redi Go T (O),Manual,2020.0,Petrol,799.0,39739.0,1st owner,349000,6823.0,True,No,KA68,2020 Datsun Redi Go T (O)
1054,Renault,Kwid RXT 0.8,Manual,2017.0,Petrol,799.0,48581.0,3rd owner,301000,5887.0,True,No,KA53,2017 Renault Kwid RXT 0.8
1055,Renault,Kwid CLIMBER 1.0 (O),Manual,2021.0,Petrol,999.0,41729.0,1st owner,463000,9047.0,True,No,KA05,2021 Renault Kwid CLIMBER 1.0 (O)
1056,Maruti,Alto K10 VXI PLUS AMT,Automatic,2023.0,Petrol,998.0,6675.0,2nd owner,568000,11112.0,True,No,KA53,2023 Maruti Alto K10 VXI PLUS AMT
1057,Tata,NEXON XZA PLUS (HS) PETROL,Automatic,2022.0,Petrol,1199.0,15617.0,1st owner,1138000,21661.0,True,No,KA53,2022 Tata NEXON XZA PLUS (HS) PETROL
1058,MG,HECTOR SMART HYBRID 1.5 PETROL,Manual,2021.0,Petrol,1451.0,13989.0,1st owner,1569000,29864.0,True,No,KA04,2021 MG HECTOR SMART HYBRID 1.5 PETROL
1059,KIA,SONET GTX PLUS 1.0 DCT,Automatic,2022.0,Petrol,998.0,19749.0,1st owner,1231000,23429.0,True,No,KA03,2022 KIA SONET GTX PLUS 1.0 DCT
1060,Maruti,Wagon R 1.0 VXI AMT,Automatic,2016.0,Petrol,998.0,23912.0,2nd owner,416000,8133.0,True,No,KA03,2016 Maruti Wagon R 1.0 VXI AMT
1061,Honda,City 1.5L I-VTEC VX CVT,Automatic,2020.0,Petrol,1497.0,41750.0,1st owner,1090000,20743.0,True,No,KA53,2020 Honda City 1.5L I-VTEC VX CVT
1062,Datsun,Redi Go T(O) 1.0,Manual,2017.0,Petrol,999.0,32591.0,2nd owner,245000,4790.0,True,No,KA01,2017 Datsun Redi Go T(O) 1.0
1063,Maruti,Celerio ZXI PLUS,Manual,2021.0,Petrol,998.0,8254.0,1st owner,588000,11496.0,True,No,KA25,2021 Maruti Celerio ZXI PLUS
1064,Honda,Amaze 1.2L I-VTEC V CVT,Automatic,2018.0,Petrol,1498.0,59863.0,1st owner,682000,13331.0,True,No,KA05,2018 Honda Amaze 1.2L I-VTEC V CVT
1065,Hyundai,Creta SX AT 1.6 PETROL,Automatic,2019.0,Petrol,1591.0,51652.0,1st owner,1131000,21528.0,True,Yes,KA04,2019 Hyundai Creta SX AT 1.6 PETROL
1066,Maruti,Celerio ZXI PLUS AGS,Automatic,2021.0,Petrol,998.0,45807.0,1st owner,648000,12669.0,True,No,KA53,2021 Maruti Celerio ZXI PLUS AGS
1067,Hyundai,NEW SANTRO ASTA MT,Manual,2019.0,Petrol,1086.0,55677.0,1st owner,480000,9381.0,True,No,KA06,2019 Hyundai NEW SANTRO ASTA MT
1068,Honda,Jazz 1.2L I-VTEC V,Manual,2016.0,Petrol,1199.0,54782.0,1st owner,551000,10772.0,True,No,KA03,2016 Honda Jazz 1.2L I-VTEC V
1069,Hyundai,i10 SPORTZ 1.2,Manual,2012.0,Petrol,1197.0,75384.0,2nd owner,290000,9632.0,True,No,KA05,2012 Hyundai i10 SPORTZ 1.2
1070,Honda,Jazz 1.2L I-VTEC V AT,Automatic,2017.0,Petrol,1199.0,57291.0,1st owner,600000,11730.0,True,No,KA02,2017 Honda Jazz 1.2L I-VTEC V AT
1071,Maruti,Celerio ZXI PLUS AGS,Automatic,2021.0,Petrol,998.0,20405.0,1st owner,646000,12624.0,True,Yes,KA02,2021 Maruti Celerio ZXI PLUS AGS
1073,KIA,SELTOS GTX PLUS 1.4 PETROL DCT DUAL TONE,Automatic,2021.0,Petrol,1353.0,30378.0,1st owner,1570000,29889.0,True,No,KA03,2021 KIA SELTOS GTX PLUS 1.4 PETROL DCT DUAL TONE
1074,Renault,Duster 85 PS RXL DIESEL,Manual,2014.0,Diesel,1461.0,80944.0,2nd owner,556000,14642.0,True,No,KA01,2014 Renault Duster 85 PS RXL DIESEL
1075,Maruti,A Star VXI,Manual,2012.0,Petrol,998.0,71079.0,1st owner,280000,9300.0,True,No,KA51,2012 Maruti A Star VXI
1076,Honda,Jazz 1.2L I-VTEC V AT,Automatic,2017.0,Petrol,1199.0,37652.0,1st owner,667000,13040.0,True,No,KA05,2017 Honda Jazz 1.2L I-VTEC V AT
1077,Renault,Duster 110 PS RXS 4X2 AMT DIESEL,Automatic,2019.0,Diesel,1461.0,47148.0,1st owner,875000,16657.0,True,No,KA03,2019 Renault Duster 110 PS RXS 4X2 AMT DIESEL
1078,Maruti,Baleno ALPHA CVT PETROL 1.2,Automatic,2018.0,Petrol,1197.0,19161.0,2nd owner,703000,13739.0,True,No,KA03,2018 Maruti Baleno ALPHA CVT PETROL 1.2
1079,Hyundai,Creta E PLUS 1.6 PETROL,Manual,2016.0,Petrol,1591.0,48665.0,2nd owner,830000,15807.0,True,No,KA04,2016 Hyundai Creta E PLUS 1.6 PETROL
1080,Hyundai,Eon MAGNA +,Manual,2014.0,Petrol,814.0,97619.0,2nd owner,254000,5650.0,True,No,KA53,2014 Hyundai Eon MAGNA +
1081,Hyundai,Grand i10 SPORTZ 1.2 KAPPA VTVT,Manual,2015.0,Petrol,1197.0,93513.0,1st owner,392000,7664.0,True,No,KA51,2015 Hyundai Grand i10 SPORTZ 1.2 KAPPA VTVT
1082,Maruti,Swift VXI,Manual,2012.0,Petrol,1197.0,97699.0,1st owner,388000,12878.0,True,No,KA53,2012 Maruti Swift VXI
1083,Maruti,Alto 800 VXI,Manual,2013.0,Petrol,796.0,46661.0,1st owner,255000,6715.0,True,No,KA53,2013 Maruti Alto 800 VXI
1084,Renault,Duster RXL PETROL,Manual,2017.0,Petrol,1498.0,67614.0,2nd owner,674000,13177.0,True,No,KA01,2017 Renault Duster RXL PETROL
1085,Hyundai,Grand i10 ASTA 1.2 KAPPA VTVT,Manual,2016.0,Petrol,1197.0,42552.0,1st owner,464000,9071.0,True,No,KA04,2016 Hyundai Grand i10 ASTA 1.2 KAPPA VTVT
1086,Honda,Amaze 1.2L I-VTEC VX,Manual,2018.0,Petrol,1199.0,86555.0,1st owner,597000,11671.0,True,No,KA14,2018 Honda Amaze 1.2L I-VTEC VX
1087,Maruti,Alto K10 VXI (O),Manual,2016.0,Petrol,998.0,19613.0,2nd owner,332000,6491.0,True,No,KA51,2016 Maruti Alto K10 VXI (O)
1088,Maruti,Ciaz DELTA 1.5 SHVS MT PETROL,Manual,2018.0,Petrol,1462.0,42483.0,1st owner,683000,13348.0,True,No,KA01,2018 Maruti Ciaz DELTA 1.5 SHVS MT PETROL
1089,KIA,SONET GTX PLUS 1.0 IMT DUAL TONE,Manual,2022.0,Petrol,998.0,19669.0,1st owner,1165000,22175.0,True,No,KA53,2022 KIA SONET GTX PLUS 1.0 IMT DUAL TONE
1090,Hyundai,Creta SX 1.6 DIESEL,Manual,2019.0,Diesel,1582.0,75395.0,1st owner,1142000,21737.0,True,Yes,KA05,2019 Hyundai Creta SX 1.6 DIESEL
1091,Maruti,Celerio VXI,Manual,2016.0,Petrol,998.0,77365.0,1st owner,391000,7644.0,True,No,KA43,2016 Maruti Celerio VXI
1092,Maruti,Alto K10 VXI,Manual,2011.0,Petrol,998.0,74886.0,1st owner,232000,10921.0,True,No,KA02,2011 Maruti Alto K10 VXI
1093,Maruti,Swift VXI,Manual,2015.0,Petrol,1197.0,40348.0,2nd owner,483000,9443.0,True,No,KA01,2015 Maruti Swift VXI
1094,Honda,City 1.5L I-VTEC VX CVT,Automatic,2017.0,Petrol,1497.0,39311.0,1st owner,855000,16274.0,True,No,KA04,2017 Honda City 1.5L I-VTEC VX CVT
1095,Mahindra,XUV300 W8 (O) 1.2 PETROL,Manual,2021.0,Petrol,1197.0,6528.0,1st owner,1122000,21351.0,True,No,KA03,2021 Mahindra XUV300 W8 (O) 1.2 PETROL
1096,Maruti,Celerio ZXI (O),Manual,2018.0,Petrol,998.0,93813.0,1st owner,426000,8328.0,True,No,KA59,2018 Maruti Celerio ZXI (O)
1097,Maruti,Dzire ZXI AMT,Automatic,2019.0,Petrol,1197.0,28533.0,2nd owner,690000,13481.0,True,Yes,KA04,2019 Maruti Dzire ZXI AMT
1098,Tata,NEXON XZA PLUS (O) PETROL DARK EDITION,Automatic,2021.0,Petrol,1199.0,28606.0,2nd owner,1087000,20681.0,True,Yes,KA03,2021 Tata NEXON XZA PLUS (O) PETROL DARK EDITION
1099,Maruti,Swift Dzire VXI,Manual,2013.0,Petrol,1197.0,59700.0,3rd owner,414000,10897.0,True,No,KA50,2013 Maruti Swift Dzire VXI
1100,KIA,CARENS LUXURY PLUS 1.4 PETROL 7 STR,Manual,2022.0,Petrol,1353.0,40953.0,1st owner,1476000,28094.0,True,Yes,KA18,2022 KIA CARENS LUXURY PLUS 1.4 PETROL 7 STR
1101,Hyundai,Creta SX PLUS AT 1.6 PETROL,Automatic,2016.0,Petrol,1591.0,94859.0,1st owner,854000,16255.0,True,No,KA05,2016 Hyundai Creta SX PLUS AT 1.6 PETROL
1102,Hyundai,Elite i20 ASTA 1.2,Manual,2017.0,Petrol,1197.0,51852.0,2nd owner,633000,12375.0,True,No,KA04,2017 Hyundai Elite i20 ASTA 1.2
1103,MG,HECTOR PLUS SELECT 2.0 DIESEL TURBO MT 7-STR,Manual,2022.0,Diesel,1956.0,15431.0,1st owner,2016000,38373.0,True,No,KA05,2022 MG HECTOR PLUS SELECT 2.0 DIESEL TURBO MT 7-STR
1104,Hyundai,NEW SANTRO SPORTZ MT,Manual,2021.0,Petrol,1086.0,23972.0,1st owner,554000,10835.0,True,No,KA41,2021 Hyundai NEW SANTRO SPORTZ MT
1106,Maruti,Swift VXI,Manual,2011.0,Petrol,1197.0,96506.0,1st owner,351000,16523.0,True,No,KA03,2011 Maruti Swift VXI
1107,Renault,Kwid RXT 1.0 AMT (O),Automatic,2022.0,Petrol,999.0,19430.0,1st owner,532000,10398.0,True,No,KA51,2022 Renault Kwid RXT 1.0 AMT (O)
1108,Hyundai,Grand i10 SPORTZ (O) AT 1.2 KAPPA VTVT,Automatic,2017.0,Petrol,1197.0,46108.0,2nd owner,520000,10166.0,True,No,KA51,2017 Hyundai Grand i10 SPORTZ (O) AT 1.2 KAPPA VTVT
1109,KIA,SONET HTX PLUS 1.0 IMT,Manual,2022.0,Petrol,998.0,14039.0,1st owner,1158000,22049.0,True,No,KA19,2022 KIA SONET HTX PLUS 1.0 IMT
1110,Hyundai,Elite i20 ASTA 1.4 CRDI (O),Manual,2016.0,Diesel,1396.0,86715.0,1st owner,666000,13020.0,True,No,KA03,2016 Hyundai Elite i20 ASTA 1.4 CRDI (O)
1111,Maruti,Ertiga ZXI+ AT SHVS,Automatic,2023.0,Petrol,1462.0,11045.0,1st owner,1323000,25178.0,True,No,KA05,2023 Maruti Ertiga ZXI+ AT SHVS
1112,Maruti,Swift VXI,Manual,2011.0,Petrol,1197.0,64003.0,1st owner,361000,17002.0,True,No,KA04,2011 Maruti Swift VXI
1114,Hyundai,Grand i10 ASTA 1.2 KAPPA VTVT,Manual,2018.0,Petrol,1197.0,92759.0,1st owner,495000,9677.0,True,No,KA05,2018 Hyundai Grand i10 ASTA 1.2 KAPPA VTVT
1115,Hyundai,Creta E PLUS 1.6 PETROL,Manual,2016.0,Petrol,1591.0,89371.0,1st owner,803000,15283.0,True,No,KA01,2016 Hyundai Creta E PLUS 1.6 PETROL
1116,Renault,Duster 110 PS RXL 4X2 AMT,Automatic,2017.0,Diesel,1461.0,60774.0,2nd owner,802000,15265.0,True,Yes,KA03,2017 Renault Duster 110 PS RXL 4X2 AMT
1117,Datsun,Redi Go S 1.0,Manual,2018.0,Petrol,999.0,42955.0,1st owner,276000,5398.0,True,Yes,KA14,2018 Datsun Redi Go S 1.0
1118,KIA,CARENS PRESTIGE 1.4 PETROL 7 STR,Manual,2023.0,Petrol,1482.0,10235.0,1st owner,1266000,24097.0,True,Yes,KA05,2023 KIA CARENS PRESTIGE 1.4 PETROL 7 STR
1119,Tata,NEXON XZA PLUS (O) PETROL,Automatic,2020.0,Petrol,1199.0,38575.0,1st owner,986000,18768.0,True,No,KA05,2020 Tata NEXON XZA PLUS (O) PETROL
1120,Hyundai,Grand i10 ASTA AT 1.2 KAPPA VTVT,Automatic,2016.0,Petrol,1197.0,93065.0,1st owner,439000,8591.0,True,No,KA51,2016 Hyundai Grand i10 ASTA AT 1.2 KAPPA VTVT
1121,Tata,NEXON XZA PLUS (HS) PETROL,Automatic,2022.0,Petrol,1199.0,11001.0,2nd owner,1111000,21147.0,True,Yes,KA53,2022 Tata NEXON XZA PLUS (HS) PETROL
1122,Skoda,Rapid 1.6 MPI STYLE AT,Automatic,2016.0,Petrol,1598.0,35390.0,2nd owner,653000,12774.0,True,No,KA51,2016 Skoda Rapid 1.6 MPI STYLE AT
1123,Tata,NEXON XZ PLUS (O) PETROL,Manual,2021.0,Petrol,1199.0,19430.0,2nd owner,961000,18292.0,True,Yes,KA04,2021 Tata NEXON XZ PLUS (O) PETROL
1124,Maruti,Dzire ZXI Plus AMT,Automatic,2022.0,Petrol,1197.0,24567.0,1st owner,831000,15826.0,True,No,KA05,2022 Maruti Dzire ZXI Plus AMT
1125,Hyundai,Creta SX PLUS AT 1.6 PETROL,Automatic,2017.0,Petrol,1591.0,80561.0,2nd owner,873000,16608.0,True,No,KA03,2017 Hyundai Creta SX PLUS AT 1.6 PETROL
1126,Hyundai,Grand i10 SPORTZ 1.2 KAPPA VTVT,Manual,2015.0,Petrol,1197.0,36318.0,1st owner,458000,8961.0,True,No,KA03,2015 Hyundai Grand i10 SPORTZ 1.2 KAPPA VTVT
1127,Hyundai,i20 ASTA 1.2,Manual,2013.0,Petrol,1197.0,66228.0,2nd owner,404000,10639.0,True,No,KA53,2013 Hyundai i20 ASTA 1.2
1128,Mahindra,XUV500 W6,Manual,2014.0,Diesel,2179.0,87735.0,2nd owner,770000,20274.0,True,No,KA04,2014 Mahindra XUV500 W6
1129,Renault,Kwid CLIMBER AMT 1.0,Automatic,2023.0,Petrol,999.0,3996.0,1st owner,601000,11750.0,True,No,KA05,2023 Renault Kwid CLIMBER AMT 1.0
1131,Maruti,Baleno ZETA PETROL 1.2,Manual,2017.0,Petrol,1197.0,23573.0,1st owner,643000,12571.0,True,No,KA03,2017 Maruti Baleno ZETA PETROL 1.2
1132,Tata,NEXON XZA PLUS (O) PETROL DUAL TONE,Automatic,2020.0,Petrol,1199.0,59046.0,1st owner,974000,18545.0,True,No,KA05,2020 Tata NEXON XZA PLUS (O) PETROL DUAL TONE
1133,Hyundai,i20 SPORTZ 1.2,Manual,2014.0,Petrol,1197.0,69425.0,2nd owner,438000,9752.0,True,No,KA51,2014 Hyundai i20 SPORTZ 1.2
1134,Nissan,Micra XV CVT,Automatic,2014.0,Petrol,1198.0,82542.0,1st owner,359000,7986.0,True,No,KA51,2014 Nissan Micra XV CVT
1135,Maruti,Swift VXI,Manual,2011.0,Petrol,1197.0,104553.0,1st owner,338000,15911.0,True,No,KA03,2011 Maruti Swift VXI
1137,Renault,Kwid RXL 1.0,Manual,2017.0,Petrol,999.0,30823.0,1st owner,338000,6608.0,True,No,KA53,2017 Renault Kwid RXL 1.0
1138,Maruti,Alto K10 VXI,Manual,2014.0,Petrol,998.0,49599.0,1st owner,293000,6518.0,True,Yes,KA53,2014 Maruti Alto K10 VXI
1139,Honda,Amaze 1.5L I-DTEC S CVT,Automatic,2018.0,Diesel,1498.0,79803.0,2nd owner,666000,13025.0,True,No,KA03,2018 Honda Amaze 1.5L I-DTEC S CVT
1140,Maruti,New Wagon-R VXI 1.0 AMT,Automatic,2023.0,Petrol,998.0,8230.0,1st owner,707000,13822.0,True,No,KA51,2023 Maruti New Wagon-R VXI 1.0 AMT
1141,Renault,Duster 110 PS RXL ADVENTURE,Manual,2014.0,Diesel,1461.0,64937.0,1st owner,598000,15742.0,True,No,KA05,2014 Renault Duster 110 PS RXL ADVENTURE
1142,Renault,Kwid RXT 1.0 (O),Manual,2019.0,Petrol,999.0,45725.0,2nd owner,389000,7600.0,True,No,KA19,2019 Renault Kwid RXT 1.0 (O)
1143,Hyundai,Grand i10 ASTA AT 1.2 KAPPA VTVT,Automatic,2015.0,Petrol,1197.0,80638.0,2nd owner,428000,8367.0,True,Yes,KA51,2015 Hyundai Grand i10 ASTA AT 1.2 KAPPA VTVT
1144,Hyundai,Grand i10 ASTA (O) 1.2 KAPPA VTVT,Manual,2016.0,Petrol,1197.0,24183.0,1st owner,528000,10323.0,True,No,KA05,2016 Hyundai Grand i10 ASTA (O) 1.2 KAPPA VTVT
1145,Tata,Safari XZ PLUS 6S ADVENTURE,Manual,2022.0,Diesel,1956.0,39627.0,1st owner,1910000,36355.0,True,No,KA51,2022 Tata Safari XZ PLUS 6S ADVENTURE
1146,Hyundai,Grand i10 ASTA 1.2 KAPPA VTVT,Manual,2017.0,Petrol,1197.0,60620.0,1st owner,488000,9540.0,True,No,KA41,2017 Hyundai Grand i10 ASTA 1.2 KAPPA VTVT
1147,Tata,NEXON XZ PLUS (PREMIUM) PETROL JET,Manual,2022.0,Petrol,1199.0,30058.0,1st owner,1181000,22479.0,True,No,KA09,2022 Tata NEXON XZ PLUS (PREMIUM) PETROL JET
1148,KIA,SONET GTX PLUS 1.0 IMT,Manual,2020.0,Petrol,998.0,32712.0,2nd owner,1014000,19301.0,True,No,KA05,2020 KIA SONET GTX PLUS 1.0 IMT
1149,Maruti,Ciaz ZXI,Manual,2016.0,Petrol,1373.0,68199.0,2nd owner,602000,11761.0,True,No,KA01,2016 Maruti Ciaz ZXI
1150,Maruti,Ciaz ALPHA 1.4 PETROL,Manual,2017.0,Petrol,1373.0,43129.0,1st owner,670000,13089.0,True,No,KA19,2017 Maruti Ciaz ALPHA 1.4 PETROL
1151,Maruti,Ciaz ALPHA 1.5 SHVS PETROL,Manual,2022.0,Petrol,1462.0,14772.0,1st owner,950000,18082.0,True,No,KA01,2022 Maruti Ciaz ALPHA 1.5 SHVS PETROL
1152,Hyundai,Grand i10 MAGNA 1.2 KAPPA VTVT,Manual,2017.0,Petrol,1197.0,69760.0,2nd owner,425000,8309.0,True,No,KA05,2017 Hyundai Grand i10 MAGNA 1.2 KAPPA VTVT
1153,Hyundai,Creta SX PLUS AT 1.6 PETROL,Automatic,2016.0,Petrol,1591.0,97183.0,1st owner,837000,15932.0,True,No,KA04,2016 Hyundai Creta SX PLUS AT 1.6 PETROL
1154,Maruti,IGNIS ALPHA 1.2 AMT,Automatic,2021.0,Petrol,1197.0,29003.0,1st owner,755000,14754.0,True,No,KA05,2021 Maruti IGNIS ALPHA 1.2 AMT
1155,Hyundai,VENUE SX 1.0 (O) TURBO IMT,Manual,2021.0,Petrol,998.0,17981.0,1st owner,1059000,20157.0,True,No,KA53,2021 Hyundai VENUE SX 1.0 (O) TURBO IMT
1156,Tata,NEXON XZA PLUS (O) PETROL,Automatic,2022.0,Petrol,1199.0,13619.0,1st owner,1225000,23325.0,True,No,KA53,2022 Tata NEXON XZA PLUS (O) PETROL
1157,Renault,Kwid RXT 1.0 AMT,Automatic,2023.0,Petrol,999.0,1343.0,2nd owner,602000,11769.0,True,No,KA19,2023 Renault Kwid RXT 1.0 AMT
1158,Hyundai,Grand i10 ASTA (O) 1.2 KAPPA VTVT,Manual,2016.0,Petrol,1197.0,41208.0,1st owner,517000,10107.0,True,No,KA51,2016 Hyundai Grand i10 ASTA (O) 1.2 KAPPA VTVT
1159,Maruti,Baleno ALPHA CVT PETROL 1.2,Automatic,2017.0,Petrol,1197.0,22358.0,1st owner,712000,13920.0,True,No,KA05,2017 Maruti Baleno ALPHA CVT PETROL 1.2
1160,Nissan,Micra Active XV,Manual,2015.0,Petrol,1198.0,59365.0,1st owner,352000,6882.0,True,No,KA04,2015 Nissan Micra Active XV
1161,Hyundai,Grand i10 ASTA 1.2 KAPPA VTVT,Manual,2018.0,Petrol,1197.0,91312.0,1st owner,510000,9971.0,True,No,KA51,2018 Hyundai Grand i10 ASTA 1.2 KAPPA VTVT
1162,Maruti,Celerio VXI AMT,Automatic,2019.0,Petrol,998.0,28264.0,2nd owner,528000,10323.0,True,No,KA51,2019 Maruti Celerio VXI AMT
1163,Maruti,Ertiga ZDI + SHVS,Manual,2018.0,Diesel,1248.0,69668.0,1st owner,974000,18539.0,True,No,KA03,2018 Maruti Ertiga ZDI + SHVS
1164,Renault,Duster 110 PS RXZ DIESEL PLUS,Manual,2015.0,Diesel,1461.0,105373.0,1st owner,605000,13458.0,True,No,KA01,2015 Renault Duster 110 PS RXZ DIESEL PLUS
1165,Maruti,Baleno DELTA CVT PETROL 1.2,Automatic,2021.0,Petrol,1197.0,19123.0,1st owner,811000,15436.0,True,No,KA09,2021 Maruti Baleno DELTA CVT PETROL 1.2
1166,Mahindra,XUV300 W8 (O) 1.5 DIESEL,Manual,2019.0,Diesel,1497.0,35712.0,2nd owner,1032000,19651.0,True,Yes,KA03,2019 Mahindra XUV300 W8 (O) 1.5 DIESEL
1167,Maruti,Celerio VXI,Manual,2017.0,Petrol,998.0,37599.0,1st owner,467000,9138.0,True,No,KA21,2017 Maruti Celerio VXI
1168,Maruti,Ciaz ZXI,Manual,2015.0,Petrol,1373.0,97889.0,2nd owner,575000,11241.0,True,No,KA51,2015 Maruti Ciaz ZXI
1169,Hyundai,i10 MAGNA 1.1,Manual,2011.0,Petrol,1086.0,70589.0,2nd owner,240000,11298.0,True,No,KA51,2011 Hyundai i10 MAGNA 1.1
1170,Maruti,Alto K10 VXI AMT,Automatic,2023.0,Petrol,998.0,3136.0,1st owner,544000,10635.0,True,No,KA50,2023 Maruti Alto K10 VXI AMT
1171,Tata,Zest XTA F-TRONIC DIESEL,Automatic,2015.0,Diesel,1248.0,79684.0,1st owner,452000,10054.0,True,Yes,KA01,2015 Tata Zest XTA F-TRONIC DIESEL
1172,Maruti,Ciaz ZXI+,Manual,2016.0,Petrol,1373.0,34800.0,2nd owner,638000,12473.0,True,No,KA04,2016 Maruti Ciaz ZXI+
1173,Hyundai,Grand i10 ASTA (O) 1.2 KAPPA VTVT,Manual,2016.0,Petrol,1197.0,49862.0,1st owner,511000,9990.0,True,No,KA03,2016 Hyundai Grand i10 ASTA (O) 1.2 KAPPA VTVT
1174,Hyundai,NEW SANTRO SPORTZ AMT,Automatic,2019.0,Petrol,1086.0,52278.0,1st owner,514000,10058.0,True,No,KA01,2019 Hyundai NEW SANTRO SPORTZ AMT
1175,Honda,Amaze 1.2L I-VTEC VX,Manual,2019.0,Petrol,1199.0,25138.0,1st owner,705000,13789.0,True,No,KA03,2019 Honda Amaze 1.2L I-VTEC VX
1176,Skoda,Rapid STYLE 1.5 TDI AT,Automatic,2017.0,Diesel,1498.0,95524.0,1st owner,878000,16712.0,True,Yes,KA05,2017 Skoda Rapid STYLE 1.5 TDI AT
1177,Hyundai,Grand i10 SPORTZ AT 1.2 KAPPA VTVT,Automatic,2019.0,Petrol,1197.0,73192.0,1st owner,593000,11588.0,True,No,KA05,2019 Hyundai Grand i10 SPORTZ AT 1.2 KAPPA VTVT
1178,Hyundai,Elite i20 ASTA 1.2 (O),Manual,2016.0,Petrol,1197.0,71357.0,1st owner,646000,12625.0,True,No,KA05,2016 Hyundai Elite i20 ASTA 1.2 (O)
1179,Renault,Kwid RXT 1.0 AMT (O),Automatic,2020.0,Petrol,999.0,38494.0,1st owner,477000,9329.0,True,No,KA06,2020 Renault Kwid RXT 1.0 AMT (O)
1180,Tata,Tiago XZA PLUS PETROL,Automatic,2023.0,Petrol,1199.0,10526.0,1st owner,777000,15194.0,True,No,KA05,2023 Tata Tiago XZA PLUS PETROL
1181,Maruti,Baleno ZETA PETROL 1.2,Manual,2017.0,Petrol,1197.0,48247.0,1st owner,639000,12496.0,True,No,KA52,2017 Maruti Baleno ZETA PETROL 1.2
1182,Maruti,Baleno DELTA CVT PETROL 1.2,Automatic,2017.0,Petrol,1197.0,74601.0,1st owner,617000,12069.0,True,No,KA01,2017 Maruti Baleno DELTA CVT PETROL 1.2
1183,Tata,ALTROZ XZ PLUS I-TURBO PETROL DARK EDITION,Manual,2021.0,Petrol,1199.0,25012.0,1st owner,870000,16560.0,True,No,KA05,2021 Tata ALTROZ XZ PLUS I-TURBO PETROL DARK EDITION
1184,Maruti,S PRESSO VXI+,Manual,2021.0,Petrol,998.0,34267.0,2nd owner,439000,8592.0,True,No,KA53,2021 Maruti S PRESSO VXI+
1185,Honda,Amaze 1.2L I-VTEC SX,Manual,2017.0,Petrol,1198.0,47200.0,1st owner,531000,10385.0,True,No,KA05,2017 Honda Amaze 1.2L I-VTEC SX
1186,Mahindra,XUV300 W8 (O) 1.2 PETROL AMT,Automatic,2023.0,Petrol,1197.0,5990.0,1st owner,1257000,23920.0,True,Yes,KA01,2023 Mahindra XUV300 W8 (O) 1.2 PETROL AMT
1187,Maruti,Alto LXI O,Manual,2020.0,Petrol,796.0,2598.0,1st owner,372000,7265.0,True,No,KA51,2020 Maruti Alto LXI O
1188,Maruti,Celerio ZXI AMT,Automatic,2016.0,Petrol,998.0,51729.0,1st owner,454000,8883.0,True,No,KA41,2016 Maruti Celerio ZXI AMT
1189,Maruti,Wagon R 1.0 VXI,Manual,2011.0,Petrol,998.0,34408.0,2nd owner,277000,13031.0,True,Yes,KA02,2011 Maruti Wagon R 1.0 VXI
1190,KIA,SELTOS X LINE 1.5 DIESEL AT,Automatic,2022.0,Diesel,1493.0,43707.0,2nd owner,1698000,32320.0,True,No,KA50,2022 KIA SELTOS X LINE 1.5 DIESEL AT
1191,Maruti,Celerio VXI AMT,Automatic,2015.0,Petrol,998.0,52643.0,1st owner,404000,7898.0,True,No,KA05,2015 Maruti Celerio VXI AMT
1192,Renault,Kwid 1.0 MARVEL IRON MAN EDITION,Manual,2018.0,Petrol,999.0,47928.0,1st owner,398000,7781.0,True,No,KA51,2018 Renault Kwid 1.0 MARVEL IRON MAN EDITION
1193,Honda,Brio S(O) MT,Manual,2012.0,Petrol,1198.0,143991.0,1st owner,269000,8935.0,True,No,KA51,2012 Honda Brio S(O) MT
1194,Hyundai,AURA SX PLUS 1.2 AMT CRDI,Automatic,2020.0,Diesel,1186.0,49985.0,2nd owner,794000,15519.0,True,No,KA05,2020 Hyundai AURA SX PLUS 1.2 AMT CRDI
1195,Maruti,Ertiga VXI,Manual,2013.0,Petrol,1373.0,51980.0,1st owner,588000,15493.0,True,No,KA05,2013 Maruti Ertiga VXI
1196,Maruti,Celerio ZXI PLUS AGS,Automatic,2021.0,Petrol,998.0,25548.0,1st owner,671000,13118.0,True,Yes,KA51,2021 Maruti Celerio ZXI PLUS AGS
1197,Hyundai,Grand i10 ASTA 1.2 KAPPA VTVT,Manual,2017.0,Petrol,1197.0,40780.0,1st owner,507000,9912.0,True,No,KA04,2017 Hyundai Grand i10 ASTA 1.2 KAPPA VTVT
1198,Tata,NEXON XZA PLUS PETROL,Automatic,2020.0,Petrol,1199.0,54681.0,1st owner,918000,17480.0,True,No,KA51,2020 Tata NEXON XZA PLUS PETROL
1199,Hyundai,Grand i10 ASTA 1.2 KAPPA VTVT,Manual,2015.0,Petrol,1197.0,50784.0,1st owner,484000,9466.0,True,No,KA41,2015 Hyundai Grand i10 ASTA 1.2 KAPPA VTVT
1200,Maruti,Swift VXI,Manual,2016.0,Petrol,1197.0,92639.0,2nd owner,538000,10524.0,True,No,KA19,2016 Maruti Swift VXI
1201,Maruti,Ciaz ZETA 1.4  AT PETROL,Automatic,2018.0,Petrol,1373.0,50334.0,2nd owner,697000,13626.0,True,No,KA05,2018 Maruti Ciaz ZETA 1.4  AT PETROL
1202,Hyundai,Eon ERA,Manual,2011.0,Petrol,814.0,58637.0,1st owner,219000,10309.0,True,No,KA19,2011 Hyundai Eon ERA
1204,Honda,City 1.5L I-VTEC S MT,Manual,2012.0,Petrol,1497.0,87836.0,2nd owner,458000,15212.0,True,No,KA51,2012 Honda City 1.5L I-VTEC S MT
1205,Renault,TRIBER RXT,Manual,2023.0,Petrol,999.0,20332.0,1st owner,780000,15254.0,True,No,KA20,2023 Renault TRIBER RXT
1206,Hyundai,i10 ASTA 1.2,Manual,2013.0,Petrol,1197.0,61285.0,1st owner,384000,10102.0,True,No,KA53,2013 Hyundai i10 ASTA 1.2
1207,Renault,Kwid CLIMBER 1.0 AMT (O),Automatic,2021.0,Petrol,999.0,29584.0,1st owner,539000,10533.0,True,No,KA04,2021 Renault Kwid CLIMBER 1.0 AMT (O)
1208,Maruti,Wagon R 1.0 VXI,Manual,2016.0,Petrol,998.0,30478.0,1st owner,397000,7758.0,True,No,KA01,2016 Maruti Wagon R 1.0 VXI
1209,Hyundai,Grand i10 SPORTZ 1.2 KAPPA VTVT,Manual,2015.0,Petrol,1197.0,60972.0,2nd owner,421000,8238.0,True,Yes,KA02,2015 Hyundai Grand i10 SPORTZ 1.2 KAPPA VTVT
1210,Hyundai,Creta SX PLUS AT 1.6 PETROL,Automatic,2017.0,Petrol,1591.0,40475.0,1st owner,1025000,19510.0,True,Yes,KA01,2017 Hyundai Creta SX PLUS AT 1.6 PETROL
1211,Maruti,Celerio VXI AMT (O),Automatic,2016.0,Petrol,998.0,38929.0,2nd owner,480000,9386.0,True,No,KA05,2016 Maruti Celerio VXI AMT (O)
1212,Hyundai,Grand i10 SPORTZ 1.2 KAPPA VTVT,Manual,2019.0,Petrol,1197.0,51615.0,1st owner,544000,10635.0,True,No,KA05,2019 Hyundai Grand i10 SPORTZ 1.2 KAPPA VTVT
1213,Maruti,Swift VXI,Manual,2015.0,Petrol,1197.0,34717.0,1st owner,546000,10669.0,True,No,KA04,2015 Maruti Swift VXI
1214,Hyundai,Elite i20 MAGNA 1.2,Manual,2016.0,Petrol,1197.0,55009.0,2nd owner,508000,9934.0,True,No,KA51,2016 Hyundai Elite i20 MAGNA 1.2
1215,Maruti,Ciaz ALPHA  AT 1.5 SHVS PETROL,Automatic,2019.0,Petrol,1462.0,49968.0,1st owner,848000,16141.0,True,No,KA51,2019 Maruti Ciaz ALPHA  AT 1.5 SHVS PETROL
1216,Hyundai,Grand i10 SPORTZ (O) 1.2 KAPPA VTVT,Manual,2017.0,Petrol,1197.0,34496.0,1st owner,491000,9599.0,True,No,KA05,2017 Hyundai Grand i10 SPORTZ (O) 1.2 KAPPA VTVT
1217,Hyundai,i10 SPORTZ 1.2,Manual,2013.0,Petrol,1197.0,55303.0,2nd owner,323000,8506.0,True,No,KA05,2013 Hyundai i10 SPORTZ 1.2
1218,Hyundai,VENUE SX PLUS 1.0 TURBO DCT,Automatic,2019.0,Petrol,998.0,21881.0,1st owner,964000,18349.0,True,Yes,KA02,2019 Hyundai VENUE SX PLUS 1.0 TURBO DCT
1219,Maruti,Celerio VXI,Manual,2016.0,Petrol,998.0,29309.0,2nd owner,440000,8610.0,True,Yes,KA53,2016 Maruti Celerio VXI
1220,Hyundai,Grand i10 ASTA AT 1.2 KAPPA VTVT,Automatic,2015.0,Petrol,1197.0,47369.0,1st owner,480000,9384.0,True,No,KA03,2015 Hyundai Grand i10 ASTA AT 1.2 KAPPA VTVT
1221,Hyundai,Elite i20 ASTA 1.2 (O),Manual,2016.0,Petrol,1197.0,37075.0,1st owner,666000,13017.0,True,No,WB02,2016 Hyundai Elite i20 ASTA 1.2 (O)
1222,Maruti,S PRESSO VXI (O),Manual,2019.0,Petrol,998.0,44848.0,1st owner,395000,7719.0,True,No,KA04,2019 Maruti S PRESSO VXI (O)
1223,Hyundai,Xcent SX 1.2,Manual,2017.0,Petrol,1197.0,55733.0,1st owner,576000,11267.0,True,No,KA51,2017 Hyundai Xcent SX 1.2
1224,Maruti,Baleno ALPHA PETROL 1.2,Manual,2017.0,Petrol,1197.0,57103.0,1st owner,663000,12957.0,True,No,KA05,2017 Maruti Baleno ALPHA PETROL 1.2
1225,Mahindra,XUV300 W8 (O) 1.2 PETROL AMT,Automatic,2022.0,Petrol,1197.0,11911.0,1st owner,1173000,22329.0,True,Yes,KA01,2022 Mahindra XUV300 W8 (O) 1.2 PETROL AMT
1226,KIA,SONET GTX PLUS 1.5 AT,Automatic,2021.0,Diesel,1493.0,27903.0,1st owner,1270000,24173.0,True,No,KA03,2021 KIA SONET GTX PLUS 1.5 AT
1227,Renault,Kwid RXT 1.0 AMT (O),Automatic,2021.0,Petrol,999.0,14078.0,1st owner,512000,10011.0,True,No,KA05,2021 Renault Kwid RXT 1.0 AMT (O)
1228,KIA,SONET GTX PLUS 1.0 IMT,Manual,2022.0,Petrol,998.0,11338.0,1st owner,1190000,22651.0,True,No,KA50,2022 KIA SONET GTX PLUS 1.0 IMT
1229,Maruti,S PRESSO VXI AMT,Automatic,2020.0,Petrol,998.0,18350.0,2nd owner,432000,8448.0,True,No,KA05,2020 Maruti S PRESSO VXI AMT
1230,Toyota,Etios Liva GD,Manual,2012.0,Diesel,1364.0,115572.0,3rd owner,350000,16465.0,True,No,KA53,2012 Toyota Etios Liva GD
1231,Tata,NEXON XZ PLUS (L),Manual,2022.0,Petrol,1199.0,15749.0,1st owner,1158000,22041.0,True,Yes,KA06,2022 Tata NEXON XZ PLUS (L)
1232,Maruti,S PRESSO VXI+,Manual,2020.0,Petrol,998.0,21196.0,1st owner,433000,8465.0,True,No,KA03,2020 Maruti S PRESSO VXI+
1233,Hyundai,NEW SANTRO SPORTZ MT,Manual,2019.0,Petrol,1086.0,43255.0,1st owner,459000,8974.0,True,No,KA04,2019 Hyundai NEW SANTRO SPORTZ MT
1234,Maruti,Baleno ALPHA CVT PETROL 1.2,Automatic,2018.0,Petrol,1197.0,24368.0,2nd owner,694000,13568.0,True,No,KA53,2018 Maruti Baleno ALPHA CVT PETROL 1.2
1235,KIA,SELTOS GTX PLUS 1.4 PETROL,Manual,2022.0,Petrol,1353.0,23020.0,1st owner,1590000,30264.0,True,No,KA51,2022 KIA SELTOS GTX PLUS 1.4 PETROL
1236,Honda,Jazz 1.2L I-VTEC V AT,Automatic,2015.0,Petrol,1199.0,55600.0,2nd owner,564000,11026.0,True,No,KA19,2015 Honda Jazz 1.2L I-VTEC V AT
1237,Maruti,Celerio ZXI AMT,Automatic,2018.0,Petrol,998.0,35370.0,1st owner,516000,10082.0,True,No,KA06,2018 Maruti Celerio ZXI AMT
1238,Honda,Brio S MT,Manual,2015.0,Petrol,1198.0,70281.0,2nd owner,379000,7414.0,True,No,KA04,2015 Honda Brio S MT
1239,Maruti,Celerio VXI AMT (O),Automatic,2016.0,Petrol,998.0,62447.0,1st owner,436000,8524.0,True,No,KA50,2016 Maruti Celerio VXI AMT (O)
1240,Hyundai,Grand i10 SPORTZ 1.2 KAPPA VTVT,Manual,2018.0,Petrol,1197.0,11853.0,1st owner,594000,11608.0,True,Yes,KA51,2018 Hyundai Grand i10 SPORTZ 1.2 KAPPA VTVT
1241,Maruti,Alto K10 VXI PLUS,Manual,2022.0,Petrol,998.0,13847.0,1st owner,476000,9306.0,True,Yes,KA05,2022 Maruti Alto K10 VXI PLUS
1242,Mahindra,XUV300 W8 (O) 1.5 DIESEL,Manual,2021.0,Diesel,1497.0,38811.0,2nd owner,1066000,20290.0,True,No,KA17,2021 Mahindra XUV300 W8 (O) 1.5 DIESEL
1243,Honda,City 1.5L I-VTEC V MT,Manual,2013.0,Petrol,1497.0,103965.0,2nd owner,447000,11766.0,True,No,KA53,2013 Honda City 1.5L I-VTEC V MT
1244,KIA,SELTOS GTX (O) 1.4,Manual,2022.0,Petrol,1353.0,8827.0,1st owner,1637000,31159.0,True,No,KA05,2022 KIA SELTOS GTX (O) 1.4
1245,Hyundai,Eon MAGNA +,Manual,2017.0,Petrol,814.0,21454.0,1st owner,367000,7183.0,True,No,KA17,2017 Hyundai Eon MAGNA +
1246,Hyundai,Grand i10 ASTA (O) 1.2 KAPPA VTVT,Manual,2016.0,Petrol,1197.0,74972.0,2nd owner,467000,9130.0,True,No,KA53,2016 Hyundai Grand i10 ASTA (O) 1.2 KAPPA VTVT
1247,Maruti,Wagon R 1.0 VXI AMT,Automatic,2017.0,Petrol,998.0,84182.0,2nd owner,418000,8180.0,True,No,KA04,2017 Maruti Wagon R 1.0 VXI AMT
1248,KIA,SONET GTX PLUS 1.0 DCT,Automatic,2020.0,Petrol,998.0,33714.0,2nd owner,1075000,20462.0,True,No,KA05,2020 KIA SONET GTX PLUS 1.0 DCT
1249,Maruti,Celerio VXI AMT (O),Automatic,2016.0,Petrol,998.0,62383.0,1st owner,437000,8543.0,True,No,KA05,2016 Maruti Celerio VXI AMT (O)
1250,Maruti,New Wagon-R VXI 1.2 AMT,Automatic,2019.0,Petrol,1197.0,16416.0,2nd owner,574000,11222.0,True,No,KA05,2019 Maruti New Wagon-R VXI 1.2 AMT
1251,Hyundai,Grand i10 SPORTZ 1.2 KAPPA VTVT,Manual,2018.0,Petrol,1197.0,31709.0,1st owner,553000,10811.0,True,No,KA53,2018 Hyundai Grand i10 SPORTZ 1.2 KAPPA VTVT
1252,KIA,SONET GTX PLUS 1.0 IMT,Manual,2020.0,Petrol,998.0,31141.0,1st owner,1064000,20252.0,True,Yes,KA01,2020 KIA SONET GTX PLUS 1.0 IMT
1253,Maruti,Swift ZXI AMT,Automatic,2019.0,Petrol,1197.0,34361.0,2nd owner,679000,13275.0,True,No,KA03,2019 Maruti Swift ZXI AMT
1254,Tata,Tiago XZA PETROL,Automatic,2017.0,Petrol,1199.0,35894.0,1st owner,492000,9619.0,True,No,KA53,2017 Tata Tiago XZA PETROL
1255,Maruti,Swift Dzire ZXI,Manual,2015.0,Petrol,1197.0,30728.0,1st owner,574000,11222.0,True,No,KA01,2015 Maruti Swift Dzire ZXI
1256,Maruti,Alto VXI PLUS,Manual,2021.0,Petrol,796.0,29878.0,2nd owner,379000,7416.0,True,No,KA53,2021 Maruti Alto VXI PLUS
1257,Renault,Kwid CLIMBER 1.0 AMT,Automatic,2017.0,Petrol,999.0,16333.0,1st owner,409000,7997.0,True,No,KA01,2017 Renault Kwid CLIMBER 1.0 AMT
1258,Hyundai,NEW SANTRO MAGNA AMT,Automatic,2021.0,Petrol,1086.0,21104.0,1st owner,557000,10881.0,True,No,KA51,2021 Hyundai NEW SANTRO MAGNA AMT
1259,Mahindra,XUV500 W7 AT,Automatic,2018.0,Diesel,2179.0,67919.0,1st owner,1253000,23850.0,True,Yes,KA03,2018 Mahindra XUV500 W7 AT
1260,Renault,TRIBER RXT AMT,Automatic,2022.0,Petrol,999.0,5146.0,1st owner,716000,13998.0,True,Yes,KA03,2022 Renault TRIBER RXT AMT
1261,Maruti,Celerio ZXI AMT (O),Automatic,2016.0,Petrol,998.0,39987.0,2nd owner,442000,8632.0,True,No,KA51,2016 Maruti Celerio ZXI AMT (O)
1262,Tata,Tiago XZ PETROL,Manual,2016.0,Petrol,1199.0,70208.0,2nd owner,372000,7273.0,True,No,KA36,2016 Tata Tiago XZ PETROL
1263,Maruti,Swift VXI,Manual,2015.0,Petrol,1197.0,66341.0,2nd owner,538000,10527.0,True,No,KA02,2015 Maruti Swift VXI
1264,Hyundai,NEW I20 N LINE N8 1.0 TURBO GDI IMT,Manual,2021.0,Petrol,998.0,26841.0,1st owner,1032000,19639.0,True,No,KA05,2021 Hyundai NEW I20 N LINE N8 1.0 TURBO GDI IMT
1265,Maruti,Baleno DELTA PETROL 1.2,Manual,2022.0,Petrol,1197.0,9426.0,1st owner,765000,14964.0,True,No,KA09,2022 Maruti Baleno DELTA PETROL 1.2
1266,Hyundai,Xcent S 1.2,Manual,2014.0,Petrol,1197.0,65685.0,1st owner,387000,8609.0,True,Yes,KA03,2014 Hyundai Xcent S 1.2
1267,Honda,City 1.5L I-VTEC VX CVT,Automatic,2015.0,Petrol,1497.0,83630.0,2nd owner,599000,11711.0,True,No,KA05,2015 Honda City 1.5L I-VTEC VX CVT
1268,Maruti,Ritz VDI,Manual,2011.0,Diesel,1248.0,72673.0,1st owner,357000,31740.0,True,No,KA05,2011 Maruti Ritz VDI
1269,Hyundai,Creta E PLUS 1.6 PETROL,Manual,2016.0,Petrol,1591.0,54309.0,1st owner,820000,15608.0,True,Yes,KA41,2016 Hyundai Creta E PLUS 1.6 PETROL
1270,Tata,Zest XT PETROL,Manual,2017.0,Petrol,1193.0,53944.0,1st owner,416000,8133.0,True,No,KA06,2017 Tata Zest XT PETROL
1271,Renault,Duster 85 PS RXS MT DIESEL,Manual,2018.0,Diesel,1461.0,29232.0,1st owner,851000,16205.0,True,No,KA01,2018 Renault Duster 85 PS RXS MT DIESEL
1272,Mahindra,XUV500 W11 AT,Automatic,2020.0,Diesel,2179.0,59594.0,1st owner,1535000,29217.0,True,Yes,KA51,2020 Mahindra XUV500 W11 AT
1273,Hyundai,Elite i20 ASTA 1.2 (O),Manual,2018.0,Petrol,1197.0,81961.0,1st owner,657000,12844.0,True,No,KA41,2018 Hyundai Elite i20 ASTA 1.2 (O)
1274,KIA,CARENS LUXURY PLUS 1.4 PETROL 6 STR,Manual,2022.0,Petrol,1353.0,20460.0,2nd owner,1519000,28913.0,True,No,KA03,2022 KIA CARENS LUXURY PLUS 1.4 PETROL 6 STR
1275,Volkswagen,TAIGUN TOPLINE 1.0 TSI MT,Manual,2022.0,Petrol,999.0,7749.0,1st owner,1429000,27200.0,True,No,KA03,2022 Volkswagen TAIGUN TOPLINE 1.0 TSI MT
1276,Ford,Ecosport TITANIUM 1.5L DIESEL,Manual,2013.0,Diesel,1498.0,68381.0,1st owner,531000,17637.0,True,No,KA19,2013 Ford Ecosport TITANIUM 1.5L DIESEL
1277,KIA,SELTOS GTX PLUS DCT 1.4 PETROL,Automatic,2019.0,Petrol,1353.0,29077.0,1st owner,1472000,28012.0,True,Yes,KA03,2019 KIA SELTOS GTX PLUS DCT 1.4 PETROL
1278,KIA,CARENS LUXURY PLUS 1.4 PETROL 7 STR,Manual,2022.0,Petrol,1353.0,20581.0,1st owner,1544000,29389.0,True,No,KA34,2022 KIA CARENS LUXURY PLUS 1.4 PETROL 7 STR
1279,Maruti,Celerio VXI AMT,Automatic,2014.0,Petrol,998.0,44535.0,1st owner,372000,8270.0,True,No,KA02,2014 Maruti Celerio VXI AMT
1280,Maruti,Swift Dzire VXI,Manual,2012.0,Petrol,1197.0,104807.0,3rd owner,348000,11548.0,True,No,KA51,2012 Maruti Swift Dzire VXI
1281,Maruti,Dzire VXI,Manual,2018.0,Petrol,1197.0,19437.0,1st owner,646000,12629.0,True,No,KA17,2018 Maruti Dzire VXI
1282,Hyundai,Grand i10 SPORTZ 1.2 KAPPA VTVT,Manual,2018.0,Petrol,1197.0,4893.0,1st owner,558000,10917.0,True,No,KA19,2018 Hyundai Grand i10 SPORTZ 1.2 KAPPA VTVT
1283,Tata,Tiago XT PETROL,Manual,2017.0,Petrol,1199.0,67872.0,2nd owner,397000,7761.0,True,No,KA03,2017 Tata Tiago XT PETROL
1284,Renault,TRIBER RXT AMT,Automatic,2022.0,Petrol,999.0,35860.0,1st owner,665000,13001.0,True,No,KA51,2022 Renault TRIBER RXT AMT
1285,Nissan,Terrano XL (P),Manual,2013.0,Petrol,1598.0,101262.0,2nd owner,433000,11403.0,True,No,KA05,2013 Nissan Terrano XL (P)
1286,Maruti,Celerio VXI AMT,Automatic,2014.0,Petrol,998.0,10558.0,1st owner,397000,8825.0,True,No,KA05,2014 Maruti Celerio VXI AMT
1287,Maruti,Swift VXI,Manual,2015.0,Petrol,1197.0,74945.0,3rd owner,453000,8856.0,True,No,KA04,2015 Maruti Swift VXI
1288,Maruti,Dzire VXI AMT,Automatic,2022.0,Petrol,1197.0,16023.0,1st owner,739000,14448.0,True,Yes,KA03,2022 Maruti Dzire VXI AMT
1289,Maruti,Alto K10 LXI,Manual,2014.0,Petrol,998.0,63792.0,1st owner,263000,5841.0,True,No,KA02,2014 Maruti Alto K10 LXI
1290,Maruti,Swift ZXI AMT,Automatic,2019.0,Petrol,1197.0,21955.0,1st owner,676000,13216.0,True,No,KA04,2019 Maruti Swift ZXI AMT
1291,KIA,SELTOS GTX PLUS 1.5 DIESEL AT,Automatic,2022.0,Diesel,1493.0,28064.0,2nd owner,1759000,33481.0,True,No,KA09,2022 KIA SELTOS GTX PLUS 1.5 DIESEL AT
1292,Maruti,S PRESSO VXI PLUS (O) AMT,Automatic,2023.0,Petrol,998.0,7370.0,1st owner,632000,12356.0,True,Yes,KA05,2023 Maruti S PRESSO VXI PLUS (O) AMT
1293,Maruti,Celerio VXI AMT,Automatic,2014.0,Petrol,998.0,71320.0,1st owner,364000,8097.0,True,No,KA01,2014 Maruti Celerio VXI AMT
1294,Hyundai,Verna 1.6 VTVT SX (O) AT,Automatic,2018.0,Petrol,1591.0,19936.0,1st owner,952000,18120.0,True,No,KA05,2018 Hyundai Verna 1.6 VTVT SX (O) AT
1295,KIA,SONET GTX PLUS 1.0 DCT,Automatic,2020.0,Petrol,998.0,54309.0,1st owner,1076000,20481.0,True,No,KA70,2020 KIA SONET GTX PLUS 1.0 DCT
1296,Nissan,Terrano XL (D),Manual,2014.0,Diesel,1461.0,96242.0,2nd owner,542000,14279.0,True,No,KA14,2014 Nissan Terrano XL (D)
1297,Hyundai,Eon ERA +,Manual,2013.0,Petrol,814.0,46840.0,2nd owner,245000,6442.0,True,No,KA03,2013 Hyundai Eon ERA +
1298,Nissan,MAGNITE XL,Manual,2021.0,Petrol,999.0,27578.0,1st owner,630000,12317.0,True,No,KA18,2021 Nissan MAGNITE XL
1299,Hyundai,Grand i10 SPORTZ (O) AT 1.2 KAPPA VTVT,Automatic,2018.0,Petrol,1197.0,52442.0,1st owner,587000,11481.0,True,No,KA28,2018 Hyundai Grand i10 SPORTZ (O) AT 1.2 KAPPA VTVT
1301,Tata,TIGOR XZA PLUS PETROL,Automatic,2020.0,Petrol,1199.0,80167.0,1st owner,741000,14487.0,True,No,KA13,2020 Tata TIGOR XZA PLUS PETROL
1302,Honda,BR-V 1.5L I-VTEC V CVT,Automatic,2016.0,Petrol,1497.0,54517.0,1st owner,785000,15351.0,True,No,KA25,2016 Honda BR-V 1.5L I-VTEC V CVT
1303,Maruti,Ertiga VXI,Manual,2017.0,Petrol,1373.0,78030.0,1st owner,787000,15377.0,True,No,KA25,2017 Maruti Ertiga VXI
1304,Maruti,Ciaz ZXI,Manual,2014.0,Petrol,1373.0,86694.0,2nd owner,511000,11370.0,True,No,KA22,2014 Maruti Ciaz ZXI
1305,Maruti,S PRESSO VXI PLUS AMT,Automatic,2020.0,Petrol,998.0,40407.0,1st owner,475000,9278.0,True,No,KA26,2020 Maruti S PRESSO VXI PLUS AMT
1306,Maruti,Ritz ZDI,Manual,2015.0,Diesel,1248.0,54109.0,1st owner,491000,10922.0,True,No,KA25,2015 Maruti Ritz ZDI
1307,Tata,ALTROZ XE PETROL,Manual,2020.0,Petrol,1199.0,49439.0,1st owner,556000,10870.0,True,No,KA63,2020 Tata ALTROZ XE PETROL
1308,KIA,CARENS LUXURY PLUS 1.4 PETROL 7 STR,Manual,2022.0,Petrol,1353.0,34444.0,1st owner,1607000,30588.0,True,No,KA27,2022 KIA CARENS LUXURY PLUS 1.4 PETROL 7 STR
1310,Hyundai,NEW SANTRO SPORTZ AMT,Automatic,2021.0,Petrol,1086.0,29384.0,2nd owner,543000,10608.0,True,No,KA22,2021 Hyundai NEW SANTRO SPORTZ AMT
1311,Hyundai,VENUE SX PLUS 1.0 TURBO DCT,Automatic,2021.0,Petrol,998.0,42031.0,1st owner,1037000,19738.0,True,No,KA25,2021 Hyundai VENUE SX PLUS 1.0 TURBO DCT
1312,Nissan,MAGNITE XV MT,Manual,2022.0,Petrol,999.0,66387.0,2nd owner,743000,14526.0,True,No,KA26,2022 Nissan MAGNITE XV MT
1313,Hyundai,Xcent S (O) 1.2,Manual,2015.0,Petrol,1197.0,66669.0,1st owner,449000,8771.0,True,No,KA39,2015 Hyundai Xcent S (O) 1.2
1314,Maruti,Wagon R 1.0 VXI,Manual,2013.0,Petrol,998.0,59116.0,1st owner,336000,8844.0,True,No,KA51,2013 Maruti Wagon R 1.0 VXI
1315,Maruti,Baleno ZETA CVT PETROL 1.2,Automatic,2021.0,Petrol,1197.0,31935.0,1st owner,835000,15893.0,True,No,KA06,2021 Maruti Baleno ZETA CVT PETROL 1.2
1316,KIA,SONET HTK PLUS 1.0 DCT,Automatic,2021.0,Petrol,998.0,35983.0,1st owner,988000,18806.0,True,No,KA09,2021 KIA SONET HTK PLUS 1.0 DCT
1317,Maruti,Alto 800 VXI O,Manual,2016.0,Petrol,796.0,39283.0,1st owner,340000,6654.0,True,No,KA55,2016 Maruti Alto 800 VXI O
1318,Maruti,IGNIS ZETA 1.2,Manual,2020.0,Petrol,1197.0,27503.0,1st owner,614000,12004.0,True,No,KA09,2020 Maruti IGNIS ZETA 1.2
1319,Maruti,Alto LXI OPT CNG,Manual,2020.0,CNG,796.0,56236.0,1st owner,483000,9439.0,True,No,KA11,2020 Maruti Alto LXI OPT CNG
1320,Tata,Tiago XT (O) PETROL,Manual,2023.0,Petrol,1199.0,6593.0,1st owner,628000,12278.0,True,No,KA09,2023 Tata Tiago XT (O) PETROL
1321,Mahindra,Kuv100 K6 6 STR,Manual,2017.0,Petrol,1198.0,41445.0,1st owner,463000,9052.0,True,No,KA63,2017 Mahindra Kuv100 K6 6 STR
1322,Honda,Jazz 1.2L I-VTEC VX,Manual,2019.0,Petrol,1199.0,22789.0,1st owner,692000,13529.0,True,No,KA19,2019 Honda Jazz 1.2L I-VTEC VX
1323,Nissan,MAGNITE XL TURBO CVT,Automatic,2021.0,Petrol,999.0,38777.0,1st owner,815000,15513.0,True,Yes,KA19,2021 Nissan MAGNITE XL TURBO CVT
1324,Maruti,Ritz VXI,Manual,2013.0,Petrol,1197.0,41105.0,1st owner,412000,10858.0,True,No,KA19,2013 Maruti Ritz VXI
1325,Hyundai,NEW SANTRO ERA EXECUTIVE,Manual,2019.0,Petrol,1086.0,27402.0,2nd owner,423000,8265.0,True,No,KA20,2019 Hyundai NEW SANTRO ERA EXECUTIVE
1326,Maruti,Celerio VXI,Manual,2016.0,Petrol,998.0,82125.0,2nd owner,407000,7966.0,True,No,KA21,2016 Maruti Celerio VXI
1327,Maruti,Swift VXI,Manual,2015.0,Petrol,1197.0,54321.0,1st owner,498000,9742.0,True,No,KA19,2015 Maruti Swift VXI
1328,Hyundai,NEW SANTRO MAGNA,Manual,2022.0,Petrol,1086.0,19760.0,2nd owner,549000,10733.0,True,No,KA21,2022 Hyundai NEW SANTRO MAGNA
1329,Maruti,BREZZA ZXI  AT SMART HYBRID DUAL TONE,Automatic,2022.0,Petrol,1462.0,12911.0,1st owner,1319000,25106.0,True,Yes,KA19,2022 Maruti BREZZA ZXI  AT SMART HYBRID DUAL TONE
1330,Honda,WR-V 1.2L I-VTEC SV MT,Manual,2020.0,Petrol,1199.0,32806.0,2nd owner,736000,14380.0,True,No,KA20,2020 Honda WR-V 1.2L I-VTEC SV MT
1331,KIA,SELTOS GTX 1.4 PETROL,Manual,2020.0,Petrol,1353.0,34499.0,2nd owner,1341000,25518.0,True,No,KA01,2020 KIA SELTOS GTX 1.4 PETROL
1332,Mahindra,Thar LX D 4*4 MT HT,Manual,2023.0,Diesel,2184.0,21597.0,1st owner,1596000,30378.0,True,Yes,KA41,2023 Mahindra Thar LX D 4*4 MT HT
1333,Honda,BR-V 1.5L I-VTEC S,Manual,2016.0,Petrol,1497.0,57922.0,2nd owner,591000,11562.0,True,Yes,KA04,2016 Honda BR-V 1.5L I-VTEC S
1334,Maruti,Alto VXI PLUS,Manual,2022.0,Petrol,796.0,9314.0,1st owner,439000,8580.0,True,No,KA01,2022 Maruti Alto VXI PLUS
1335,Hyundai,i10 SPORTZ 1.2 AT,Automatic,2013.0,Petrol,1197.0,79159.0,1st owner,401000,10562.0,True,No,KA03,2013 Hyundai i10 SPORTZ 1.2 AT
1336,Maruti,Celerio VXI AMT,Automatic,2014.0,Petrol,998.0,50222.0,1st owner,385000,8564.0,True,No,KA41,2014 Maruti Celerio VXI AMT
1337,Tata,NEXON XZ PLUS PETROL SUNROOF,Manual,2023.0,Petrol,1199.0,20220.0,1st owner,1096000,20861.0,True,No,KA51,2023 Tata NEXON XZ PLUS PETROL SUNROOF
1338,Tata,Tiago XZ PLUS PETROL,Manual,2019.0,Petrol,1199.0,31029.0,2nd owner,532000,10398.0,True,No,KA04,2019 Tata Tiago XZ PLUS PETROL
1339,Hyundai,GRAND I10 NIOS SPORTZ 1.2 KAPPA VTVT DUAL TONE,Manual,2021.0,Petrol,1197.0,29729.0,1st owner,672000,13146.0,True,No,KA51,2021 Hyundai GRAND I10 NIOS SPORTZ 1.2 KAPPA VTVT DUAL TONE
1340,Hyundai,Grand i10 SPORTZ 1.2 KAPPA VTVT,Manual,2015.0,Petrol,1197.0,16847.0,1st owner,446000,8721.0,True,No,KA51,2015 Hyundai Grand i10 SPORTZ 1.2 KAPPA VTVT
1341,Ford,Ecosport TITANIUM + 1.5L PETROL AT,Automatic,2018.0,Petrol,1497.0,46089.0,1st owner,808000,15374.0,True,No,KA02,2018 Ford Ecosport TITANIUM + 1.5L PETROL AT
1342,Hyundai,Creta E PLUS 1.6 PETROL,Manual,2018.0,Petrol,1591.0,73474.0,1st owner,832000,15836.0,True,Yes,KA05,2018 Hyundai Creta E PLUS 1.6 PETROL
1344,Hyundai,Grand i10 SPORTZ 1.2 KAPPA VTVT,Manual,2019.0,Petrol,1197.0,46693.0,2nd owner,509000,9957.0,True,No,KA25,2019 Hyundai Grand i10 SPORTZ 1.2 KAPPA VTVT
1345,Hyundai,VENUE SX PLUS 1.0 TURBO DCT,Automatic,2019.0,Petrol,998.0,64222.0,2nd owner,888000,16906.0,True,No,KA03,2019 Hyundai VENUE SX PLUS 1.0 TURBO DCT
1346,KIA,CARENS PRESTIGE PLUS 1.4 PETROL 7 STR,Manual,2022.0,Petrol,1353.0,12159.0,1st owner,1350000,25696.0,True,Yes,KA41,2022 KIA CARENS PRESTIGE PLUS 1.4 PETROL 7 STR
1348,KIA,SELTOS HTK PLUS AT 1.5 DIESEL,Automatic,2021.0,Diesel,1493.0,42363.0,1st owner,1273000,24230.0,True,Yes,KA53,2021 KIA SELTOS HTK PLUS AT 1.5 DIESEL
1349,Tata,ALTROZ XZ PLUS PETROL DARK EDITION,Manual,2021.0,Petrol,1199.0,13335.0,1st owner,830000,15798.0,True,No,KA51,2021 Tata ALTROZ XZ PLUS PETROL DARK EDITION
1350,Maruti,Baleno DELTA PETROL 1.2,Manual,2015.0,Petrol,1197.0,34170.0,2nd owner,563000,11003.0,True,No,KA05,2015 Maruti Baleno DELTA PETROL 1.2
1351,Maruti,Wagon R 1.0 VXI,Manual,2015.0,Petrol,998.0,59940.0,2nd owner,374000,7312.0,True,No,KA41,2015 Maruti Wagon R 1.0 VXI
1352,Hyundai,Grand i10 SPORTZ 1.2 KAPPA VTVT,Manual,2014.0,Petrol,1197.0,36717.0,1st owner,424000,9438.0,True,No,KA03,2014 Hyundai Grand i10 SPORTZ 1.2 KAPPA VTVT
1353,Maruti,Baleno DELTA PETROL 1.2,Manual,2017.0,Petrol,1197.0,56433.0,1st owner,573000,11194.0,True,No,KA05,2017 Maruti Baleno DELTA PETROL 1.2
1354,Renault,Kwid RXT 1.0 (O),Manual,2020.0,Petrol,999.0,29736.0,1st owner,463000,9052.0,True,No,KA03,2020 Renault Kwid RXT 1.0 (O)
1355,Hyundai,VENUE SX (O) 1.0 TURBO DCT,Automatic,2022.0,Petrol,998.0,7060.0,1st owner,1250000,23783.0,True,No,KA53,2022 Hyundai VENUE SX (O) 1.0 TURBO DCT
1356,Maruti,Baleno ALPHA 1.2 AGS,Automatic,2022.0,Petrol,1197.0,29039.0,1st owner,913000,17378.0,True,No,KA03,2022 Maruti Baleno ALPHA 1.2 AGS
1357,Hyundai,AURA SX PLUS 1.2 AMT,Automatic,2020.0,Petrol,1197.0,6273.0,1st owner,735000,14365.0,True,No,KA05,2020 Hyundai AURA SX PLUS 1.2 AMT
1358,Ford,FREESTYLE TREND 1.5 DIESEL,Manual,2018.0,Diesel,1498.0,61146.0,1st owner,615000,12023.0,True,No,KA02,2018 Ford FREESTYLE TREND 1.5 DIESEL
1359,Renault,Kwid RXT 1.0 AMT (O),Automatic,2018.0,Petrol,999.0,16242.0,1st owner,419000,8192.0,True,No,KA03,2018 Renault Kwid RXT 1.0 AMT (O)
1360,Maruti,Swift Dzire ZDI,Manual,2014.0,Diesel,1248.0,94078.0,1st owner,539000,14198.0,True,No,KA02,2014 Maruti Swift Dzire ZDI
1361,Mahindra,XUV500 W10,Manual,2018.0,Diesel,2179.0,50013.0,2nd owner,1303000,24801.0,True,Yes,KA03,2018 Mahindra XUV500 W10
1362,KIA,SONET HTX PLUS 1.5,Manual,2020.0,Diesel,1493.0,47174.0,2nd owner,1064000,20252.0,True,No,KA04,2020 KIA SONET HTX PLUS 1.5
1363,Maruti,Baleno ZETA CVT PETROL 1.2,Automatic,2021.0,Petrol,1197.0,9867.0,1st owner,817000,15551.0,True,No,KA05,2021 Maruti Baleno ZETA CVT PETROL 1.2
1364,Hyundai,Grand i10 SPORTZ 1.2 KAPPA VTVT,Manual,2018.0,Petrol,1197.0,44614.0,1st owner,551000,10765.0,True,No,KA02,2018 Hyundai Grand i10 SPORTZ 1.2 KAPPA VTVT
1365,KIA,SELTOS HTK PLUS 1.5 IMT,Manual,2021.0,Petrol,1497.0,22145.0,1st owner,1179000,22441.0,True,Yes,KA03,2021 KIA SELTOS HTK PLUS 1.5 IMT
1366,Hyundai,i10 SPORTZ 1.2,Manual,2013.0,Petrol,1197.0,97143.0,2nd owner,332000,8745.0,True,No,KA40,2013 Hyundai i10 SPORTZ 1.2
1367,KIA,SELTOS GTX AT 1.4 PETROL,Automatic,2020.0,Petrol,1353.0,29275.0,1st owner,1405000,26743.0,True,No,KA53,2020 KIA SELTOS GTX AT 1.4 PETROL
1368,Volkswagen,Vento HIGHLINE PLUS 1.5 AT 16 ALLOY,Automatic,2019.0,Diesel,1498.0,33647.0,2nd owner,1126000,21432.0,True,No,KA01,2019 Volkswagen Vento HIGHLINE PLUS 1.5 AT 16 ALLOY
1369,Hyundai,Elite i20 SPORTZ PLUS  1.2 CVT,Automatic,2019.0,Petrol,1197.0,45717.0,1st owner,730000,14268.0,True,No,KA53,2019 Hyundai Elite i20 SPORTZ PLUS  1.2 CVT
1370,Hyundai,VENUE SX 1.0 TURBO,Manual,2021.0,Petrol,998.0,23592.0,1st owner,1010000,19224.0,True,No,KA01,2021 Hyundai VENUE SX 1.0 TURBO
1371,MG,HECTOR SHARP 1.5 DCT PETROL,Automatic,2019.0,Petrol,1451.0,28869.0,2nd owner,1388000,26419.0,True,Yes,KA01,2019 MG HECTOR SHARP 1.5 DCT PETROL
1372,Maruti,Celerio ZXI AMT,Automatic,2015.0,Petrol,998.0,47926.0,1st owner,422000,8257.0,True,No,KA03,2015 Maruti Celerio ZXI AMT
1373,Honda,Amaze 1.2L I-VTEC V CVT,Automatic,2018.0,Petrol,1498.0,31254.0,1st owner,692000,13537.0,True,No,KA51,2018 Honda Amaze 1.2L I-VTEC V CVT
1374,Hyundai,Grand i10 SPORTZ AT 1.2 KAPPA VTVT,Automatic,2019.0,Petrol,1197.0,86712.0,1st owner,575000,11241.0,True,No,KA05,2019 Hyundai Grand i10 SPORTZ AT 1.2 KAPPA VTVT
1376,Hyundai,Verna SX 1.5 VTVT,Manual,2020.0,Petrol,1497.0,25709.0,1st owner,1022000,19453.0,True,No,KA53,2020 Hyundai Verna SX 1.5 VTVT
1377,Ford,Ecosport TITANIUM 1.5L PETROL AT,Automatic,2016.0,Petrol,1499.0,37728.0,1st owner,727000,14217.0,True,Yes,KA02,2016 Ford Ecosport TITANIUM 1.5L PETROL AT
1378,Maruti,Celerio ZXI AMT,Automatic,2018.0,Petrol,998.0,44678.0,2nd owner,482000,9419.0,True,No,KA01,2018 Maruti Celerio ZXI AMT
1379,Maruti,Wagon R 1.0 VXI,Manual,2017.0,Petrol,998.0,65553.0,1st owner,409000,7996.0,True,No,KA02,2017 Maruti Wagon R 1.0 VXI
1380,Hyundai,VENUE SX 1.0 TURBO,Manual,2021.0,Petrol,998.0,25926.0,1st owner,1018000,19377.0,True,No,KA05,2021 Hyundai VENUE SX 1.0 TURBO
1381,Maruti,IGNIS DELTA 1.2 AMT,Automatic,2018.0,Petrol,1197.0,34282.0,1st owner,541000,10577.0,True,No,KA04,2018 Maruti IGNIS DELTA 1.2 AMT
1382,Hyundai,Creta EX 1.5 PETROL,Manual,2021.0,Petrol,1497.0,20492.0,1st owner,1092000,20785.0,True,Yes,KA06,2021 Hyundai Creta EX 1.5 PETROL
1383,Honda,City 1.5L I-VTEC ZX CVT,Automatic,2017.0,Petrol,1497.0,91302.0,1st owner,827000,15741.0,True,No,KA05,2017 Honda City 1.5L I-VTEC ZX CVT
1384,Maruti,Ertiga ZDI,Manual,2012.0,Diesel,1248.0,78546.0,1st owner,609000,28668.0,True,No,KA51,2012 Maruti Ertiga ZDI
1385,Honda,City 1.5L I-VTEC V AT,Automatic,2013.0,Petrol,1497.0,63790.0,1st owner,496000,13074.0,True,No,KA05,2013 Honda City 1.5L I-VTEC V AT
1386,Honda,Amaze 1.2L I-VTEC E,Manual,2015.0,Petrol,1198.0,98010.0,2nd owner,351000,6857.0,True,No,KA03,2015 Honda Amaze 1.2L I-VTEC E
1387,Maruti,Ertiga ZXI+,Manual,2017.0,Petrol,1373.0,42088.0,1st owner,850000,16179.0,True,Yes,KA51,2017 Maruti Ertiga ZXI+
1388,Hyundai,Eon ERA +,Manual,2013.0,Petrol,814.0,17366.0,2nd owner,268000,7058.0,True,No,KA04,2013 Hyundai Eon ERA +
1389,Tata,Tiago XZA PLUS PETROL,Automatic,2021.0,Petrol,1199.0,8751.0,1st owner,717000,14013.0,True,No,KA04,2021 Tata Tiago XZA PLUS PETROL
1391,Mahindra,Thar LX PETROL HT 4WD AT,Automatic,2021.0,Petrol,1997.0,23204.0,2nd owner,1489000,28342.0,True,No,KA03,2021 Mahindra Thar LX PETROL HT 4WD AT
1392,Renault,Kwid RXL,Manual,2018.0,Petrol,799.0,18596.0,1st owner,353000,6901.0,True,No,KA53,2018 Renault Kwid RXL
1393,Maruti,Ertiga ZXI AT SHVS,Automatic,2020.0,Petrol,1462.0,27426.0,1st owner,967000,18406.0,True,Yes,KA53,2020 Maruti Ertiga ZXI AT SHVS
1394,Toyota,Glanza G CVT,Automatic,2021.0,Petrol,1197.0,16893.0,1st owner,810000,15417.0,True,No,KA01,2021 Toyota Glanza G CVT
1395,Renault,Kwid RXT 1.0 AMT (O),Automatic,2019.0,Petrol,999.0,19573.0,1st owner,434000,8476.0,True,No,KA53,2019 Renault Kwid RXT 1.0 AMT (O)
1396,Maruti,XL6 ALPHA AT,Automatic,2021.0,Petrol,1462.0,40099.0,1st owner,1121000,21337.0,True,No,KA53,2021 Maruti XL6 ALPHA AT
1397,Hyundai,Creta E PLUS 1.6 PETROL,Manual,2017.0,Petrol,1591.0,50321.0,1st owner,822000,15646.0,True,No,KA03,2017 Hyundai Creta E PLUS 1.6 PETROL
1398,Honda,City 1.5L I-DTEC VX,Manual,2019.0,Diesel,1498.0,24933.0,2nd owner,1098000,20899.0,True,No,KA03,2019 Honda City 1.5L I-DTEC VX
1399,Maruti,Alto 800 VXI,Manual,2013.0,Petrol,796.0,63551.0,2nd owner,262000,6892.0,True,No,KA06,2013 Maruti Alto 800 VXI
1400,Maruti,Swift Dzire VXI,Manual,2013.0,Petrol,1197.0,44308.0,1st owner,465000,12241.0,True,No,KA05,2013 Maruti Swift Dzire VXI
1402,Maruti,Wagon R 1.0 VXI,Manual,2012.0,Petrol,998.0,58972.0,1st owner,311000,10318.0,True,No,KA05,2012 Maruti Wagon R 1.0 VXI
1403,Toyota,Glanza G,Manual,2021.0,Petrol,1197.0,25206.0,1st owner,793000,15497.0,True,No,KA04,2021 Toyota Glanza G
1404,Toyota,Glanza V AMT,Automatic,2023.0,Petrol,1197.0,24320.0,1st owner,988000,18806.0,True,No,KA01,2023 Toyota Glanza V AMT
1405,Mahindra,Thar LX  P 4WD AT CONVERTIBLE,Automatic,2021.0,Petrol,1997.0,36469.0,2nd owner,1349000,25685.0,True,No,KA05,2021 Mahindra Thar LX  P 4WD AT CONVERTIBLE
1406,Tata,Nano TWIST XTA,Automatic,2015.0,Petrol,624.0,27764.0,2nd owner,240000,4695.0,True,No,KA03,2015 Tata Nano TWIST XTA
1407,Renault,TRIBER RXT,Manual,2020.0,Petrol,999.0,25078.0,1st owner,640000,12508.0,True,No,KA04,2020 Renault TRIBER RXT
1408,Hyundai,Creta SX PLUS 1.6 PETROL,Manual,2017.0,Petrol,1591.0,42923.0,2nd owner,954000,18159.0,True,Yes,KA05,2017 Hyundai Creta SX PLUS 1.6 PETROL
1410,Hyundai,NEW SANTRO ASTA MT,Manual,2022.0,Petrol,1086.0,33093.0,1st owner,586000,11450.0,True,No,KA02,2022 Hyundai NEW SANTRO ASTA MT
1411,Tata,NEXON XZ PLUS PETROL,Manual,2018.0,Petrol,1198.0,59693.0,2nd owner,732000,14309.0,True,Yes,KA03,2018 Tata NEXON XZ PLUS PETROL
1412,Renault,Kwid RXT 1.0 AMT (O),Automatic,2020.0,Petrol,999.0,17254.0,1st owner,483000,9441.0,True,No,KA03,2020 Renault Kwid RXT 1.0 AMT (O)
1413,Maruti,Alto K10 VXI,Manual,2018.0,Petrol,998.0,64103.0,1st owner,348000,6806.0,True,No,KA50,2018 Maruti Alto K10 VXI
1414,Maruti,Swift ZXI,Manual,2013.0,Petrol,1197.0,76584.0,1st owner,466000,12264.0,True,No,KA05,2013 Maruti Swift ZXI
1415,Tata,NEXON XZA PLUS DIESEL (L),Automatic,2023.0,Diesel,1497.0,25005.0,1st owner,1376000,26193.0,True,No,KA51,2023 Tata NEXON XZA PLUS DIESEL (L)
1416,Hyundai,GRAND I10 NIOS SPORTZ AMT 1.2 KAPPA VTVT,Automatic,2020.0,Petrol,1197.0,53700.0,1st owner,652000,12738.0,True,No,KA53,2020 Hyundai GRAND I10 NIOS SPORTZ AMT 1.2 KAPPA VTVT
1417,Renault,Kwid CLIMBER 1.0 AMT,Automatic,2018.0,Petrol,999.0,33992.0,1st owner,430000,8411.0,True,No,KA51,2018 Renault Kwid CLIMBER 1.0 AMT
1418,Hyundai,VENUE SX 1.0 TURBO IMT,Manual,2022.0,Petrol,998.0,27660.0,1st owner,990000,18844.0,True,No,KA53,2022 Hyundai VENUE SX 1.0 TURBO IMT
1419,Maruti,Alto K10 VXI,Manual,2015.0,Petrol,998.0,22518.0,1st owner,336000,6569.0,True,No,KA02,2015 Maruti Alto K10 VXI
1420,Hyundai,GRAND I10 NIOS ERA 1.2 KAPPA VTVT,Manual,2021.0,Petrol,1197.0,44329.0,1st owner,541000,10580.0,True,No,KA02,2021 Hyundai GRAND I10 NIOS ERA 1.2 KAPPA VTVT
1421,Honda,City 1.5L I-VTE V CVT,Automatic,2018.0,Petrol,1497.0,75347.0,1st owner,794000,15523.0,True,No,KA04,2018 Honda City 1.5L I-VTE V CVT
1422,KIA,CARENS LUXURY PLUS 1.4 PETROL DCT 6 STR,Automatic,2022.0,Petrol,1353.0,21693.0,1st owner,1631000,31045.0,True,Yes,KA01,2022 KIA CARENS LUXURY PLUS 1.4 PETROL DCT 6 STR
1423,Maruti,Ertiga VXI AT SHVS,Automatic,2021.0,Petrol,1462.0,12766.0,1st owner,1006000,19148.0,True,Yes,KA03,2021 Maruti Ertiga VXI AT SHVS
1424,Hyundai,Elite i20 ASTA 1.2 (O),Manual,2018.0,Petrol,1197.0,72246.0,1st owner,685000,13386.0,True,No,KA51,2018 Hyundai Elite i20 ASTA 1.2 (O)
1425,Hyundai,Grand i10 SPORTZ 1.2 KAPPA VTVT,Manual,2018.0,Petrol,1197.0,72076.0,1st owner,492000,9619.0,True,No,KA04,2018 Hyundai Grand i10 SPORTZ 1.2 KAPPA VTVT
1426,MG,HECTOR SHARP 1.5 DCT PETROL,Automatic,2020.0,Petrol,1451.0,23157.0,1st owner,1571000,29903.0,True,No,KA01,2020 MG HECTOR SHARP 1.5 DCT PETROL
1427,Honda,City 1.5L I-VTEC V MT 4TH GEN,Manual,2022.0,Petrol,1497.0,27983.0,1st owner,1054000,20054.0,True,No,KA05,2022 Honda City 1.5L I-VTEC V MT 4TH GEN
1428,Hyundai,Creta SX PLUS 1.6 PETROL,Manual,2017.0,Petrol,1591.0,54360.0,1st owner,916000,17428.0,True,No,KA04,2017 Hyundai Creta SX PLUS 1.6 PETROL
1430,Maruti,Baleno ZETA PETROL 1.2,Manual,2020.0,Petrol,1197.0,23902.0,1st owner,727000,14205.0,True,No,KA02,2020 Maruti Baleno ZETA PETROL 1.2
1433,Maruti,Swift VXI,Manual,2015.0,Petrol,1197.0,33371.0,1st owner,533000,10421.0,True,No,KA01,2015 Maruti Swift VXI
1434,Hyundai,i20 Active 1.2 S,Manual,2015.0,Petrol,1197.0,9160.0,2nd owner,536000,10476.0,True,No,KA53,2015 Hyundai i20 Active 1.2 S
1435,Tata,TIGOR XZ (O) PETROL,Manual,2017.0,Petrol,1199.0,59454.0,1st owner,497000,9723.0,True,No,KA01,2017 Tata TIGOR XZ (O) PETROL
1436,Tata,Tiago XZA PLUS PETROL,Automatic,2021.0,Petrol,1199.0,30711.0,1st owner,691000,13509.0,True,No,KA51,2021 Tata Tiago XZA PLUS PETROL
1437,Renault,TRIBER RXZ,Manual,2019.0,Petrol,999.0,33950.0,1st owner,676000,13218.0,True,No,KA05,2019 Renault TRIBER RXZ
1438,Maruti,Baleno DELTA PETROL 1.2,Manual,2020.0,Petrol,1197.0,40140.0,2nd owner,688000,13451.0,True,No,KA06,2020 Maruti Baleno DELTA PETROL 1.2
1439,Hyundai,Grand i10 SPORTZ 1.2 KAPPA VTVT,Manual,2013.0,Petrol,1197.0,67397.0,1st owner,395000,10402.0,True,No,KA04,2013 Hyundai Grand i10 SPORTZ 1.2 KAPPA VTVT
1440,Renault,Duster RXL PETROL,Manual,2017.0,Petrol,1498.0,65693.0,2nd owner,662000,12935.0,True,No,KA01,2017 Renault Duster RXL PETROL
1441,Tata,ALTROZ XZ PETROL,Manual,2021.0,Petrol,1199.0,13039.0,1st owner,788000,15406.0,True,No,KA51,2021 Tata ALTROZ XZ PETROL
1443,Maruti,Baleno ZETA PETROL 1.2,Manual,2017.0,Petrol,1197.0,97769.0,1st owner,621000,12137.0,True,Yes,KA03,2017 Maruti Baleno ZETA PETROL 1.2
1444,Maruti,Swift VXI,Manual,2013.0,Petrol,1197.0,28540.0,2nd owner,431000,11338.0,True,No,KA05,2013 Maruti Swift VXI
1445,Hyundai,Creta SX 1.5 PETROL,Manual,2020.0,Petrol,1497.0,85112.0,1st owner,1202000,22885.0,True,Yes,KA03,2020 Hyundai Creta SX 1.5 PETROL
1446,Hyundai,Grand i10 MAGNA 1.2 KAPPA VTVT,Manual,2014.0,Petrol,1197.0,32015.0,1st owner,419000,9329.0,True,No,KA51,2014 Hyundai Grand i10 MAGNA 1.2 KAPPA VTVT
1449,MG,HECTOR SHARP HYBRID 1.5 PETROL,Manual,2020.0,Petrol,1451.0,25226.0,1st owner,1439000,27390.0,True,No,KA05,2020 MG HECTOR SHARP HYBRID 1.5 PETROL
1450,Honda,Jazz 1.2L I-VTEC VX,Manual,2018.0,Petrol,1199.0,24835.0,2nd owner,607000,11859.0,True,No,KA53,2018 Honda Jazz 1.2L I-VTEC VX
1451,Honda,Jazz 1.2L I-VTEC VX,Manual,2016.0,Petrol,1199.0,38364.0,2nd owner,529000,10345.0,True,No,KA53,2016 Honda Jazz 1.2L I-VTEC VX
1452,Nissan,MAGNITE XV PREMIUM TURBO CVT,Automatic,2022.0,Petrol,999.0,15680.0,1st owner,938000,17854.0,True,No,KA05,2022 Nissan MAGNITE XV PREMIUM TURBO CVT
1453,MG,HECTOR SHARP 1.5 DCT PETROL,Automatic,2019.0,Petrol,1451.0,29265.0,1st owner,1467000,27923.0,True,No,KA04,2019 MG HECTOR SHARP 1.5 DCT PETROL
1454,Maruti,Wagon R 1.0 VXI,Manual,2013.0,Petrol,998.0,90273.0,1st owner,320000,8434.0,True,No,KA05,2013 Maruti Wagon R 1.0 VXI
1455,Maruti,Alto K10 VXI,Manual,2022.0,Petrol,998.0,15445.0,1st owner,463000,9058.0,True,No,KA01,2022 Maruti Alto K10 VXI
1456,MG,HECTOR SHARP 1.5 DCT PETROL,Automatic,2019.0,Petrol,1451.0,63876.0,1st owner,1395000,26553.0,True,Yes,KA04,2019 MG HECTOR SHARP 1.5 DCT PETROL
1457,Tata,PUNCH CREATIVE  AMT,Automatic,2022.0,Petrol,1199.0,20082.0,1st owner,818000,15569.0,True,No,KA03,2022 Tata PUNCH CREATIVE  AMT
1458,Maruti,Baleno ZETA CVT PETROL 1.2,Automatic,2021.0,Petrol,1197.0,42378.0,1st owner,801000,15246.0,True,No,KA50,2021 Maruti Baleno ZETA CVT PETROL 1.2
1459,Honda,City 1.5L I-VTEC V MT,Manual,2017.0,Petrol,1497.0,60748.0,2nd owner,752000,14702.0,True,No,KA03,2017 Honda City 1.5L I-VTEC V MT
1460,Hyundai,GRAND I10 NIOS SPORTZ 1.2 KAPPA VTVT,Manual,2020.0,Petrol,1197.0,44412.0,1st owner,592000,11583.0,True,No,KA02,2020 Hyundai GRAND I10 NIOS SPORTZ 1.2 KAPPA VTVT
1461,Maruti,Baleno DELTA PETROL 1.2,Manual,2016.0,Petrol,1197.0,96098.0,1st owner,549000,10735.0,True,No,KA03,2016 Maruti Baleno DELTA PETROL 1.2
1462,Ford,Ecosport TITANIUM 1.5L DIESEL,Manual,2016.0,Diesel,1498.0,86925.0,2nd owner,632000,12365.0,True,No,KA04,2016 Ford Ecosport TITANIUM 1.5L DIESEL
1463,Maruti,Alto K10 VXI (O) AMT,Automatic,2018.0,Petrol,998.0,30370.0,2nd owner,403000,7879.0,True,No,KA03,2018 Maruti Alto K10 VXI (O) AMT
1464,Renault,Duster RXS CVT,Automatic,2017.0,Petrol,1498.0,27930.0,1st owner,689000,13466.0,True,No,KA03,2017 Renault Duster RXS CVT
1465,Maruti,Celerio VXI AMT,Automatic,2014.0,Petrol,998.0,51839.0,2nd owner,381000,8481.0,True,No,KA05,2014 Maruti Celerio VXI AMT
1466,Hyundai,Grand i10 SPORTZ 1.2 KAPPA VTVT,Manual,2014.0,Petrol,1197.0,86355.0,1st owner,393000,8742.0,True,No,KA05,2014 Hyundai Grand i10 SPORTZ 1.2 KAPPA VTVT
1467,Maruti,Ertiga ZXI+ SHVS,Manual,2023.0,Petrol,1462.0,22505.0,1st owner,1190000,22651.0,True,Yes,KA03,2023 Maruti Ertiga ZXI+ SHVS
1468,KIA,SELTOS HTK 1.5 DIESEL,Manual,2020.0,Diesel,1493.0,58156.0,2nd owner,1044000,19872.0,True,Yes,KA53,2020 KIA SELTOS HTK 1.5 DIESEL
1469,Skoda,Rapid AMBITION 1.6 MPI MT PLUS,Manual,2013.0,Petrol,1598.0,85375.0,1st owner,380000,10014.0,True,No,KA01,2013 Skoda Rapid AMBITION 1.6 MPI MT PLUS
1470,Tata,NEXON XZ PLUS PETROL DUAL TONE,Manual,2018.0,Petrol,1198.0,71477.0,1st owner,816000,15530.0,True,Yes,KA03,2018 Tata NEXON XZ PLUS PETROL DUAL TONE
1471,Maruti,Alto 800 LXI,Manual,2014.0,Petrol,796.0,32335.0,2nd owner,261000,5808.0,True,Yes,KA03,2014 Maruti Alto 800 LXI
1472,Maruti,Baleno ZETA PETROL 1.2,Manual,2017.0,Petrol,1197.0,43222.0,1st owner,628000,12277.0,True,No,KA03,2017 Maruti Baleno ZETA PETROL 1.2
1473,Mahindra,XUV500 W11 AT,Automatic,2019.0,Diesel,2179.0,68709.0,1st owner,1573000,29941.0,True,Yes,KA02,2019 Mahindra XUV500 W11 AT
1474,Maruti,Alto K10 VXI,Manual,2017.0,Petrol,998.0,67698.0,2nd owner,340000,6641.0,True,No,KA04,2017 Maruti Alto K10 VXI
1475,Ford,Ecosport AMBIENTE 1.5L DIESEL,Manual,2013.0,Diesel,1498.0,72053.0,1st owner,409000,13585.0,True,Yes,KA09,2013 Ford Ecosport AMBIENTE 1.5L DIESEL
1476,KIA,SELTOS HTX 1.5 CVT PETROL,Automatic,2021.0,Petrol,1497.0,44608.0,1st owner,1441000,27435.0,True,No,KA04,2021 KIA SELTOS HTX 1.5 CVT PETROL
1477,Maruti,XL6 ZETA MT,Manual,2021.0,Petrol,1462.0,22493.0,1st owner,990000,18844.0,True,No,KA02,2021 Maruti XL6 ZETA MT
1478,Tata,ALTROZ XZ PETROL,Manual,2021.0,Petrol,1199.0,28837.0,1st owner,767000,15002.0,True,No,KA01,2021 Tata ALTROZ XZ PETROL
1479,Honda,Jazz 1.2L I-VTEC VX CVT,Automatic,2019.0,Petrol,1199.0,59917.0,1st owner,684000,13366.0,True,No,KA01,2019 Honda Jazz 1.2L I-VTEC VX CVT
1481,Maruti,Celerio VXI AMT (O),Automatic,2017.0,Petrol,998.0,74922.0,1st owner,474000,9266.0,True,No,KA04,2017 Maruti Celerio VXI AMT (O)
1482,Maruti,Baleno ALPHA PETROL 1.2,Manual,2018.0,Petrol,1197.0,55108.0,1st owner,693000,13548.0,True,No,KA05,2018 Maruti Baleno ALPHA PETROL 1.2
1483,Mahindra,XUV700 MX P MT 5 STR,Manual,2022.0,Petrol,1997.0,7783.0,1st owner,1400000,26648.0,True,Yes,KA03,2022 Mahindra XUV700 MX P MT 5 STR
1484,Hyundai,GRAND I10 NIOS SPORTZ AMT 1.2 KAPPA VTVT,Automatic,2019.0,Petrol,1197.0,44304.0,1st owner,629000,12302.0,True,No,KA05,2019 Hyundai GRAND I10 NIOS SPORTZ AMT 1.2 KAPPA VTVT
1485,Maruti,Celerio VXI AMT,Automatic,2014.0,Petrol,998.0,36353.0,2nd owner,372000,8265.0,True,No,KA51,2014 Maruti Celerio VXI AMT
1486,Mahindra,XUV700 AX 7 P MT 7 STR,Manual,2022.0,Petrol,1997.0,16062.0,1st owner,2005000,38163.0,True,Yes,KA02,2022 Mahindra XUV700 AX 7 P MT 7 STR
1488,Renault,Kwid RXT 0.8,Manual,2020.0,Petrol,799.0,22414.0,1st owner,426000,8327.0,True,No,KA05,2020 Renault Kwid RXT 0.8
1489,Ford,Ecosport TITANIUM+ 1.5L DIESEL,Manual,2016.0,Diesel,1498.0,88563.0,2nd owner,684000,13377.0,True,Yes,KA03,2016 Ford Ecosport TITANIUM+ 1.5L DIESEL
1490,Maruti,Alto K10 VXI,Manual,2015.0,Petrol,998.0,48733.0,1st owner,336000,6571.0,True,No,KA53,2015 Maruti Alto K10 VXI
1491,Volkswagen,Vento HIGHLINE PETROL AT,Automatic,2014.0,Petrol,1197.0,73196.0,1st owner,543000,12075.0,True,No,KA04,2014 Volkswagen Vento HIGHLINE PETROL AT
1492,MG,HECTOR SHARP HYBRID 1.5 PETROL,Manual,2020.0,Petrol,1451.0,38996.0,1st owner,1430000,27219.0,True,No,KA51,2020 MG HECTOR SHARP HYBRID 1.5 PETROL
1493,Hyundai,Elite i20 SPORTZ PLUS  1.2 CVT,Automatic,2019.0,Petrol,1197.0,36673.0,1st owner,751000,14684.0,True,No,KA05,2019 Hyundai Elite i20 SPORTZ PLUS  1.2 CVT
1494,Mahindra,XUV500 W10,Manual,2017.0,Diesel,2179.0,64080.0,2nd owner,1169000,22251.0,True,Yes,KA01,2017 Mahindra XUV500 W10
1496,Hyundai,Eon MAGNA +,Manual,2015.0,Petrol,814.0,46268.0,1st owner,308000,6013.0,True,No,KA03,2015 Hyundai Eon MAGNA +
1497,KIA,SELTOS HTK PLUS 1.5 IMT,Manual,2021.0,Petrol,1497.0,21215.0,1st owner,1186000,22574.0,True,Yes,KA01,2021 KIA SELTOS HTK PLUS 1.5 IMT
1498,Tata,NEXON XMA PETROL,Automatic,2023.0,Petrol,1199.0,7630.0,1st owner,969000,18437.0,True,No,KA53,2023 Tata NEXON XMA PETROL
1499,Hyundai,Elite i20 ASTA 1.2,Manual,2017.0,Petrol,1197.0,42284.0,2nd owner,649000,12684.0,True,No,KA51,2017 Hyundai Elite i20 ASTA 1.2
1500,Datsun,Go Plus A EPS,Manual,2017.0,Petrol,1198.0,44741.0,1st owner,319000,6237.0,True,No,KA53,2017 Datsun Go Plus A EPS
1501,MG,HECTOR SHARP 1.5 PETROL CVT,Automatic,2021.0,Petrol,1451.0,25091.0,1st owner,1616000,30759.0,True,Yes,KA01,2021 MG HECTOR SHARP 1.5 PETROL CVT
1502,Hyundai,Grand i10 ASTA AT 1.2 KAPPA VTVT,Automatic,2015.0,Petrol,1197.0,72101.0,1st owner,481000,9404.0,True,No,KA04,2015 Hyundai Grand i10 ASTA AT 1.2 KAPPA VTVT
1503,Maruti,Alto K10 VXI,Manual,2015.0,Petrol,998.0,83697.0,2nd owner,301000,5891.0,True,No,KA50,2015 Maruti Alto K10 VXI
1505,Honda,City 1.5L I-VTEC SV CVT,Automatic,2015.0,Petrol,1497.0,64747.0,1st owner,630000,12308.0,True,No,KA03,2015 Honda City 1.5L I-VTEC SV CVT
1506,Maruti,Ciaz S 1.5 MT PETROL,Manual,2022.0,Petrol,1462.0,23745.0,1st owner,1067000,20309.0,True,No,KA05,2022 Maruti Ciaz S 1.5 MT PETROL
1507,Ford,Ecosport TITANIUM + 1.5L PETROL AT,Automatic,2018.0,Petrol,1497.0,60153.0,2nd owner,795000,15542.0,True,No,KA51,2018 Ford Ecosport TITANIUM + 1.5L PETROL AT
1508,Maruti,Swift Dzire VXI,Manual,2014.0,Petrol,1197.0,73069.0,2nd owner,443000,9854.0,True,No,KA41,2014 Maruti Swift Dzire VXI
1509,Hyundai,Verna FLUIDIC 4S 1.6 VTVT S,Manual,2016.0,Petrol,1591.0,54544.0,2nd owner,653000,12774.0,True,No,KA04,2016 Hyundai Verna FLUIDIC 4S 1.6 VTVT S
1510,Maruti,Alto K10 VXI,Manual,2015.0,Petrol,998.0,63080.0,1st owner,319000,6233.0,True,No,KA51,2015 Maruti Alto K10 VXI
1511,Hyundai,NEW I20 ASTA 1.2 MT,Manual,2022.0,Petrol,1197.0,4960.0,1st owner,878000,16708.0,True,No,KA05,2022 Hyundai NEW I20 ASTA 1.2 MT
1512,Honda,Brio S MT,Manual,2014.0,Petrol,1198.0,49345.0,2nd owner,373000,8297.0,True,No,KA03,2014 Honda Brio S MT
1513,Renault,Kwid RXT 1.0 (O),Manual,2020.0,Petrol,999.0,20780.0,2nd owner,432000,8437.0,True,No,KA51,2020 Renault Kwid RXT 1.0 (O)
1514,Honda,WR-V 1.2L I-VTEC VX MT,Manual,2017.0,Petrol,1199.0,57949.0,1st owner,708000,13837.0,True,Yes,KA04,2017 Honda WR-V 1.2L I-VTEC VX MT
1515,Mahindra,Thar LX PETROL HT 4WD AT,Automatic,2021.0,Petrol,1997.0,31529.0,1st owner,1374000,26153.0,True,Yes,KA01,2021 Mahindra Thar LX PETROL HT 4WD AT
1516,Hyundai,Creta SX 1.5 PETROL,Manual,2020.0,Petrol,1497.0,74138.0,2nd owner,1187000,22593.0,True,No,KA20,2020 Hyundai Creta SX 1.5 PETROL
1517,Honda,Amaze 1.2L I-VTEC S,Manual,2023.0,Petrol,1199.0,14460.0,1st owner,760000,14858.0,True,No,KA53,2023 Honda Amaze 1.2L I-VTEC S
1518,Maruti,Baleno ZETA PETROL 1.2,Manual,2017.0,Petrol,1197.0,48364.0,1st owner,639000,12486.0,True,No,KA51,2017 Maruti Baleno ZETA PETROL 1.2
1519,Hyundai,Verna 1.6 VTVT SX,Manual,2017.0,Petrol,1591.0,61762.0,2nd owner,722000,14121.0,True,No,KA05,2017 Hyundai Verna 1.6 VTVT SX
1520,Renault,Kwid RXT 1.0 (O),Manual,2021.0,Petrol,999.0,23400.0,1st owner,473000,9248.0,True,No,KA53,2021 Renault Kwid RXT 1.0 (O)
1521,Hyundai,Elite i20 ASTA 1.2 (O),Manual,2017.0,Petrol,1197.0,22405.0,2nd owner,660000,12898.0,True,No,KA05,2017 Hyundai Elite i20 ASTA 1.2 (O)
1522,Hyundai,Creta E PLUS 1.6 PETROL,Manual,2018.0,Petrol,1591.0,34410.0,2nd owner,811000,15437.0,True,No,KA04,2018 Hyundai Creta E PLUS 1.6 PETROL
1523,Maruti,Swift ZXI PLUS,Manual,2021.0,Petrol,1197.0,14698.0,2nd owner,795000,15542.0,True,No,KA51,2021 Maruti Swift ZXI PLUS
1524,Tata,TIGOR XM PETROL,Manual,2017.0,Petrol,1199.0,40095.0,1st owner,498000,9736.0,True,No,KA51,2017 Tata TIGOR XM PETROL
1525,Maruti,Alto K10 VXI AMT,Automatic,2019.0,Petrol,998.0,24638.0,1st owner,414000,8095.0,True,No,KA05,2019 Maruti Alto K10 VXI AMT
1526,Hyundai,NEW SANTRO SPORTZ AMT,Automatic,2022.0,Petrol,1086.0,13969.0,2nd owner,558000,10912.0,True,No,KA51,2022 Hyundai NEW SANTRO SPORTZ AMT
1527,Hyundai,i10 MAGNA 1.1,Manual,2014.0,Petrol,1086.0,50231.0,1st owner,343000,7638.0,True,No,KA02,2014 Hyundai i10 MAGNA 1.1
1528,Hyundai,i20 Active 1.2 SX,Manual,2017.0,Petrol,1197.0,16481.0,2nd owner,651000,12733.0,True,No,KA53,2017 Hyundai i20 Active 1.2 SX
1529,Hyundai,Grand i10 SPORTZ 1.2 KAPPA VTVT DUAL TONE,Manual,2019.0,Petrol,1197.0,26329.0,1st owner,611000,11949.0,True,No,KA05,2019 Hyundai Grand i10 SPORTZ 1.2 KAPPA VTVT DUAL TONE
1531,KIA,SELTOS HTX 1.5 PETROL,Manual,2021.0,Petrol,1497.0,44031.0,2nd owner,1253000,23850.0,True,No,KA05,2021 KIA SELTOS HTX 1.5 PETROL
1532,Maruti,Baleno ZETA PETROL 1.2,Manual,2016.0,Petrol,1197.0,18951.0,1st owner,604000,11807.0,True,No,KA03,2016 Maruti Baleno ZETA PETROL 1.2
1533,Hyundai,Grand i10 ASTA AT 1.2 KAPPA VTVT,Automatic,2016.0,Petrol,1197.0,48004.0,1st owner,543000,10621.0,True,No,KA51,2016 Hyundai Grand i10 ASTA AT 1.2 KAPPA VTVT
1534,MG,HECTOR SMART 1.5 DCT PETROL,Automatic,2021.0,Petrol,1451.0,22580.0,1st owner,1487000,28304.0,True,Yes,KA51,2021 MG HECTOR SMART 1.5 DCT PETROL
1535,Maruti,Swift Dzire VXI (O),Manual,2016.0,Petrol,1197.0,85369.0,1st owner,534000,10449.0,True,No,KA50,2016 Maruti Swift Dzire VXI (O)
1536,Hyundai,Grand i10 MAGNA 1.1 CRDI,Manual,2013.0,Diesel,1120.0,101157.0,2nd owner,341000,11324.0,True,No,KA51,2013 Hyundai Grand i10 MAGNA 1.1 CRDI
1537,Honda,City 1.5L I-VTEC S MT,Manual,2013.0,Petrol,1497.0,76062.0,2nd owner,448000,11799.0,True,No,KA01,2013 Honda City 1.5L I-VTEC S MT
1538,Tata,NEXON XZ PLUS (HS) PETROL,Manual,2022.0,Petrol,1199.0,21141.0,1st owner,1037000,19738.0,True,No,KA03,2022 Tata NEXON XZ PLUS (HS) PETROL
1539,Maruti,Ertiga VXI,Manual,2013.0,Petrol,1373.0,83166.0,2nd owner,558000,14701.0,True,Yes,KA51,2013 Maruti Ertiga VXI
1540,Volkswagen,Polo HIGHLINE1.2L,Manual,2013.0,Petrol,1198.0,69208.0,1st owner,451000,11877.0,True,No,KA03,2013 Volkswagen Polo HIGHLINE1.2L
1541,Hyundai,i20 MAGNA (O) 1.2,Manual,2013.0,Petrol,1396.0,78896.0,1st owner,391000,10291.0,True,No,KA05,2013 Hyundai i20 MAGNA (O) 1.2
1542,Maruti,IGNIS DELTA 1.2,Manual,2022.0,Petrol,1197.0,20059.0,2nd owner,647000,12649.0,True,No,KA02,2022 Maruti IGNIS DELTA 1.2
1543,Ford,FREESTYLE TITANIUM 1.2 PETROL,Manual,2020.0,Petrol,1194.0,34396.0,1st owner,634000,12402.0,True,No,KA05,2020 Ford FREESTYLE TITANIUM 1.2 PETROL
1544,Hyundai,Grand i10 ASTA (O) 1.2 KAPPA VTVT,Manual,2014.0,Petrol,1197.0,92801.0,2nd owner,379000,8430.0,True,No,KA05,2014 Hyundai Grand i10 ASTA (O) 1.2 KAPPA VTVT
1545,Maruti,Alto K10 VXI AMT,Automatic,2016.0,Petrol,998.0,20323.0,2nd owner,345000,6745.0,True,No,KA53,2016 Maruti Alto K10 VXI AMT
1546,Hyundai,Xcent S (O) 1.2,Manual,2015.0,Petrol,1197.0,70091.0,1st owner,424000,8296.0,True,No,KA04,2015 Hyundai Xcent S (O) 1.2
1548,Hyundai,Eon D-LITE+,Manual,2015.0,Petrol,814.0,72183.0,1st owner,281000,5491.0,True,Yes,KA04,2015 Hyundai Eon D-LITE+
1550,Hyundai,Grand i10 ASTA (O) 1.2 KAPPA VTVT,Manual,2015.0,Petrol,1197.0,73474.0,2nd owner,438000,8572.0,True,No,KA03,2015 Hyundai Grand i10 ASTA (O) 1.2 KAPPA VTVT
1551,Honda,City 1.5L I-VTEC ZX CVT,Automatic,2022.0,Petrol,1498.0,37952.0,1st owner,1417000,26971.0,True,No,KA06,2022 Honda City 1.5L I-VTEC ZX CVT
1552,Skoda,Rapid AMBITION AT TSI,Automatic,2021.0,Petrol,999.0,36124.0,2nd owner,1030000,19605.0,True,No,KA51,2021 Skoda Rapid AMBITION AT TSI
1553,Maruti,Wagon R 1.0 VXI,Manual,2015.0,Petrol,998.0,65310.0,2nd owner,357000,6979.0,True,No,KA53,2015 Maruti Wagon R 1.0 VXI
1554,Hyundai,VENUE SX 1.0 (O) TURBO IMT,Manual,2021.0,Petrol,998.0,19937.0,2nd owner,1127000,21451.0,True,No,KA04,2021 Hyundai VENUE SX 1.0 (O) TURBO IMT
1555,Renault,Kwid RXT 1.0 (O),Manual,2020.0,Petrol,999.0,14837.0,1st owner,428000,8374.0,True,No,KA41,2020 Renault Kwid RXT 1.0 (O)
1556,Maruti,Swift VDI (O),Manual,2016.0,Diesel,1248.0,72507.0,1st owner,566000,11065.0,True,No,KA53,2016 Maruti Swift VDI (O)
1557,Renault,Kwid CLIMBER 1.0 (O),Manual,2020.0,Petrol,999.0,42325.0,2nd owner,404000,7896.0,True,No,KA01,2020 Renault Kwid CLIMBER 1.0 (O)
1558,Renault,TRIBER RXZ AMT,Automatic,2020.0,Petrol,999.0,17346.0,1st owner,683000,13353.0,True,No,KA50,2020 Renault TRIBER RXZ AMT
1559,Honda,City 1.5L I-VTEC S MT,Manual,2012.0,Petrol,1497.0,92281.0,1st owner,407000,13524.0,True,No,KA35,2012 Honda City 1.5L I-VTEC S MT
1560,Nissan,MAGNITE XV EXECUTIVE TURBO CVT,Automatic,2022.0,Petrol,999.0,16880.0,1st owner,893000,16997.0,True,No,KA03,2022 Nissan MAGNITE XV EXECUTIVE TURBO CVT
1561,Maruti,Swift ZXI PLUS AMT DUAL TONE,Automatic,2021.0,Petrol,1197.0,46325.0,1st owner,841000,16008.0,True,No,KA03,2021 Maruti Swift ZXI PLUS AMT DUAL TONE
1562,Maruti,Alto 800 LXI,Manual,2014.0,Petrol,796.0,76636.0,1st owner,269000,5994.0,True,No,KA05,2014 Maruti Alto 800 LXI
1563,Renault,TRIBER RXZ AMT,Automatic,2022.0,Petrol,999.0,7542.0,1st owner,757000,14799.0,True,No,KA05,2022 Renault TRIBER RXZ AMT
1564,KIA,SELTOS HTX ANNIVERSARY EDITION 1.5 DIESEL,Manual,2020.0,Diesel,1493.0,44705.0,1st owner,1350000,25696.0,True,No,KA01,2020 KIA SELTOS HTX ANNIVERSARY EDITION 1.5 DIESEL
1565,Maruti,S PRESSO VXI+,Manual,2020.0,Petrol,998.0,44412.0,1st owner,423000,8270.0,True,No,KA07,2020 Maruti S PRESSO VXI+
1566,Maruti,Wagon R 1.0 VXI+,Manual,2017.0,Petrol,998.0,73266.0,1st owner,445000,8700.0,True,No,KA14,2017 Maruti Wagon R 1.0 VXI+
1567,Hyundai,Grand i10 ASTA (O) 1.2 KAPPA VTVT,Manual,2015.0,Petrol,1197.0,47394.0,1st owner,478000,9338.0,True,No,KA05,2015 Hyundai Grand i10 ASTA (O) 1.2 KAPPA VTVT
1568,Tata,PUNCH CREATIVE IRA 1.2 RTN DUAL TONE,Manual,2021.0,Petrol,1199.0,22283.0,1st owner,865000,16464.0,True,No,KA03,2021 Tata PUNCH CREATIVE IRA 1.2 RTN DUAL TONE
1569,Hyundai,Eon MAGNA +,Manual,2013.0,Petrol,814.0,83065.0,1st owner,257000,6762.0,True,No,KA51,2013 Hyundai Eon MAGNA +
1570,Hyundai,Elite i20 ASTA 1.2 (O),Manual,2018.0,Petrol,1197.0,35676.0,2nd owner,717000,14017.0,True,No,KA05,2018 Hyundai Elite i20 ASTA 1.2 (O)
1571,Honda,Amaze 1.2L I-VTEC V CVT,Automatic,2019.0,Petrol,1498.0,67534.0,1st owner,705000,13791.0,True,No,KA04,2019 Honda Amaze 1.2L I-VTEC V CVT
1572,Honda,Jazz 1.2L I-VTEC V AT,Automatic,2017.0,Petrol,1199.0,82006.0,2nd owner,576000,11261.0,True,No,KA01,2017 Honda Jazz 1.2L I-VTEC V AT
1573,Honda,Jazz 1.2L I-VTEC VX,Manual,2022.0,Petrol,1199.0,11651.0,1st owner,885000,16845.0,True,No,KA03,2022 Honda Jazz 1.2L I-VTEC VX
1574,Renault,Duster 110 PS RXL ADVENTURE,Manual,2014.0,Diesel,1461.0,62481.0,1st owner,620000,16331.0,True,Yes,KA53,2014 Renault Duster 110 PS RXL ADVENTURE
1575,Hyundai,NEW SANTRO SPORTZ AMT,Automatic,2019.0,Petrol,1086.0,27398.0,1st owner,527000,10302.0,True,No,KA04,2019 Hyundai NEW SANTRO SPORTZ AMT
1576,Mahindra,XUV500 W9 AT,Automatic,2021.0,Diesel,2179.0,38700.0,1st owner,1631000,31045.0,True,Yes,KA51,2021 Mahindra XUV500 W9 AT
1577,Ford,FREESTYLE TITANIUM PLUS 1.2 PETROL,Manual,2018.0,Petrol,1194.0,60618.0,1st owner,561000,10968.0,True,No,KA01,2018 Ford FREESTYLE TITANIUM PLUS 1.2 PETROL
1578,Skoda,Rapid AMBITION 1.6 MPI MT,Manual,2017.0,Petrol,1598.0,24847.0,1st owner,719000,14057.0,True,No,KA03,2017 Skoda Rapid AMBITION 1.6 MPI MT
1579,Mahindra,Kuv100 K8 D 6 STR,Manual,2016.0,Diesel,1198.0,55202.0,2nd owner,412000,8063.0,True,No,KA04,2016 Mahindra Kuv100 K8 D 6 STR
1580,Honda,Amaze 1.2L I-VTEC VX,Manual,2018.0,Petrol,1199.0,95562.0,2nd owner,572000,11191.0,True,No,KA05,2018 Honda Amaze 1.2L I-VTEC VX
1581,Skoda,Rapid AMBITION 1.6 MPI MT,Manual,2017.0,Petrol,1598.0,24305.0,1st owner,719000,14066.0,True,No,KA04,2017 Skoda Rapid AMBITION 1.6 MPI MT
1584,Tata,ALTROZ XZA PLUS,Automatic,2022.0,Petrol,1199.0,16221.0,1st owner,902000,17169.0,True,No,KA03,2022 Tata ALTROZ XZA PLUS
1585,Maruti,IGNIS ZETA 1.2 AMT,Automatic,2017.0,Petrol,1197.0,51952.0,2nd owner,505000,9880.0,True,No,KA03,2017 Maruti IGNIS ZETA 1.2 AMT
1587,Hyundai,VENUE SX 1.0 (O) TURBO,Manual,2019.0,Petrol,998.0,34996.0,1st owner,925000,17607.0,True,Yes,KA51,2019 Hyundai VENUE SX 1.0 (O) TURBO
1588,Maruti,Swift VXI,Manual,2012.0,Petrol,1197.0,64557.0,1st owner,389000,12920.0,True,No,KA41,2012 Maruti Swift VXI
1589,Maruti,Ritz VXI,Manual,2013.0,Petrol,1197.0,75497.0,2nd owner,354000,9322.0,True,No,KA05,2013 Maruti Ritz VXI
1590,KIA,CARENS PREMIUM 1.4 PETROL 7 STR,Manual,2022.0,Petrol,1353.0,41209.0,1st owner,1041000,19814.0,True,Yes,KA63,2022 KIA CARENS PREMIUM 1.4 PETROL 7 STR
1591,KIA,SONET X LINE 1.0 DCT,Automatic,2023.0,Petrol,998.0,5703.0,1st owner,1338000,25468.0,True,No,KA03,2023 KIA SONET X LINE 1.0 DCT
1592,Renault,Kwid RXT 1.0,Manual,2017.0,Petrol,999.0,21138.0,2nd owner,341000,6666.0,True,No,KA03,2017 Renault Kwid RXT 1.0
1593,Mahindra,XUV300 W6 1.2 PETROL,Manual,2022.0,Petrol,1197.0,45399.0,1st owner,897000,17074.0,True,Yes,KA03,2022 Mahindra XUV300 W6 1.2 PETROL
1594,Maruti,Baleno DELTA PETROL 1.2,Manual,2016.0,Petrol,1197.0,72633.0,1st owner,563000,11013.0,True,No,KA53,2016 Maruti Baleno DELTA PETROL 1.2
1595,Honda,City 1.5L I-VTEC V AT,Automatic,2012.0,Petrol,1497.0,110307.0,1st owner,372000,12356.0,True,No,KA05,2012 Honda City 1.5L I-VTEC V AT
1596,Honda,City 1.5L I-VTEC VX CVT,Automatic,2017.0,Petrol,1497.0,70058.0,2nd owner,803000,15284.0,True,No,KA04,2017 Honda City 1.5L I-VTEC VX CVT
1597,Honda,Jazz 1.2L I-VTEC V,Manual,2019.0,Petrol,1199.0,20269.0,1st owner,611000,11945.0,True,No,KA14,2019 Honda Jazz 1.2L I-VTEC V
1598,Tata,Tiago XZA PETROL,Automatic,2017.0,Petrol,1199.0,57920.0,1st owner,461000,9013.0,True,No,KA04,2017 Tata Tiago XZA PETROL
1599,Hyundai,Grand i10 MAGNA 1.2 KAPPA VTVT,Manual,2013.0,Petrol,1197.0,98732.0,2nd owner,339000,8929.0,True,No,KA05,2013 Hyundai Grand i10 MAGNA 1.2 KAPPA VTVT
1600,Maruti,Swift Dzire ZXI,Manual,2016.0,Petrol,1197.0,86301.0,2nd owner,534000,10440.0,True,No,KA41,2016 Maruti Swift Dzire ZXI
1601,Hyundai,Elite i20 SPORTZ PLUS 1.2,Manual,2019.0,Petrol,1197.0,62484.0,2nd owner,653000,12759.0,True,No,KA19,2019 Hyundai Elite i20 SPORTZ PLUS 1.2
1602,Hyundai,Elite i20 SPORTZ PLUS 1.2,Manual,2019.0,Petrol,1197.0,51792.0,2nd owner,669000,13079.0,True,No,KA04,2019 Hyundai Elite i20 SPORTZ PLUS 1.2
1603,Honda,City 1.5L I-VTEC ZX,Manual,2020.0,Petrol,1497.0,30951.0,1st owner,1064000,20252.0,True,No,KA05,2020 Honda City 1.5L I-VTEC ZX
1604,Nissan,MAGNITE XV DUAL TONE,Manual,2021.0,Petrol,999.0,9840.0,1st owner,722000,14110.0,True,Yes,KA01,2021 Nissan MAGNITE XV DUAL TONE
1605,Hyundai,Grand i10 SPORTZ 1.2 KAPPA VTVT,Manual,2016.0,Petrol,1197.0,82571.0,3rd owner,356000,6960.0,True,No,KA05,2016 Hyundai Grand i10 SPORTZ 1.2 KAPPA VTVT
1606,Maruti,Ritz VXI,Manual,2014.0,Petrol,1197.0,73631.0,2nd owner,355000,7897.0,True,No,KA02,2014 Maruti Ritz VXI
1607,Tata,PUNCH CREATIVE  MT,Manual,2022.0,Petrol,1199.0,20447.0,2nd owner,744000,14545.0,True,No,KA13,2022 Tata PUNCH CREATIVE  MT
1608,Honda,City 1.5L I-VTEC V MT,Manual,2012.0,Petrol,1497.0,116782.0,2nd owner,379000,12598.0,True,No,KA53,2012 Honda City 1.5L I-VTEC V MT
1609,Honda,WR-V 1.2L I-VTEC VX MT,Manual,2020.0,Petrol,1199.0,74928.0,1st owner,764000,14936.0,True,No,KA23,2020 Honda WR-V 1.2L I-VTEC VX MT
1610,Maruti,Ertiga VXI SHVS,Manual,2022.0,Petrol,1462.0,9884.0,1st owner,1033000,19662.0,True,Yes,KA05,2022 Maruti Ertiga VXI SHVS
1611,Maruti,Dzire ZXI PLUS AMT,Automatic,2017.0,Petrol,1197.0,105838.0,1st owner,566000,12592.0,True,No,KA20,2017 Maruti Dzire ZXI PLUS AMT
1612,Renault,Kwid CLIMBER 1.0 AMT,Automatic,2018.0,Petrol,999.0,52734.0,1st owner,350000,6843.0,True,No,KA51,2018 Renault Kwid CLIMBER 1.0 AMT
1613,Maruti,New Wagon-R ZXI 1.2,Manual,2022.0,Petrol,1197.0,8524.0,1st owner,641000,12538.0,True,No,KA04,2022 Maruti New Wagon-R ZXI 1.2
1614,Hyundai,i20 SPORTZ 1.4 CRDI,Manual,2014.0,Diesel,1396.0,102555.0,1st owner,416000,10955.0,True,No,KA04,2014 Hyundai i20 SPORTZ 1.4 CRDI
1615,Hyundai,Creta SX PLUS 1.6 PETROL,Manual,2016.0,Petrol,1591.0,60817.0,1st owner,859000,16355.0,True,No,KA52,2016 Hyundai Creta SX PLUS 1.6 PETROL
1616,Hyundai,Xcent S 1.2,Manual,2014.0,Petrol,1197.0,82065.0,1st owner,370000,8230.0,True,No,KA04,2014 Hyundai Xcent S 1.2
1617,Hyundai,NEW SANTRO SPORTZ MT,Manual,2019.0,Petrol,1086.0,33811.0,1st owner,483000,9442.0,True,No,KA05,2019 Hyundai NEW SANTRO SPORTZ MT
1618,Tata,NEXON XZ PLUS (HS) DIESEL,Manual,2022.0,Diesel,1497.0,31035.0,1st owner,1100000,20932.0,True,No,KA04,2022 Tata NEXON XZ PLUS (HS) DIESEL
1619,Toyota,Glanza V AMT,Automatic,2023.0,Petrol,1197.0,7757.0,1st owner,969000,18438.0,True,No,KA20,2023 Toyota Glanza V AMT
1620,Honda,Amaze 1.2L I-VTEC VX,Manual,2014.0,Petrol,1198.0,109589.0,2nd owner,381000,8467.0,True,No,KA03,2014 Honda Amaze 1.2L I-VTEC VX
1621,Hyundai,Creta SX PLUS 1.6 PETROL,Manual,2017.0,Petrol,1591.0,68811.0,2nd owner,905000,17226.0,True,No,KA04,2017 Hyundai Creta SX PLUS 1.6 PETROL
1622,Hyundai,Verna FLUIDIC 1.6 CRDI SX,Manual,2014.0,Diesel,1582.0,89332.0,2nd owner,505000,13290.0,True,No,KA25,2014 Hyundai Verna FLUIDIC 1.6 CRDI SX
1623,Hyundai,Grand i10 SPORTZ 1.2 KAPPA VTVT,Manual,2015.0,Petrol,1197.0,26534.0,1st owner,434000,8485.0,True,No,KA04,2015 Hyundai Grand i10 SPORTZ 1.2 KAPPA VTVT
1624,Maruti,Celerio VXI,Manual,2015.0,Petrol,998.0,39773.0,1st owner,400000,7816.0,True,No,KA53,2015 Maruti Celerio VXI
1625,MG,HECTOR SHARP 2.0 DIESEL,Manual,2019.0,Diesel,1956.0,49559.0,1st owner,1447000,27542.0,True,Yes,KA03,2019 MG HECTOR SHARP 2.0 DIESEL
1626,Hyundai,Verna 1.6 VTVT SX,Manual,2018.0,Petrol,1591.0,15912.0,1st owner,877000,16693.0,True,No,KA51,2018 Hyundai Verna 1.6 VTVT SX
1627,Ford,Ecosport TREND 1.5L DIESEL,Manual,2018.0,Diesel,1498.0,47693.0,2nd owner,749000,14643.0,True,Yes,KA03,2018 Ford Ecosport TREND 1.5L DIESEL
1628,Renault,Duster RXZ 1.5 PETROL MT,Manual,2020.0,Petrol,1498.0,41619.0,2nd owner,791000,15461.0,True,Yes,KA51,2020 Renault Duster RXZ 1.5 PETROL MT
1629,Honda,Jazz 1.2L I-VTEC X,Manual,2012.0,Petrol,1198.0,35444.0,1st owner,346000,11492.0,True,No,KA05,2012 Honda Jazz 1.2L I-VTEC X
1630,KIA,SELTOS HTX PLUS 1.5 DIESEL,Manual,2021.0,Diesel,1493.0,39132.0,1st owner,1464000,27866.0,True,Yes,KA03,2021 KIA SELTOS HTX PLUS 1.5 DIESEL
1631,Honda,Brio EX MT,Manual,2013.0,Petrol,1198.0,55685.0,1st owner,305000,8044.0,True,No,KA01,2013 Honda Brio EX MT
1632,Hyundai,Grand i10 ASTA 1.2 KAPPA VTVT,Manual,2017.0,Petrol,1197.0,31072.0,1st owner,550000,10751.0,True,No,KA01,2017 Hyundai Grand i10 ASTA 1.2 KAPPA VTVT
1633,Mahindra,XUV300 W8 (O) 1.2 PETROL,Manual,2021.0,Petrol,1197.0,9715.0,1st owner,1046000,19917.0,True,No,KA51,2021 Mahindra XUV300 W8 (O) 1.2 PETROL
1634,Hyundai,Elite i20 ASTA 1.4 CRDI (O),Manual,2016.0,Diesel,1396.0,79701.0,2nd owner,662000,12932.0,True,No,KA51,2016 Hyundai Elite i20 ASTA 1.4 CRDI (O)
1635,Honda,Jazz 1.2L I-VTEC VX,Manual,2017.0,Petrol,1199.0,34743.0,1st owner,589000,11515.0,True,No,KA03,2017 Honda Jazz 1.2L I-VTEC VX
1636,Hyundai,Verna FLUIDIC 1.6 CRDI SX,Manual,2012.0,Diesel,1582.0,123296.0,2nd owner,401000,18888.0,True,No,KA51,2012 Hyundai Verna FLUIDIC 1.6 CRDI SX
1637,Tata,NEXON XZA PLUS PETROL,Automatic,2022.0,Petrol,1199.0,31940.0,1st owner,1006000,19148.0,True,No,KA03,2022 Tata NEXON XZA PLUS PETROL
1638,Hyundai,i20 SPORTZ 1.2,Manual,2014.0,Petrol,1197.0,40194.0,2nd owner,436000,9707.0,True,No,KA53,2014 Hyundai i20 SPORTZ 1.2
1639,Hyundai,ALCAZAR 2.0 SIGNATURE (O) AT 7STR,Automatic,2022.0,Petrol,1999.0,11009.0,1st owner,1889000,35948.0,True,No,KA01,2022 Hyundai ALCAZAR 2.0 SIGNATURE (O) AT 7STR
1640,Maruti,Ciaz ALPHA  AT 1.5 SHVS PETROL,Automatic,2020.0,Petrol,1462.0,70110.0,1st owner,823000,15665.0,True,No,KA11,2020 Maruti Ciaz ALPHA  AT 1.5 SHVS PETROL
1641,KIA,SELTOS HTX IVT 1.5 PETROL,Automatic,2022.0,Petrol,1497.0,39295.0,1st owner,1483000,28218.0,True,No,KA18,2022 KIA SELTOS HTX IVT 1.5 PETROL
1642,Maruti,Wagon R 1.0 VXI AMT,Automatic,2015.0,Petrol,998.0,38523.0,1st owner,374000,7312.0,True,Yes,KA53,2015 Maruti Wagon R 1.0 VXI AMT
1643,Hyundai,AURA SX 1.2 (O),Manual,2020.0,Petrol,1197.0,41269.0,1st owner,666000,13019.0,True,No,KA09,2020 Hyundai AURA SX 1.2 (O)
1644,Maruti,Ertiga ZDI,Manual,2015.0,Diesel,1248.0,57858.0,1st owner,787000,17498.0,True,Yes,KA05,2015 Maruti Ertiga ZDI
1646,Maruti,Ciaz ZXI+ AT,Automatic,2017.0,Petrol,1373.0,73371.0,1st owner,626000,12238.0,True,No,KA05,2017 Maruti Ciaz ZXI+ AT
1647,Maruti,Swift VXI,Manual,2016.0,Petrol,1197.0,70756.0,1st owner,555000,10854.0,True,No,KA02,2016 Maruti Swift VXI
1648,Mahindra,XUV500 W6,Manual,2015.0,Diesel,2179.0,86773.0,2nd owner,761000,16936.0,True,Yes,KA05,2015 Mahindra XUV500 W6
1649,Maruti,Baleno ZETA CVT PETROL 1.2,Automatic,2016.0,Petrol,1197.0,91417.0,2nd owner,552000,10801.0,True,No,KA19,2016 Maruti Baleno ZETA CVT PETROL 1.2
1650,Renault,Duster 110 PS RXL 4X2 AMT,Automatic,2016.0,Diesel,1461.0,41022.0,1st owner,761000,14878.0,True,Yes,KA05,2016 Renault Duster 110 PS RXL 4X2 AMT
1651,Maruti,XL6 ALPHA MT,Manual,2021.0,Petrol,1462.0,30449.0,1st owner,1038000,19757.0,True,Yes,KA51,2021 Maruti XL6 ALPHA MT
1652,Maruti,XL6 ZETA MT,Manual,2022.0,Petrol,1462.0,59304.0,1st owner,1037000,19738.0,True,No,KA24,2022 Maruti XL6 ZETA MT
1653,Honda,City 1.5L I-VTEC ZX CVT,Automatic,2022.0,Petrol,1498.0,9928.0,1st owner,1375000,26172.0,True,No,KA04,2022 Honda City 1.5L I-VTEC ZX CVT
1654,Mahindra,XUV300 W6 1.2 PETROL,Manual,2023.0,Petrol,1197.0,10190.0,1st owner,966000,18387.0,True,No,KA04,2023 Mahindra XUV300 W6 1.2 PETROL
1655,Hyundai,Verna 1.6 VTVT SX (O) AT,Automatic,2018.0,Petrol,1591.0,61288.0,2nd owner,866000,16484.0,True,No,KA53,2018 Hyundai Verna 1.6 VTVT SX (O) AT
1656,Maruti,Celerio ZXI AMT,Automatic,2016.0,Petrol,998.0,43855.0,1st owner,430000,8412.0,True,No,KA53,2016 Maruti Celerio ZXI AMT
1657,Hyundai,NEW SANTRO SPORTZ AMT,Automatic,2018.0,Petrol,1086.0,17268.0,1st owner,478000,9346.0,True,No,KA20,2018 Hyundai NEW SANTRO SPORTZ AMT
1658,Maruti,Vitara Brezza VXI,Manual,2020.0,Petrol,1462.0,37548.0,2nd owner,810000,15418.0,True,No,KA21,2020 Maruti Vitara Brezza VXI
1659,Maruti,Alto 800 LXI O,Manual,2016.0,Petrol,796.0,14901.0,1st owner,298000,5831.0,True,No,KA06,2016 Maruti Alto 800 LXI O
1660,Hyundai,Creta SX AT 1.6 PETROL,Automatic,2019.0,Petrol,1591.0,57859.0,1st owner,1134000,21585.0,True,Yes,KA04,2019 Hyundai Creta SX AT 1.6 PETROL
1661,Hyundai,Creta SX IVT 1.5 PETROL,Automatic,2020.0,Petrol,1497.0,30936.0,1st owner,1455000,27695.0,True,Yes,KA03,2020 Hyundai Creta SX IVT 1.5 PETROL
1662,Hyundai,Grand i10 ASTA (O) AT 1.2 KAPPA VTVT,Automatic,2016.0,Petrol,1197.0,32979.0,1st owner,539000,10540.0,True,No,KA05,2016 Hyundai Grand i10 ASTA (O) AT 1.2 KAPPA VTVT
1663,Volkswagen,Ameo HIGHLINE1.2L,Manual,2016.0,Petrol,1198.0,68602.0,2nd owner,518000,10123.0,True,No,KA01,2016 Volkswagen Ameo HIGHLINE1.2L
1664,Maruti,IGNIS ALPHA 1.2,Manual,2018.0,Petrol,1197.0,83348.0,1st owner,526000,10290.0,True,No,KA04,2018 Maruti IGNIS ALPHA 1.2
1665,Toyota,Etios G,Manual,2012.0,Petrol,1496.0,92396.0,1st owner,364000,12105.0,True,No,KA05,2012 Toyota Etios G
1667,Mahindra,XUV700 AX 5 P MT 5 STR,Manual,2022.0,Petrol,1997.0,31256.0,1st owner,1551000,29522.0,True,Yes,KA53,2022 Mahindra XUV700 AX 5 P MT 5 STR
1668,Hyundai,Elite i20 MAGNA 1.2,Manual,2015.0,Petrol,1197.0,64338.0,1st owner,489000,9560.0,True,No,KA03,2015 Hyundai Elite i20 MAGNA 1.2
1669,Ford,Ecosport TITANIUM 1.5L PETROL,Manual,2015.0,Petrol,1499.0,64622.0,2nd owner,504000,9847.0,True,No,KA04,2015 Ford Ecosport TITANIUM 1.5L PETROL
1670,Mahindra,TUV300 T8,Manual,2016.0,Diesel,1493.0,29721.0,1st owner,666000,13029.0,True,No,KA53,2016 Mahindra TUV300 T8
1671,Maruti,Ertiga VDI,Manual,2014.0,Diesel,1248.0,90881.0,1st owner,672000,17696.0,True,Yes,KA50,2014 Maruti Ertiga VDI
1673,Maruti,Celerio VXI AMT,Automatic,2015.0,Petrol,998.0,29983.0,2nd owner,400000,7820.0,True,No,KA05,2015 Maruti Celerio VXI AMT
1674,Honda,BR-V 1.5L I-VTEC VX,Manual,2016.0,Petrol,1497.0,34721.0,2nd owner,682000,13333.0,True,No,KA03,2016 Honda BR-V 1.5L I-VTEC VX
1675,Hyundai,VENUE SX 1.0 TURBO,Manual,2019.0,Petrol,998.0,23998.0,2nd owner,819000,15588.0,True,Yes,KA19,2019 Hyundai VENUE SX 1.0 TURBO
1676,Hyundai,i10 SPORTZ 1.2,Manual,2013.0,Petrol,1197.0,67134.0,2nd owner,340000,8954.0,True,No,KA05,2013 Hyundai i10 SPORTZ 1.2
1677,Maruti,Ertiga VXI AT,Automatic,2016.0,Petrol,1373.0,49938.0,1st owner,663000,12968.0,True,No,KA51,2016 Maruti Ertiga VXI AT
1678,MG,HECTOR PLUS SHARP 1.5 PETROL TURBO DCT 6-STR,Automatic,2021.0,Petrol,1451.0,37246.0,1st owner,1753000,33367.0,True,No,KA03,2021 MG HECTOR PLUS SHARP 1.5 PETROL TURBO DCT 6-STR
1679,Hyundai,Elite i20 ASTA 1.2,Manual,2015.0,Petrol,1197.0,78993.0,1st owner,567000,11092.0,True,No,KA42,2015 Hyundai Elite i20 ASTA 1.2
1680,Honda,City 1.5L I-VTEC SV CVT,Automatic,2014.0,Petrol,1497.0,74783.0,2nd owner,482000,10723.0,True,No,KA53,2014 Honda City 1.5L I-VTEC SV CVT
1681,Honda,City 1.5L I-VTEC V MT,Manual,2015.0,Petrol,1497.0,83531.0,1st owner,569000,11122.0,True,No,KA05,2015 Honda City 1.5L I-VTEC V MT
1682,Toyota,Glanza G,Manual,2020.0,Petrol,1197.0,68494.0,2nd owner,633000,12368.0,True,No,KA04,2020 Toyota Glanza G
1683,Hyundai,i20 Active 1.2 SX,Manual,2017.0,Petrol,1197.0,58025.0,2nd owner,630000,12318.0,True,No,KA04,2017 Hyundai i20 Active 1.2 SX
1684,KIA,SELTOS GTX 1.4 PETROL,Manual,2020.0,Petrol,1353.0,64932.0,1st owner,1299000,24725.0,True,No,KA51,2020 KIA SELTOS GTX 1.4 PETROL
1685,Hyundai,Verna FLUIDIC 1.6 VTVT SX,Manual,2014.0,Petrol,1591.0,101540.0,1st owner,468000,10410.0,True,No,KA03,2014 Hyundai Verna FLUIDIC 1.6 VTVT SX
1686,Maruti,Swift ZXI AMT,Automatic,2018.0,Petrol,1197.0,46324.0,1st owner,650000,12701.0,True,No,KA03,2018 Maruti Swift ZXI AMT
1687,Maruti,Swift VXI,Manual,2019.0,Petrol,1197.0,29056.0,2nd owner,609000,11898.0,True,No,KA41,2019 Maruti Swift VXI
1688,Maruti,S PRESSO VXI,Manual,2019.0,Petrol,998.0,25604.0,2nd owner,390000,7625.0,True,No,KA03,2019 Maruti S PRESSO VXI
1689,Toyota,Glanza V AMT,Automatic,2024.0,Petrol,1197.0,10441.0,1st owner,1015000,19320.0,True,No,KA41,2024 Toyota Glanza V AMT
1690,Tata,NEXON XZA PLUS SUNROOF PETROL,Automatic,2021.0,Petrol,1199.0,18030.0,1st owner,1018000,19377.0,True,No,KA53,2021 Tata NEXON XZA PLUS SUNROOF PETROL
1691,KIA,CARENS LUXURY PLUS 1.4 PETROL DCT 6 STR,Automatic,2022.0,Petrol,1353.0,12150.0,1st owner,1613000,30702.0,True,No,KA05,2022 KIA CARENS LUXURY PLUS 1.4 PETROL DCT 6 STR
1692,KIA,CARENS PRESTIGE 1.5 DIESEL 7 STR,Manual,2022.0,Diesel,1493.0,37095.0,1st owner,1279000,24352.0,True,Yes,KA04,2022 KIA CARENS PRESTIGE 1.5 DIESEL 7 STR
1694,KIA,SELTOS HTX 1.5 DIESEL,Manual,2020.0,Diesel,1493.0,34099.0,1st owner,1390000,26457.0,True,No,KA53,2020 KIA SELTOS HTX 1.5 DIESEL
1695,Mahindra,Thar LX PETROL HT 4WD AT,Automatic,2023.0,Petrol,1997.0,7136.0,1st owner,1605000,30550.0,True,No,KA41,2023 Mahindra Thar LX PETROL HT 4WD AT
1696,Nissan,MAGNITE XV MT,Manual,2021.0,Petrol,999.0,49901.0,1st owner,681000,13315.0,True,Yes,KA01,2021 Nissan MAGNITE XV MT
1697,Hyundai,Xcent SX 1.2 (O),Manual,2014.0,Petrol,1197.0,53582.0,1st owner,432000,9610.0,True,Yes,KA05,2014 Hyundai Xcent SX 1.2 (O)
1698,Nissan,MAGNITE XE,Manual,2022.0,Petrol,999.0,19286.0,1st owner,566000,11073.0,True,No,KA03,2022 Nissan MAGNITE XE
1699,Maruti,Baleno ALPHA PETROL 1.2,Manual,2016.0,Petrol,1197.0,33128.0,1st owner,647000,12651.0,True,No,KA03,2016 Maruti Baleno ALPHA PETROL 1.2
1700,Tata,PUNCH CREATIVE  MT,Manual,2023.0,Petrol,1199.0,9112.0,1st owner,841000,16003.0,True,Yes,KA02,2023 Tata PUNCH CREATIVE  MT
1701,Maruti,Dzire VXI,Manual,2017.0,Petrol,1197.0,35892.0,1st owner,605000,11820.0,True,No,KA03,2017 Maruti Dzire VXI
1702,Hyundai,i20 SPORTZ 1.2,Manual,2013.0,Petrol,1197.0,55007.0,1st owner,423000,11139.0,True,No,KA53,2013 Hyundai i20 SPORTZ 1.2
1703,Maruti,Baleno DELTA PETROL 1.2,Manual,2022.0,Petrol,1197.0,25794.0,1st owner,755000,14764.0,True,No,KA01,2022 Maruti Baleno DELTA PETROL 1.2
1704,Hyundai,Eon MAGNA +,Manual,2013.0,Petrol,814.0,19659.0,2nd owner,230000,6049.0,True,No,WB56,2013 Hyundai Eon MAGNA +
1705,Tata,ALTROZ XZ PETROL,Manual,2021.0,Petrol,1199.0,3841.0,1st owner,769000,15038.0,True,No,KA53,2021 Tata ALTROZ XZ PETROL
1706,Hyundai,Elite i20 ASTA 1.2 (O),Manual,2018.0,Petrol,1197.0,15853.0,1st owner,738000,14426.0,True,No,KA03,2018 Hyundai Elite i20 ASTA 1.2 (O)
1708,Maruti,Baleno DELTA PETROL 1.2,Manual,2016.0,Petrol,1197.0,82967.0,1st owner,540000,10561.0,True,No,KA03,2016 Maruti Baleno DELTA PETROL 1.2
1709,Honda,City 1.5L I-VTEC VX,Manual,2021.0,Petrol,1498.0,30309.0,1st owner,1043000,19853.0,True,No,KA01,2021 Honda City 1.5L I-VTEC VX
1710,Maruti,Baleno ZETA CVT PETROL 1.2,Automatic,2017.0,Petrol,1197.0,112062.0,1st owner,582000,12951.0,True,No,TS07,2017 Maruti Baleno ZETA CVT PETROL 1.2
1712,Maruti,Grand Vitara DELTA SMART HYBRID,Manual,2023.0,Petrol,1462.0,28842.0,1st owner,1233000,23469.0,True,No,TS08,2023 Maruti Grand Vitara DELTA SMART HYBRID
1713,Tata,Tiago XZA PETROL,Automatic,2018.0,Petrol,1199.0,41772.0,2nd owner,490000,9571.0,True,No,TS08,2018 Tata Tiago XZA PETROL
1714,Maruti,Swift Dzire VDI,Manual,2013.0,Diesel,1248.0,109035.0,2nd owner,425000,14107.0,True,Yes,AP10,2013 Maruti Swift Dzire VDI
1715,Maruti,Ertiga VXI AT SHVS,Automatic,2022.0,Petrol,1462.0,35378.0,1st owner,1084000,20633.0,True,Yes,TS12,2022 Maruti Ertiga VXI AT SHVS
1716,Maruti,Dzire VXI,Manual,2019.0,Petrol,1197.0,91942.0,1st owner,600000,11730.0,True,No,TS08,2019 Maruti Dzire VXI
1717,Mahindra,XUV500 W7,Manual,2019.0,Diesel,2179.0,79470.0,1st owner,1097000,20880.0,True,No,TS07,2019 Mahindra XUV500 W7
1718,Maruti,Vitara Brezza ZDI,Manual,2016.0,Diesel,1248.0,76173.0,1st owner,762000,14902.0,True,No,TS07,2016 Maruti Vitara Brezza ZDI
1719,Mahindra,XUV700 AX 5 D MT 5 STR,Manual,2022.0,Diesel,2184.0,29358.0,1st owner,1789000,34052.0,True,No,TS07,2022 Mahindra XUV700 AX 5 D MT 5 STR
1720,Hyundai,Elite i20 ASTA 1.2 DUAL TONE,Manual,2017.0,Petrol,1197.0,79690.0,1st owner,636000,12442.0,True,No,TS09,2017 Hyundai Elite i20 ASTA 1.2 DUAL TONE
1721,Maruti,Swift ZXI,Manual,2016.0,Petrol,1197.0,77053.0,1st owner,538000,10509.0,True,Yes,TS11,2016 Maruti Swift ZXI
1722,KIA,SELTOS HTK PLUS 1.5,Manual,2021.0,Petrol,1497.0,34663.0,1st owner,1147000,21832.0,True,No,TS15,2021 KIA SELTOS HTK PLUS 1.5
1723,Maruti,Swift VXI,Manual,2017.0,Petrol,1197.0,25847.0,2nd owner,545000,10655.0,True,No,TS07,2017 Maruti Swift VXI
1724,Honda,WR-V 1.2L I-VTEC VX MT,Manual,2019.0,Petrol,1199.0,29923.0,1st owner,780000,15250.0,True,No,TS08,2019 Honda WR-V 1.2L I-VTEC VX MT
1725,Honda,Amaze 1.2L I-VTEC VX,Manual,2019.0,Petrol,1199.0,37615.0,1st owner,689000,13470.0,True,No,TS10,2019 Honda Amaze 1.2L I-VTEC VX
1726,Maruti,Baleno DELTA PETROL 1.2,Manual,2019.0,Petrol,1197.0,74173.0,1st owner,615000,12033.0,True,No,TS08,2019 Maruti Baleno DELTA PETROL 1.2
1728,Tata,NEXON XZA PLUS PETROL,Automatic,2020.0,Petrol,1198.0,32729.0,1st owner,916000,17435.0,True,No,TS08,2020 Tata NEXON XZA PLUS PETROL
1729,Maruti,Celerio VXI (O),Manual,2018.0,Petrol,998.0,37192.0,2nd owner,418000,8176.0,True,No,TS10,2018 Maruti Celerio VXI (O)
1730,Hyundai,Creta SX (O) 1.6 PETROL,Manual,2019.0,Petrol,1591.0,83716.0,1st owner,1093000,20804.0,True,No,TS08,2019 Hyundai Creta SX (O) 1.6 PETROL
1731,Tata,NEXON XZ PLUS PETROL,Manual,2020.0,Petrol,1198.0,75042.0,1st owner,834000,15874.0,True,No,TS08,2020 Tata NEXON XZ PLUS PETROL
1732,Hyundai,NEW SANTRO ERA EXECUTIVE,Manual,2019.0,Petrol,1086.0,52881.0,1st owner,428000,8358.0,True,No,TS07,2019 Hyundai NEW SANTRO ERA EXECUTIVE
1733,Maruti,Baleno ZETA CVT PETROL 1.2,Automatic,2018.0,Petrol,1197.0,62129.0,1st owner,653000,12759.0,True,No,TS13,2018 Maruti Baleno ZETA CVT PETROL 1.2
1734,Hyundai,VENUE SX 1.0 (O) TURBO IMT,Manual,2020.0,Petrol,998.0,47544.0,1st owner,954000,18159.0,True,No,TS09,2020 Hyundai VENUE SX 1.0 (O) TURBO IMT
1735,Toyota,Glanza V,Manual,2019.0,Petrol,1197.0,31957.0,1st owner,728000,14233.0,True,Yes,TS07,2019 Toyota Glanza V
1736,Honda,WR-V 1.5L I-DTEC VX MT,Manual,2017.0,Diesel,1498.0,97807.0,1st owner,725000,14168.0,True,No,TS07,2017 Honda WR-V 1.5L I-DTEC VX MT
1737,Hyundai,Elite i20 SPORTZ 1.2,Manual,2016.0,Petrol,1197.0,89807.0,1st owner,564000,11026.0,True,Yes,TS09,2016 Hyundai Elite i20 SPORTZ 1.2
1738,Renault,Kwid CLIMBER AMT 1.0,Automatic,2022.0,Petrol,999.0,25787.0,1st owner,578000,11290.0,True,No,TS07,2022 Renault Kwid CLIMBER AMT 1.0
1739,Volkswagen,TAIGUN GT PLUS 1.5 TSI DSG,Automatic,2022.0,Petrol,1498.0,46791.0,1st owner,1583000,30131.0,True,No,TS12,2022 Volkswagen TAIGUN GT PLUS 1.5 TSI DSG
1740,KIA,SELTOS GTX PLUS DCT 1.4 PETROL,Automatic,2019.0,Petrol,1353.0,73142.0,1st owner,1271000,24192.0,True,No,TS07,2019 KIA SELTOS GTX PLUS DCT 1.4 PETROL
1741,Maruti,Baleno ZETA PETROL 1.2,Manual,2018.0,Petrol,1197.0,60017.0,1st owner,630000,12323.0,True,No,TS08,2018 Maruti Baleno ZETA PETROL 1.2
1742,MG,HECTOR SHARP 1.5 PETROL CVT,Automatic,2021.0,Petrol,1451.0,53405.0,1st owner,1492000,28393.0,True,No,TS09,2021 MG HECTOR SHARP 1.5 PETROL CVT
1743,Maruti,Celerio ZXI PLUS AGS,Automatic,2021.0,Petrol,998.0,3760.0,2nd owner,630000,12326.0,True,No,TS08,2021 Maruti Celerio ZXI PLUS AGS
1744,Renault,Kwid CLIMBER AMT 1.0,Automatic,2022.0,Petrol,999.0,9601.0,1st owner,575000,11241.0,True,No,TS09,2022 Renault Kwid CLIMBER AMT 1.0
1745,Maruti,Alto K10 VXI PLUS AMT,Automatic,2023.0,Petrol,998.0,15262.0,1st owner,565000,11037.0,True,No,TS15,2023 Maruti Alto K10 VXI PLUS AMT
1746,Volkswagen,Ameo COMFORTLINE 1.0L,Manual,2019.0,Petrol,999.0,57667.0,1st owner,534000,10433.0,True,No,TS15,2019 Volkswagen Ameo COMFORTLINE 1.0L
1747,Maruti,IGNIS ALPHA 1.2,Manual,2018.0,Petrol,1197.0,35090.0,1st owner,535000,10460.0,True,No,TS10,2018 Maruti IGNIS ALPHA 1.2
1748,Honda,City 1.5L I-VTEC V MT,Manual,2012.0,Petrol,1497.0,65530.0,2nd owner,408000,13551.0,True,No,AP28,2012 Honda City 1.5L I-VTEC V MT
1749,Hyundai,Grand i10 ASTA 1.2 KAPPA VTVT,Manual,2015.0,Petrol,1197.0,82452.0,1st owner,449000,8775.0,True,Yes,AP27,2015 Hyundai Grand i10 ASTA 1.2 KAPPA VTVT
1750,Maruti,Alto 800 LXI,Manual,2014.0,Petrol,796.0,58622.0,1st owner,252000,5606.0,True,No,AP21,2014 Maruti Alto 800 LXI
1751,Tata,Tiago XM DIESEL,Manual,2018.0,Diesel,1047.0,91168.0,2nd owner,399000,7801.0,True,No,TS09,2018 Tata Tiago XM DIESEL
1752,Nissan,MAGNITE XL TURBO,Manual,2021.0,Petrol,999.0,33387.0,1st owner,659000,12884.0,True,No,TS08,2021 Nissan MAGNITE XL TURBO
1753,Tata,Tiago XE PETROL,Manual,2020.0,Petrol,1199.0,57810.0,1st owner,475000,9286.0,True,No,TS08,2020 Tata Tiago XE PETROL
1754,Mahindra,Scorpio S5,Manual,2018.0,Diesel,2179.0,95181.0,1st owner,802000,15265.0,True,No,TS07,2018 Mahindra Scorpio S5
1755,Hyundai,i20 Active 1.2 SX,Manual,2015.0,Petrol,1197.0,38799.0,1st owner,579000,11322.0,True,Yes,TS09,2015 Hyundai i20 Active 1.2 SX
1756,Maruti,XL6 ZETA MT,Manual,2021.0,Petrol,1462.0,53293.0,1st owner,980000,18653.0,True,No,TS19,2021 Maruti XL6 ZETA MT
1757,Maruti,Swift VDI,Manual,2012.0,Diesel,1248.0,62234.0,2nd owner,342000,16099.0,True,No,AP10,2012 Maruti Swift VDI
1758,KIA,SELTOS HTK 1.5 PETROL,Manual,2023.0,Petrol,1497.0,4607.0,1st owner,1237000,23545.0,True,No,TS08,2023 KIA SELTOS HTK 1.5 PETROL
1759,Mahindra,Thar CRDE 4X4 AC,Manual,2018.0,Diesel,2498.0,77986.0,2nd owner,757000,14809.0,True,No,TS07,2018 Mahindra Thar CRDE 4X4 AC
1760,Hyundai,Verna 1.6 CRDI SX + AT,Automatic,2019.0,Diesel,1582.0,68080.0,2nd owner,976000,18577.0,True,No,TS13,2019 Hyundai Verna 1.6 CRDI SX + AT
1761,Hyundai,Elite i20 ASTA 1.2,Manual,2017.0,Petrol,1197.0,56670.0,2nd owner,593000,11589.0,True,No,TS07,2017 Hyundai Elite i20 ASTA 1.2
1762,Tata,Tiago XZA PETROL,Automatic,2017.0,Petrol,1199.0,86495.0,2nd owner,444000,8678.0,True,No,TS10,2017 Tata Tiago XZA PETROL
1763,Volkswagen,Ameo TRENDLINE 1.0L,Manual,2018.0,Petrol,999.0,116854.0,2nd owner,498000,11078.0,True,No,TS07,2018 Volkswagen Ameo TRENDLINE 1.0L
1764,Maruti,Alto K10 VXI,Manual,2011.0,Petrol,998.0,81585.0,2nd owner,185000,8709.0,True,No,AP09,2011 Maruti Alto K10 VXI
1765,Maruti,Dzire ZXI,Manual,2021.0,Petrol,1197.0,39678.0,1st owner,785000,15343.0,True,No,TS07,2021 Maruti Dzire ZXI
1766,Hyundai,Verna 1.6 VTVT SX,Manual,2019.0,Petrol,1591.0,61985.0,1st owner,814000,15494.0,True,No,TS09,2019 Hyundai Verna 1.6 VTVT SX
1767,Maruti,Swift LXI (O),Manual,2017.0,Petrol,1197.0,98274.0,2nd owner,409000,7998.0,True,No,TS07,2017 Maruti Swift LXI (O)
1768,Maruti,BREZZA ZXI SMART HYBRID,Manual,2023.0,Petrol,1462.0,22737.0,1st owner,1146000,21804.0,True,No,TS05,2023 Maruti BREZZA ZXI SMART HYBRID
1769,Maruti,Celerio VXI CNG,Manual,2022.0,CNG,998.0,48731.0,1st owner,637000,12453.0,True,No,TS15,2022 Maruti Celerio VXI CNG
1770,Honda,Amaze 1.2L I-VTEC S,Manual,2018.0,Petrol,1199.0,88464.0,1st owner,534000,10440.0,True,No,TS09,2018 Honda Amaze 1.2L I-VTEC S
1771,Hyundai,i20 Active 1.2 S,Manual,2018.0,Petrol,1197.0,36860.0,1st owner,677000,13226.0,True,No,TS08,2018 Hyundai i20 Active 1.2 S
1772,Skoda,Rapid STYLE 1.6 MPI AT,Automatic,2018.0,Petrol,1598.0,55595.0,1st owner,732000,14311.0,True,No,TS09,2018 Skoda Rapid STYLE 1.6 MPI AT
1773,Tata,Tiago XM PETROL,Manual,2017.0,Petrol,1199.0,72749.0,3rd owner,388000,7585.0,True,No,TS29,2017 Tata Tiago XM PETROL
1774,Hyundai,Elite i20 ASTA 1.2 (O),Manual,2020.0,Petrol,1197.0,32661.0,1st owner,735000,14369.0,True,Yes,TS11,2020 Hyundai Elite i20 ASTA 1.2 (O)
1775,Honda,City 1.5L I-VTEC SV CVT,Automatic,2016.0,Petrol,1497.0,31972.0,1st owner,642000,12554.0,True,No,TS07,2016 Honda City 1.5L I-VTEC SV CVT
1776,Renault,Kwid RXL 1.0 (O),Manual,2022.0,Petrol,999.0,39385.0,1st owner,400000,7820.0,True,No,TS08,2022 Renault Kwid RXL 1.0 (O)
1777,Tata,ALTROZ XZA PLUS DARK EDTION,Automatic,2022.0,Petrol,1199.0,28466.0,1st owner,833000,15863.0,True,No,TS07,2022 Tata ALTROZ XZA PLUS DARK EDTION
1778,Honda,City 1.5L I-VTEC ZX CVT,Automatic,2020.0,Petrol,1498.0,29835.0,1st owner,1155000,21984.0,True,No,TS10,2020 Honda City 1.5L I-VTEC ZX CVT
1780,Honda,Amaze 1.2L I-VTEC S,Manual,2013.0,Petrol,1198.0,62540.0,2nd owner,338000,8901.0,True,No,AP29,2013 Honda Amaze 1.2L I-VTEC S
1781,Renault,Kwid CLIMBER 1.0 AMT (O),Automatic,2020.0,Petrol,999.0,9819.0,1st owner,435000,8504.0,True,No,TS08,2020 Renault Kwid CLIMBER 1.0 AMT (O)
1782,Tata,Tiago XZ PETROL,Manual,2018.0,Petrol,1199.0,63153.0,1st owner,477000,9325.0,True,No,TS07,2018 Tata Tiago XZ PETROL
1783,Tata,Tiago XT PETROL,Manual,2019.0,Petrol,1199.0,95660.0,1st owner,428000,8363.0,True,No,TS07,2019 Tata Tiago XT PETROL
1784,Hyundai,Elite i20 SPORTZ 1.2,Manual,2017.0,Petrol,1197.0,91444.0,2nd owner,562000,10982.0,True,No,TS09,2017 Hyundai Elite i20 SPORTZ 1.2
1785,Nissan,Micra XV CVT,Automatic,2015.0,Petrol,1198.0,47890.0,1st owner,407000,7953.0,True,Yes,TS16,2015 Nissan Micra XV CVT
1786,Datsun,Redi Go T (O),Manual,2018.0,Petrol,799.0,108870.0,2nd owner,249000,5544.0,True,No,TS07,2018 Datsun Redi Go T (O)
1787,Datsun,Redi Go T (O),Manual,2017.0,Petrol,799.0,47610.0,1st owner,239000,4682.0,True,No,TS08,2017 Datsun Redi Go T (O)
1788,Hyundai,Verna FLUIDIC 1.6 CRDI S 4S,Manual,2015.0,Diesel,1582.0,100902.0,1st owner,575000,12791.0,True,No,TS09,2015 Hyundai Verna FLUIDIC 1.6 CRDI S 4S
1789,Hyundai,Creta SX (O) 1.4 TURBO DCT,Automatic,2021.0,Petrol,1353.0,46110.0,1st owner,1535000,29217.0,True,No,TS09,2021 Hyundai Creta SX (O) 1.4 TURBO DCT
1790,Renault,Kwid CLIMBER 1.0,Manual,2019.0,Petrol,999.0,51288.0,2nd owner,348000,6802.0,True,Yes,TS35,2019 Renault Kwid CLIMBER 1.0
1791,Maruti,Alto 800 LXI,Manual,2017.0,Petrol,796.0,96378.0,2nd owner,256000,5005.0,True,No,TS31,2017 Maruti Alto 800 LXI
1792,Maruti,Dzire VDI AMT,Automatic,2017.0,Diesel,1248.0,95453.0,1st owner,609000,11906.0,True,No,TS07,2017 Maruti Dzire VDI AMT
1793,Maruti,Wagon R 1.0 LXI,Manual,2012.0,Petrol,998.0,61467.0,2nd owner,295000,9798.0,True,No,AP10,2012 Maruti Wagon R 1.0 LXI
1794,Skoda,KUSHAQ STYLE 1.0L TSI MT,Manual,2021.0,Petrol,999.0,36691.0,1st owner,1240000,23602.0,True,No,TS08,2021 Skoda KUSHAQ STYLE 1.0L TSI MT
1795,Hyundai,i10 SPORTZ 1.2,Manual,2011.0,Petrol,1197.0,89916.0,1st owner,259000,12203.0,True,Yes,AP29,2011 Hyundai i10 SPORTZ 1.2
1796,Ford,Ecosport TREND+ 1.5L DIESEL,Manual,2017.0,Diesel,1498.0,97106.0,1st owner,572000,11183.0,True,No,TS07,2017 Ford Ecosport TREND+ 1.5L DIESEL
1797,Tata,NEXON XZA PLUS PETROL,Automatic,2020.0,Petrol,1199.0,63677.0,2nd owner,835000,15893.0,True,No,TS03,2020 Tata NEXON XZA PLUS PETROL
1798,Maruti,Swift VXI,Manual,2017.0,Petrol,1197.0,63852.0,1st owner,528000,10319.0,True,No,TS11,2017 Maruti Swift VXI
1799,Honda,Amaze 1.2L I-VTEC S CVT,Automatic,2019.0,Petrol,1199.0,55918.0,1st owner,623000,12185.0,True,No,TS08,2019 Honda Amaze 1.2L I-VTEC S CVT
1800,Maruti,Ciaz DELTA 1.5 SHVS MT PETROL,Manual,2020.0,Petrol,1462.0,50172.0,1st owner,720000,14076.0,True,No,TS03,2020 Maruti Ciaz DELTA 1.5 SHVS MT PETROL
1801,Hyundai,VENUE S 1.0 TURBO IMT,Manual,2021.0,Petrol,998.0,52639.0,1st owner,824000,15684.0,True,Yes,TS03,2021 Hyundai VENUE S 1.0 TURBO IMT
1802,Hyundai,i10 MAGNA 1.2,Manual,2011.0,Petrol,1197.0,91664.0,2nd owner,243000,11449.0,True,No,AP28,2011 Hyundai i10 MAGNA 1.2
1803,Honda,Brio S MT,Manual,2016.0,Petrol,1198.0,55189.0,2nd owner,400000,7821.0,True,No,TS09,2016 Honda Brio S MT
1804,Ford,FREESTYLE TREND 1.2 PETROL,Manual,2018.0,Petrol,1194.0,60679.0,1st owner,553000,10812.0,True,No,TS13,2018 Ford FREESTYLE TREND 1.2 PETROL
1805,Tata,Tiago XZ PLUS DUAL TONE PETROL,Manual,2020.0,Petrol,1199.0,61102.0,1st owner,624000,12199.0,True,No,TS05,2020 Tata Tiago XZ PLUS DUAL TONE PETROL
1806,Maruti,Ritz ZDI,Manual,2013.0,Diesel,1248.0,82552.0,1st owner,366000,12145.0,True,No,AP28,2013 Maruti Ritz ZDI
1807,Hyundai,NEW SANTRO ERA EXECUTIVE,Manual,2021.0,Petrol,1086.0,17789.0,1st owner,475000,9286.0,True,No,TS07,2021 Hyundai NEW SANTRO ERA EXECUTIVE
1808,Honda,Civic 1.8L I-VTEC ZX CVT,Automatic,2019.0,Petrol,1799.0,87192.0,2nd owner,1493000,28418.0,True,No,TS03,2019 Honda Civic 1.8L I-VTEC ZX CVT
1809,Ford,Ecosport AMBIENTE 1.5L DIESEL,Manual,2020.0,Diesel,1498.0,40543.0,1st owner,810000,15417.0,True,No,TS07,2020 Ford Ecosport AMBIENTE 1.5L DIESEL
1810,Maruti,Alto 800 LXI,Manual,2017.0,Petrol,796.0,47179.0,1st owner,293000,5733.0,True,No,TS07,2017 Maruti Alto 800 LXI
1811,Maruti,Swift VXI,Manual,2012.0,Petrol,1197.0,71115.0,3rd owner,306000,10157.0,True,No,AP29,2012 Maruti Swift VXI
1812,Ford,Ecosport TITANIUM 1.5L PETROL,Manual,2018.0,Petrol,1497.0,57215.0,2nd owner,713000,13944.0,True,No,TS07,2018 Ford Ecosport TITANIUM 1.5L PETROL
1813,Maruti,Dzire VXI AMT,Automatic,2018.0,Petrol,1197.0,68760.0,1st owner,574000,11226.0,True,No,TS10,2018 Maruti Dzire VXI AMT
1814,Tata,Tiago XZ PLUS PETROL,Manual,2019.0,Petrol,1199.0,39154.0,1st owner,550000,10757.0,True,No,TS08,2019 Tata Tiago XZ PLUS PETROL
1815,Maruti,Swift ZXI AMT,Automatic,2018.0,Petrol,1197.0,76836.0,1st owner,622000,12160.0,True,Yes,TS07,2018 Maruti Swift ZXI AMT
1816,MG,HECTOR SHARP 1.5 DCT PETROL,Automatic,2020.0,Petrol,1451.0,55007.0,2nd owner,1487000,28299.0,True,No,TS07,2020 MG HECTOR SHARP 1.5 DCT PETROL
1817,Maruti,Swift Dzire ZDI,Manual,2014.0,Diesel,1248.0,98752.0,1st owner,514000,13549.0,True,No,AP28,2014 Maruti Swift Dzire ZDI
1818,Honda,City 1.5L I-VTEC V MT,Manual,2015.0,Petrol,1497.0,98048.0,1st owner,515000,10068.0,True,No,TS07,2015 Honda City 1.5L I-VTEC V MT
1819,Maruti,Baleno ZETA PETROL 1.2,Manual,2020.0,Petrol,1197.0,65323.0,1st owner,669000,13079.0,True,No,TS34,2020 Maruti Baleno ZETA PETROL 1.2
1820,Hyundai,Creta SX PLUS 1.6 PETROL,Manual,2017.0,Petrol,1591.0,25980.0,1st owner,947000,18025.0,True,No,TS09,2017 Hyundai Creta SX PLUS 1.6 PETROL
1821,Hyundai,Eon ERA +,Manual,2014.0,Petrol,814.0,59689.0,1st owner,242000,5387.0,True,Yes,TS07,2014 Hyundai Eon ERA +
1822,Maruti,Baleno DELTA PETROL 1.2,Manual,2020.0,Petrol,1197.0,61979.0,1st owner,637000,12453.0,True,No,TS06,2020 Maruti Baleno DELTA PETROL 1.2
1823,Maruti,Ciaz ZETA DIESEL 1.3,Manual,2017.0,Diesel,1248.0,101069.0,2nd owner,629000,13990.0,True,No,TS08,2017 Maruti Ciaz ZETA DIESEL 1.3
1824,Tata,TIGOR XE PETROL,Manual,2021.0,Petrol,1199.0,47778.0,1st owner,562000,10982.0,True,Yes,TS07,2021 Tata TIGOR XE PETROL
1825,Maruti,Wagon R Stingray VXI,Manual,2014.0,Petrol,998.0,76934.0,2nd owner,333000,7404.0,True,No,TS09,2014 Maruti Wagon R Stingray VXI
1826,Maruti,XL6 ZETA AT,Automatic,2022.0,Petrol,1462.0,41145.0,1st owner,1142000,21737.0,True,No,TS17,2022 Maruti XL6 ZETA AT
1827,Hyundai,Xcent S 1.2,Manual,2015.0,Petrol,1197.0,35155.0,2nd owner,405000,7918.0,True,No,TS07,2015 Hyundai Xcent S 1.2
1828,Maruti,Celerio X ZXI AMT,Automatic,2018.0,Petrol,998.0,68971.0,2nd owner,435000,8498.0,True,No,TS08,2018 Maruti Celerio X ZXI AMT
1829,Mahindra,Thar LX D 4WD AT CONVERTIBLE,Automatic,2021.0,Diesel,2184.0,24914.0,2nd owner,1332000,25353.0,True,No,TS07,2021 Mahindra Thar LX D 4WD AT CONVERTIBLE
1830,Maruti,Celerio ZXI (O),Manual,2018.0,Petrol,998.0,99649.0,1st owner,415000,8106.0,True,Yes,TS08,2018 Maruti Celerio ZXI (O)
1831,Honda,Amaze 1.2L I-VTEC VX CVT,Automatic,2023.0,Petrol,1199.0,21464.0,1st owner,845000,16084.0,True,No,TS08,2023 Honda Amaze 1.2L I-VTEC VX CVT
1832,Hyundai,Elite i20 SPORTZ 1.2,Manual,2017.0,Petrol,1197.0,73900.0,1st owner,603000,11793.0,True,No,TS11,2017 Hyundai Elite i20 SPORTZ 1.2
1833,Maruti,Wagon R 1.0 VXI+ (O) MT,Manual,2017.0,Petrol,998.0,92836.0,1st owner,385000,7527.0,True,No,TS09,2017 Maruti Wagon R 1.0 VXI+ (O) MT
1834,Maruti,Wagon R 1.0 VXI,Manual,2018.0,Petrol,998.0,92102.0,1st owner,370000,7234.0,True,Yes,TS07,2018 Maruti Wagon R 1.0 VXI
1835,Toyota,Glanza V,Manual,2019.0,Petrol,1197.0,54895.0,1st owner,731000,14291.0,True,No,TS09,2019 Toyota Glanza V
1836,Honda,BR-V 1.5L I-VTEC E,Manual,2017.0,Petrol,1497.0,123133.0,1st owner,630000,14022.0,True,No,TS15,2017 Honda BR-V 1.5L I-VTEC E
1837,Maruti,Swift Dzire VXI,Manual,2014.0,Petrol,1197.0,62067.0,1st owner,416000,9254.0,True,No,TS09,2014 Maruti Swift Dzire VXI
1838,Honda,City 1.5L I-VTEC SV,Manual,2014.0,Petrol,1497.0,98941.0,2nd owner,476000,10588.0,True,No,TS09,2014 Honda City 1.5L I-VTEC SV
1839,Honda,City 1.5L I-VTE V CVT,Automatic,2017.0,Petrol,1497.0,89966.0,1st owner,669000,13079.0,True,Yes,TS07,2017 Honda City 1.5L I-VTE V CVT
1840,Honda,Amaze 1.2L I-VTEC SX,Manual,2016.0,Petrol,1198.0,81183.0,1st owner,429000,8394.0,True,No,TS08,2016 Honda Amaze 1.2L I-VTEC SX
1841,KIA,SELTOS GTX PLUS 1.4,Manual,2022.0,Petrol,1353.0,19141.0,1st owner,1565000,29788.0,True,Yes,TS07,2022 KIA SELTOS GTX PLUS 1.4
1842,Honda,City 1.5L I-VTEC V MT,Manual,2018.0,Petrol,1497.0,98990.0,1st owner,756000,14772.0,True,No,TS08,2018 Honda City 1.5L I-VTEC V MT
1843,Maruti,Dzire VXI AMT,Automatic,2022.0,Petrol,1197.0,52707.0,2nd owner,706000,13801.0,True,No,TS05,2022 Maruti Dzire VXI AMT
1844,Maruti,Alto VXI,Manual,2021.0,Petrol,796.0,45381.0,1st owner,358000,6996.0,True,No,TG07,2021 Maruti Alto VXI
1845,Maruti,Swift VDI ABS,Manual,2015.0,Diesel,1248.0,90513.0,1st owner,529000,11763.0,True,No,AP16,2015 Maruti Swift VDI ABS
1846,Renault,TRIBER RXZ AMT,Automatic,2020.0,Petrol,999.0,19391.0,1st owner,603000,11789.0,True,Yes,TS07,2020 Renault TRIBER RXZ AMT
1847,Honda,Amaze 1.5L I-DTEC S CVT,Automatic,2018.0,Diesel,1498.0,100516.0,1st owner,617000,13725.0,True,No,TS13,2018 Honda Amaze 1.5L I-DTEC S CVT
1848,Honda,Amaze 1.2L I-VTEC VX,Manual,2019.0,Petrol,1199.0,20490.0,1st owner,695000,13591.0,True,No,TS08,2019 Honda Amaze 1.2L I-VTEC VX
1849,Maruti,Swift Dzire ZXI,Manual,2016.0,Petrol,1197.0,38120.0,1st owner,606000,11838.0,True,No,TS09,2016 Maruti Swift Dzire ZXI
1850,Hyundai,Elite i20 ASTA 1.2,Manual,2016.0,Petrol,1197.0,77521.0,2nd owner,573000,11202.0,True,No,TS11,2016 Hyundai Elite i20 ASTA 1.2
1851,Honda,City 1.5L I-DTEC V,Manual,2015.0,Diesel,1498.0,95906.0,2nd owner,525000,11678.0,True,No,TS10,2015 Honda City 1.5L I-DTEC V
1852,MG,HECTOR STYLE 1.5 PETROL,Manual,2019.0,Petrol,1451.0,37073.0,1st owner,1179000,22441.0,True,No,TS13,2019 MG HECTOR STYLE 1.5 PETROL
1853,Skoda,KUSHAQ STYLE 1.0L TSI AT (6 AIRBAGS),Automatic,2022.0,Petrol,999.0,19562.0,1st owner,1447000,27542.0,True,No,TS07,2022 Skoda KUSHAQ STYLE 1.0L TSI AT (6 AIRBAGS)
1854,Maruti,Celerio X ZXI AMT,Automatic,2018.0,Petrol,998.0,14268.0,1st owner,494000,9660.0,True,No,TS11,2018 Maruti Celerio X ZXI AMT
1855,Hyundai,Eon SPORTZ,Manual,2016.0,Petrol,814.0,43699.0,2nd owner,305000,5957.0,True,Yes,TS08,2016 Hyundai Eon SPORTZ
1856,Maruti,Baleno ALPHA PETROL 1.2,Manual,2019.0,Petrol,1197.0,73813.0,2nd owner,629000,12297.0,True,No,TS09,2019 Maruti Baleno ALPHA PETROL 1.2
1857,Hyundai,Creta SX PLUS 1.6 PETROL,Manual,2017.0,Petrol,1591.0,92148.0,1st owner,863000,16426.0,True,No,TS10,2017 Hyundai Creta SX PLUS 1.6 PETROL
1858,Honda,Jazz 1.2L I-VTEC SV,Manual,2017.0,Petrol,1199.0,59005.0,1st owner,512000,10010.0,True,No,TS08,2017 Honda Jazz 1.2L I-VTEC SV
1859,Honda,Brio S MT,Manual,2014.0,Petrol,1198.0,97126.0,1st owner,327000,7285.0,True,No,AP29,2014 Honda Brio S MT
1860,Hyundai,Grand i10 SPORTZ 1.2 KAPPA VTVT,Manual,2017.0,Petrol,1197.0,38401.0,2nd owner,519000,10147.0,True,No,TS09,2017 Hyundai Grand i10 SPORTZ 1.2 KAPPA VTVT
1861,Hyundai,VENUE S 1.0 TURBO IMT,Manual,2021.0,Petrol,998.0,57375.0,1st owner,820000,15602.0,True,Yes,TS13,2021 Hyundai VENUE S 1.0 TURBO IMT
1862,Tata,NEXON XZA PLUS PETROL,Automatic,2023.0,Petrol,1199.0,27320.0,1st owner,1071000,20385.0,True,Yes,TS04,2023 Tata NEXON XZA PLUS PETROL
1863,Hyundai,AURA SX PLUS 1.2 AMT,Automatic,2022.0,Petrol,1197.0,37286.0,1st owner,761000,14878.0,True,No,TS08,2022 Hyundai AURA SX PLUS 1.2 AMT
1864,Maruti,New Wagon-R ZXI 1.2,Manual,2020.0,Petrol,1197.0,67047.0,1st owner,489000,9558.0,True,No,TS15,2020 Maruti New Wagon-R ZXI 1.2
1865,Hyundai,Creta SX 1.6 DIESEL,Manual,2017.0,Diesel,1582.0,103070.0,2nd owner,852000,18525.0,True,No,TS10,2017 Hyundai Creta SX 1.6 DIESEL
1867,Hyundai,NEW SANTRO SPORTZ AMT,Automatic,2019.0,Petrol,1086.0,66791.0,2nd owner,454000,8878.0,True,No,TS07,2019 Hyundai NEW SANTRO SPORTZ AMT
1868,Renault,Duster 110 PS RXZ 4X2 AMT DIESEL,Automatic,2016.0,Diesel,1461.0,93571.0,1st owner,621000,12141.0,True,No,TS08,2016 Renault Duster 110 PS RXZ 4X2 AMT DIESEL
1869,Tata,TIGOR XZ PLUS PETROL,Manual,2020.0,Petrol,1199.0,49158.0,1st owner,668000,13060.0,True,No,TS09,2020 Tata TIGOR XZ PLUS PETROL
1870,Honda,WR-V 1.2L I-VTEC VX MT,Manual,2018.0,Petrol,1199.0,95683.0,1st owner,661000,12923.0,True,No,TS08,2018 Honda WR-V 1.2L I-VTEC VX MT
1871,Hyundai,Grand i10 SPORTZ 1.2 KAPPA VTVT,Manual,2017.0,Petrol,1197.0,40354.0,1st owner,510000,9971.0,True,No,TS07,2017 Hyundai Grand i10 SPORTZ 1.2 KAPPA VTVT
1872,Datsun,Redi Go T(O) 1.0,Manual,2020.0,Petrol,999.0,27984.0,1st owner,341000,6669.0,True,No,TS07,2020 Datsun Redi Go T(O) 1.0
1873,Maruti,Ciaz ALPHA 1.5 SHVS PETROL,Manual,2022.0,Petrol,1462.0,23327.0,1st owner,996000,18958.0,True,No,TS10,2022 Maruti Ciaz ALPHA 1.5 SHVS PETROL
1874,Hyundai,GRAND I10 NIOS SPORTZ AMT 1.2 KAPPA VTVT,Automatic,2020.0,Petrol,1197.0,61638.0,1st owner,657000,12836.0,True,Yes,TS15,2020 Hyundai GRAND I10 NIOS SPORTZ AMT 1.2 KAPPA VTVT
1875,Skoda,Rapid STYLE 1.6 MPI AT,Automatic,2017.0,Petrol,1598.0,106132.0,1st owner,683000,15193.0,True,No,TS08,2017 Skoda Rapid STYLE 1.6 MPI AT
1876,Mahindra,XUV500 W7,Manual,2020.0,Diesel,2179.0,94607.0,1st owner,1252000,23831.0,True,Yes,TS07,2020 Mahindra XUV500 W7
1877,Renault,Kwid CLIMBER 1.0 AMT (O),Automatic,2021.0,Petrol,999.0,44865.0,1st owner,479000,9372.0,True,No,TS11,2021 Renault Kwid CLIMBER 1.0 AMT (O)
1878,Maruti,Alto VXI PLUS,Manual,2021.0,Petrol,796.0,24463.0,1st owner,367000,7175.0,True,No,TS15,2021 Maruti Alto VXI PLUS
1879,Maruti,Dzire VXI AMT,Automatic,2021.0,Petrol,1197.0,49950.0,1st owner,764000,14936.0,True,No,TS13,2021 Maruti Dzire VXI AMT
1880,Maruti,Celerio ZXI,Manual,2019.0,Petrol,998.0,69332.0,1st owner,460000,8993.0,True,No,TS09,2019 Maruti Celerio ZXI
1881,Hyundai,i20 Active 1.2 SX,Manual,2017.0,Petrol,1197.0,95737.0,2nd owner,553000,10807.0,True,No,TS08,2017 Hyundai i20 Active 1.2 SX
1882,Hyundai,Elite i20 ASTA 1.4 CRDI,Manual,2016.0,Diesel,1396.0,123588.0,1st owner,585000,13013.0,True,No,TS03,2016 Hyundai Elite i20 ASTA 1.4 CRDI
1883,Hyundai,VENUE SX 1.0 TURBO,Manual,2020.0,Petrol,998.0,51652.0,1st owner,885000,16845.0,True,No,TS07,2020 Hyundai VENUE SX 1.0 TURBO
1884,Maruti,Celerio VXI (O),Manual,2020.0,Petrol,998.0,28358.0,1st owner,466000,9110.0,True,No,TS08,2020 Maruti Celerio VXI (O)
1885,Hyundai,Grand i10 MAGNA 1.2 KAPPA VTVT,Manual,2019.0,Petrol,1197.0,24312.0,1st owner,505000,9873.0,True,No,TS15,2019 Hyundai Grand i10 MAGNA 1.2 KAPPA VTVT
1886,Volkswagen,TAIGUN TOPLINE 1.0 TSI AT,Automatic,2021.0,Petrol,999.0,37326.0,1st owner,1402000,26686.0,True,Yes,TS07,2021 Volkswagen TAIGUN TOPLINE 1.0 TSI AT
1887,Maruti,Alto K10 VXI,Manual,2019.0,Petrol,998.0,47066.0,2nd owner,326000,6373.0,True,No,TS08,2019 Maruti Alto K10 VXI
1888,Skoda,Rapid STYLE 1.6 MPI,Manual,2019.0,Petrol,1598.0,81413.0,2nd owner,835000,15893.0,True,No,TS08,2019 Skoda Rapid STYLE 1.6 MPI
1889,Maruti,New Wagon-R VXI 1.0 AMT,Automatic,2019.0,Petrol,998.0,95456.0,1st owner,462000,9032.0,True,No,TS11,2019 Maruti New Wagon-R VXI 1.0 AMT
1890,Maruti,IGNIS DELTA 1.2,Manual,2017.0,Petrol,1197.0,85064.0,1st owner,431000,8420.0,True,No,TS08,2017 Maruti IGNIS DELTA 1.2
1891,Hyundai,i20 ASTA 1.2,Manual,2012.0,Petrol,1197.0,59097.0,1st owner,367000,12188.0,True,No,AP28,2012 Hyundai i20 ASTA 1.2
1892,Tata,Tiago XZA PLUS PETROL,Automatic,2021.0,Petrol,1199.0,42078.0,1st owner,610000,11926.0,True,No,TS08,2021 Tata Tiago XZA PLUS PETROL
1893,Hyundai,i10 MAGNA 1.2,Manual,2013.0,Petrol,1197.0,37308.0,2nd owner,311000,8191.0,True,No,AP28,2013 Hyundai i10 MAGNA 1.2
1894,Maruti,Ciaz ALPHA 1.4 PETROL,Manual,2018.0,Petrol,1373.0,98119.0,1st owner,631000,12336.0,True,No,TS08,2018 Maruti Ciaz ALPHA 1.4 PETROL
1895,Tata,Tiago XT PETROL,Manual,2021.0,Petrol,1199.0,52679.0,1st owner,533000,10416.0,True,No,TS12,2021 Tata Tiago XT PETROL
1896,Maruti,Celerio ZXI AMT,Automatic,2020.0,Petrol,998.0,47616.0,2nd owner,545000,10664.0,True,Yes,TS07,2020 Maruti Celerio ZXI AMT
1897,Maruti,S PRESSO VXI+,Manual,2021.0,Petrol,998.0,18842.0,2nd owner,405000,7923.0,True,Yes,TS07,2021 Maruti S PRESSO VXI+
1898,Honda,Jazz 1.2L I-VTEC V,Manual,2018.0,Petrol,1199.0,73005.0,1st owner,588000,11502.0,True,No,TS07,2018 Honda Jazz 1.2L I-VTEC V
1899,Maruti,Ciaz DELTA 1.4 MT PETROL,Manual,2017.0,Petrol,1373.0,105815.0,2nd owner,545000,12130.0,True,No,TS08,2017 Maruti Ciaz DELTA 1.4 MT PETROL
1900,Tata,NEXON XZ PLUS PETROL DUAL TONE,Manual,2019.0,Petrol,1198.0,72094.0,2nd owner,800000,15227.0,True,Yes,TS07,2019 Tata NEXON XZ PLUS PETROL DUAL TONE
1901,Hyundai,Elite i20 ASTA 1.2 (O),Manual,2020.0,Petrol,1197.0,65743.0,1st owner,709000,13861.0,True,No,TS07,2020 Hyundai Elite i20 ASTA 1.2 (O)
1903,Maruti,Swift ZDI AMT,Automatic,2018.0,Diesel,1248.0,94745.0,1st owner,658000,12869.0,True,No,TS07,2018 Maruti Swift ZDI AMT
1904,Maruti,Ciaz DELTA 1.5 SHVS MT PETROL,Manual,2020.0,Petrol,1462.0,61765.0,2nd owner,625000,12225.0,True,No,TS15,2020 Maruti Ciaz DELTA 1.5 SHVS MT PETROL
1905,Hyundai,i10 MAGNA 1.1,Manual,2013.0,Petrol,1086.0,36586.0,1st owner,300000,7908.0,True,No,AP05,2013 Hyundai i10 MAGNA 1.1
1906,Maruti,Celerio VXI AMT,Automatic,2016.0,Petrol,998.0,69973.0,2nd owner,381000,7449.0,True,No,TS09,2016 Maruti Celerio VXI AMT
1907,Honda,Brio V MT,Manual,2013.0,Petrol,1198.0,61406.0,2nd owner,288000,7584.0,True,No,AP10,2013 Honda Brio V MT
1908,Maruti,IGNIS DELTA 1.2,Manual,2017.0,Petrol,1197.0,70873.0,1st owner,450000,8807.0,True,No,TS09,2017 Maruti IGNIS DELTA 1.2
1909,Hyundai,i10 MAGNA 1.1,Manual,2014.0,Petrol,1086.0,49024.0,1st owner,310000,6896.0,True,No,AP13,2014 Hyundai i10 MAGNA 1.1
1910,Maruti,S PRESSO LXI (O) CNG,Manual,2020.0,CNG,998.0,80265.0,1st owner,486000,9501.0,True,No,TS07,2020 Maruti S PRESSO LXI (O) CNG
1911,Maruti,Alto K10 VXI,Manual,2011.0,Petrol,998.0,72134.0,1st owner,183000,8614.0,True,No,AP28,2011 Maruti Alto K10 VXI
1912,Hyundai,Creta SX PLUS AT 1.6 PETROL,Automatic,2017.0,Petrol,1591.0,52180.0,2nd owner,926000,17626.0,True,No,TS09,2017 Hyundai Creta SX PLUS AT 1.6 PETROL
1913,Datsun,Go T(O),Manual,2019.0,Petrol,1198.0,22849.0,2nd owner,385000,7522.0,True,Yes,TS10,2019 Datsun Go T(O)
1914,Honda,Jazz 1.2L I-VTEC V,Manual,2017.0,Petrol,1199.0,53380.0,2nd owner,535000,10459.0,True,No,TS08,2017 Honda Jazz 1.2L I-VTEC V
1915,Maruti,Alto 800 LXI,Manual,2013.0,Petrol,796.0,56184.0,2nd owner,217000,5714.0,True,No,AP29,2013 Maruti Alto 800 LXI
1916,Tata,NEXON XZA PLUS (L),Automatic,2022.0,Petrol,1199.0,32111.0,1st owner,1113000,21185.0,True,Yes,TS08,2022 Tata NEXON XZA PLUS (L)
1917,Hyundai,Creta SX (O) 1.4 TURBO DCT,Automatic,2021.0,Petrol,1353.0,50026.0,1st owner,1601000,30474.0,True,No,TS07,2021 Hyundai Creta SX (O) 1.4 TURBO DCT
1918,Maruti,IGNIS DELTA 1.2,Manual,2019.0,Petrol,1197.0,72496.0,2nd owner,439000,8583.0,True,No,TS34,2019 Maruti IGNIS DELTA 1.2
1919,Maruti,Swift VXI,Manual,2014.0,Petrol,1197.0,79520.0,1st owner,419000,9320.0,True,Yes,AP16,2014 Maruti Swift VXI
1920,Maruti,IGNIS DELTA 1.2,Manual,2017.0,Petrol,1197.0,77579.0,2nd owner,408000,7975.0,True,No,TS08,2017 Maruti IGNIS DELTA 1.2
1921,Maruti,Celerio ZXI AMT,Automatic,2015.0,Petrol,998.0,75112.0,1st owner,382000,7478.0,True,Yes,TS11,2015 Maruti Celerio ZXI AMT
1922,Tata,NEXON XZA PLUS (O) PETROL,Automatic,2021.0,Petrol,1199.0,16677.0,1st owner,1110000,21128.0,True,No,TS08,2021 Tata NEXON XZA PLUS (O) PETROL
1923,Maruti,Alto 800 LXI,Manual,2017.0,Petrol,796.0,46293.0,1st owner,293000,5728.0,True,No,TS07,2017 Maruti Alto 800 LXI
1924,Hyundai,Grand i10 MAGNA 1.2 KAPPA VTVT,Manual,2019.0,Petrol,1197.0,45619.0,1st owner,500000,9769.0,True,No,TS07,2019 Hyundai Grand i10 MAGNA 1.2 KAPPA VTVT
1925,Hyundai,i10 MAGNA 1.2,Manual,2013.0,Petrol,1197.0,54312.0,2nd owner,295000,7768.0,True,No,TS10,2013 Hyundai i10 MAGNA 1.2
1926,Maruti,Wagon R 1.0 VXI AMT,Automatic,2018.0,Petrol,998.0,64157.0,1st owner,406000,7937.0,True,No,TS10,2018 Maruti Wagon R 1.0 VXI AMT
1927,Maruti,Dzire ZXI PLUS AMT,Automatic,2020.0,Petrol,1197.0,32142.0,1st owner,767000,14995.0,True,Yes,TS07,2020 Maruti Dzire ZXI PLUS AMT
1928,Hyundai,Grand i10 ASTA 1.2 KAPPA VTVT,Manual,2018.0,Petrol,1197.0,35643.0,2nd owner,508000,9931.0,True,No,TS07,2018 Hyundai Grand i10 ASTA 1.2 KAPPA VTVT
1929,Hyundai,Grand i10 SPORTZ AT 1.2 KAPPA VTVT,Automatic,2019.0,Petrol,1197.0,33740.0,2nd owner,577000,11280.0,True,Yes,TS07,2019 Hyundai Grand i10 SPORTZ AT 1.2 KAPPA VTVT
1930,Maruti,Alto LXI,Manual,2019.0,Petrol,796.0,31475.0,1st owner,314000,6139.0,True,No,TS09,2019 Maruti Alto LXI
1931,Maruti,Wagon R 1.0 VXI,Manual,2014.0,Petrol,998.0,22765.0,1st owner,366000,8138.0,True,No,TS05,2014 Maruti Wagon R 1.0 VXI
1932,Nissan,Micra Active XV,Manual,2018.0,Petrol,1198.0,97246.0,2nd owner,394000,7696.0,True,No,TS08,2018 Nissan Micra Active XV
1933,KIA,SELTOS GTX PLUS DCT 1.4 PETROL,Automatic,2020.0,Petrol,1353.0,56283.0,1st owner,1373000,26134.0,True,No,TS07,2020 KIA SELTOS GTX PLUS DCT 1.4 PETROL
1934,Hyundai,Creta SX PLUS AT 1.6 DIESEL,Automatic,2015.0,Diesel,1582.0,95778.0,1st owner,926000,20133.0,True,No,TS09,2015 Hyundai Creta SX PLUS AT 1.6 DIESEL
1935,Hyundai,VENUE SX PLUS 1.0 TURBO DCT,Automatic,2019.0,Petrol,998.0,60269.0,1st owner,870000,16553.0,True,No,TS11,2019 Hyundai VENUE SX PLUS 1.0 TURBO DCT
1936,Maruti,Celerio ZXI AMT (O),Automatic,2019.0,Petrol,998.0,87744.0,1st owner,486000,9498.0,True,No,TS08,2019 Maruti Celerio ZXI AMT (O)
1937,Maruti,New Wagon-R VXI 1.2,Manual,2019.0,Petrol,1197.0,52608.0,2nd owner,450000,8798.0,True,No,TS13,2019 Maruti New Wagon-R VXI 1.2
1938,Maruti,Ciaz ZETA 1.4  AT PETROL,Automatic,2018.0,Petrol,1373.0,88132.0,1st owner,758000,14827.0,True,Yes,TS07,2018 Maruti Ciaz ZETA 1.4  AT PETROL
1939,Maruti,Alto K10 VXI AMT,Automatic,2016.0,Petrol,998.0,85292.0,1st owner,317000,6197.0,True,No,TS13,2016 Maruti Alto K10 VXI AMT
1940,Volkswagen,TAIGUN HIGHLINE 1.0 TSI AT,Automatic,2021.0,Petrol,999.0,61526.0,1st owner,1289000,24543.0,True,No,TS02,2021 Volkswagen TAIGUN HIGHLINE 1.0 TSI AT
1941,Maruti,Dzire ZXI PLUS AMT,Automatic,2017.0,Petrol,1197.0,72891.0,2nd owner,621000,12141.0,True,No,TS08,2017 Maruti Dzire ZXI PLUS AMT
1942,Maruti,Baleno ZETA PETROL 1.2,Manual,2019.0,Petrol,1197.0,58448.0,1st owner,657000,12844.0,True,Yes,TS07,2019 Maruti Baleno ZETA PETROL 1.2
1943,Hyundai,i10 SPORTZ 1.1,Manual,2016.0,Petrol,1086.0,38659.0,1st owner,411000,8035.0,True,No,TS07,2016 Hyundai i10 SPORTZ 1.1
1944,Hyundai,Creta SX AT 1.6 PETROL,Automatic,2018.0,Petrol,1591.0,44229.0,1st owner,1135000,21604.0,True,No,TS07,2018 Hyundai Creta SX AT 1.6 PETROL
1945,Hyundai,i10 MAGNA 1.2,Manual,2011.0,Petrol,1197.0,58156.0,1st owner,268000,12616.0,True,No,AP09,2011 Hyundai i10 MAGNA 1.2
1946,Tata,NEXON XZ PLUS (PREMIUM) PETROL,Manual,2022.0,Petrol,1199.0,22121.0,1st owner,1119000,21305.0,True,No,TS07,2022 Tata NEXON XZ PLUS (PREMIUM) PETROL
1947,Honda,City 1.5L I-VTEC VX CVT,Automatic,2019.0,Petrol,1497.0,41339.0,2nd owner,990000,18844.0,True,No,TS07,2019 Honda City 1.5L I-VTEC VX CVT
1948,Hyundai,Creta SX PLUS AT 1.6 PETROL,Automatic,2017.0,Petrol,1591.0,64706.0,2nd owner,973000,18513.0,True,No,TS07,2017 Hyundai Creta SX PLUS AT 1.6 PETROL
1949,Maruti,Celerio ZXI AMT,Automatic,2016.0,Petrol,998.0,87315.0,1st owner,406000,7938.0,True,No,TS07,2016 Maruti Celerio ZXI AMT
1950,Honda,City 1.5L I-VTEC V MT,Manual,2017.0,Petrol,1497.0,113962.0,1st owner,671000,14926.0,True,No,TS19,2017 Honda City 1.5L I-VTEC V MT
1951,Volkswagen,TAIGUN TOPLINE 1.0 TSI AT,Automatic,2022.0,Petrol,999.0,35918.0,1st owner,1454000,27676.0,True,Yes,TS08,2022 Volkswagen TAIGUN TOPLINE 1.0 TSI AT
1952,Maruti,Alto LXI,Manual,2020.0,Petrol,796.0,30292.0,1st owner,351000,6862.0,True,No,TS07,2020 Maruti Alto LXI
1953,Maruti,Alto VXI,Manual,2022.0,Petrol,796.0,10612.0,1st owner,417000,8152.0,True,Yes,TS08,2022 Maruti Alto VXI
1954,KIA,SONET GTX PLUS 1.0 IMT,Manual,2021.0,Petrol,998.0,40234.0,1st owner,1060000,20176.0,True,Yes,TS04,2021 KIA SONET GTX PLUS 1.0 IMT
1955,Maruti,Celerio ZXI AMT,Automatic,2021.0,Petrol,998.0,24059.0,1st owner,588000,11496.0,True,No,TS10,2021 Maruti Celerio ZXI AMT
1956,Maruti,New Wagon-R VXI (O) 1.2 AMT,Automatic,2021.0,Petrol,1197.0,37541.0,1st owner,575000,11241.0,True,No,TS08,2021 Maruti New Wagon-R VXI (O) 1.2 AMT
1957,Hyundai,NEW SANTRO SPORTZ AMT,Automatic,2020.0,Petrol,1086.0,72395.0,1st owner,503000,9834.0,True,No,TS07,2020 Hyundai NEW SANTRO SPORTZ AMT
1958,Maruti,S PRESSO VXI+,Manual,2021.0,Petrol,998.0,26875.0,2nd owner,425000,8309.0,True,No,TS08,2021 Maruti S PRESSO VXI+
1959,Maruti,Wagon R 1.0 VXI,Manual,2017.0,Petrol,998.0,66341.0,1st owner,392000,7664.0,True,No,TS09,2017 Maruti Wagon R 1.0 VXI
1960,Honda,Amaze 1.2L I-VTEC S,Manual,2014.0,Petrol,1198.0,95495.0,1st owner,384000,8542.0,True,Yes,TS10,2014 Honda Amaze 1.2L I-VTEC S
1961,Maruti,Celerio X ZXI AMT,Automatic,2019.0,Petrol,998.0,52328.0,1st owner,500000,9775.0,True,No,TS09,2019 Maruti Celerio X ZXI AMT
1962,Tata,NEXON XZA PLUS DIESEL DUAL TONE,Automatic,2019.0,Diesel,1497.0,54466.0,2nd owner,951000,18096.0,True,No,TS07,2019 Tata NEXON XZA PLUS DIESEL DUAL TONE
1963,Tata,NEXON XZA PLUS (O) PETROL,Automatic,2021.0,Petrol,1199.0,24019.0,1st owner,1070000,20362.0,True,No,TS05,2021 Tata NEXON XZA PLUS (O) PETROL
1964,Maruti,Alto LXI,Manual,2020.0,Petrol,796.0,13485.0,1st owner,344000,6725.0,True,Yes,TS15,2020 Maruti Alto LXI
1965,Maruti,Wagon R 1.0 LXI,Manual,2012.0,Petrol,998.0,76750.0,1st owner,285000,9459.0,True,No,AP31,2012 Maruti Wagon R 1.0 LXI
1966,Maruti,Alto 800 LXI,Manual,2013.0,Petrol,796.0,48658.0,2nd owner,219000,5757.0,True,Yes,AP28,2013 Maruti Alto 800 LXI
1967,Maruti,Celerio ZXI AMT,Automatic,2017.0,Petrol,998.0,53241.0,1st owner,480000,9390.0,True,Yes,TS08,2017 Maruti Celerio ZXI AMT
1968,Maruti,Wagon R 1.0 VXI,Manual,2017.0,Petrol,998.0,62172.0,2nd owner,380000,7420.0,True,No,TS07,2017 Maruti Wagon R 1.0 VXI
1969,Maruti,New Wagon-R VXI 1.2 AMT,Automatic,2020.0,Petrol,1197.0,50380.0,2nd owner,478000,9336.0,True,No,TS07,2020 Maruti New Wagon-R VXI 1.2 AMT
1970,Renault,Duster RXS CVT,Automatic,2017.0,Petrol,1498.0,96474.0,1st owner,684000,13372.0,True,No,TS07,2017 Renault Duster RXS CVT
1971,Maruti,Wagon R 1.0 LXI,Manual,2013.0,Petrol,998.0,51088.0,2nd owner,297000,7824.0,True,No,AP29,2013 Maruti Wagon R 1.0 LXI
1972,Hyundai,Verna SX 1.5 VTVT IVT,Automatic,2021.0,Petrol,1497.0,37842.0,1st owner,1224000,23298.0,True,No,TS12,2021 Hyundai Verna SX 1.5 VTVT IVT
1973,Hyundai,i10 SPORTZ 1.2,Manual,2011.0,Petrol,1197.0,75300.0,1st owner,246000,11580.0,True,No,AP09,2011 Hyundai i10 SPORTZ 1.2
1975,Hyundai,Grand i10 ASTA AT 1.2 KAPPA VTVT,Automatic,2015.0,Petrol,1197.0,106313.0,1st owner,437000,9720.0,True,No,TS13,2015 Hyundai Grand i10 ASTA AT 1.2 KAPPA VTVT
1976,Datsun,Redi Go T(O),Manual,2020.0,Petrol,799.0,42479.0,1st owner,389000,7614.0,True,No,TS08,2020 Datsun Redi Go T(O)
1977,Honda,BR-V 1.5L I-VTEC VX,Manual,2018.0,Petrol,1497.0,79571.0,2nd owner,816000,15532.0,True,No,TS07,2018 Honda BR-V 1.5L I-VTEC VX
1978,Honda,Brio S MT,Manual,2014.0,Petrol,1198.0,90073.0,2nd owner,323000,7190.0,True,No,TS13,2014 Honda Brio S MT
1979,Tata,NEXON XZA PLUS (O) PETROL DUAL TONE,Automatic,2020.0,Petrol,1199.0,85380.0,2nd owner,980000,18651.0,True,No,TS08,2020 Tata NEXON XZA PLUS (O) PETROL DUAL TONE
1980,Maruti,IGNIS DELTA 1.2,Manual,2020.0,Petrol,1197.0,77633.0,1st owner,488000,9540.0,True,No,TS07,2020 Maruti IGNIS DELTA 1.2
1981,Maruti,Ciaz ALPHA  AT 1.5 SHVS PETROL,Automatic,2018.0,Petrol,1462.0,50723.0,2nd owner,700000,13676.0,True,No,TS07,2018 Maruti Ciaz ALPHA  AT 1.5 SHVS PETROL
1982,MG,HECTOR SHARP HYBRID 1.5 PETROL,Manual,2021.0,Petrol,1451.0,36582.0,1st owner,1554000,29579.0,True,Yes,TS04,2021 MG HECTOR SHARP HYBRID 1.5 PETROL
1983,Maruti,Celerio VXI AMT,Automatic,2014.0,Petrol,998.0,98335.0,1st owner,343000,7630.0,True,No,TS07,2014 Maruti Celerio VXI AMT
1984,Ford,Ecosport TITANIUM 1.5L PETROL AT,Automatic,2017.0,Petrol,1499.0,46927.0,1st owner,706000,13802.0,True,No,TS08,2017 Ford Ecosport TITANIUM 1.5L PETROL AT
1985,Hyundai,Grand i10 ASTA 1.2 KAPPA VTVT,Manual,2014.0,Petrol,1197.0,81987.0,1st owner,404000,8987.0,True,No,AP31,2014 Hyundai Grand i10 ASTA 1.2 KAPPA VTVT
1986,Maruti,Baleno DELTA PETROL 1.2,Manual,2016.0,Petrol,1197.0,93648.0,3rd owner,515000,10068.0,True,No,TS07,2016 Maruti Baleno DELTA PETROL 1.2
1987,Maruti,Celerio ZXI AMT,Automatic,2023.0,Petrol,998.0,17447.0,1st owner,612000,11965.0,True,Yes,TS15,2023 Maruti Celerio ZXI AMT
1988,Hyundai,Grand i10 SPORTZ 1.2 KAPPA VTVT,Manual,2016.0,Petrol,1197.0,101404.0,2nd owner,399000,8876.0,True,No,TS07,2016 Hyundai Grand i10 SPORTZ 1.2 KAPPA VTVT
1989,Maruti,Wagon R 1.0 VXI,Manual,2018.0,Petrol,998.0,76210.0,1st owner,394000,7703.0,True,No,TS15,2018 Maruti Wagon R 1.0 VXI
1990,Maruti,Alto K10 VXI,Manual,2018.0,Petrol,998.0,102564.0,1st owner,310000,6896.0,True,No,TS08,2018 Maruti Alto K10 VXI
1991,Maruti,Alto 800 LXI,Manual,2017.0,Petrol,796.0,63989.0,2nd owner,271000,5298.0,True,No,TS08,2017 Maruti Alto 800 LXI
1992,Hyundai,Grand i10 ASTA 1.2 KAPPA VTVT,Manual,2016.0,Petrol,1197.0,88733.0,2nd owner,478000,9345.0,True,No,TS09,2016 Hyundai Grand i10 ASTA 1.2 KAPPA VTVT
1993,Maruti,New Wagon-R ZXI 1.2,Manual,2020.0,Petrol,1197.0,52823.0,1st owner,504000,9853.0,True,No,AP39,2020 Maruti New Wagon-R ZXI 1.2
1994,Honda,Jazz 1.2L I-VTEC SV,Manual,2017.0,Petrol,1199.0,91922.0,3rd owner,506000,9892.0,True,No,TS09,2017 Honda Jazz 1.2L I-VTEC SV
1995,Tata,ALTROZ XZ PETROL,Manual,2020.0,Petrol,1199.0,35548.0,1st owner,718000,14042.0,True,No,TS07,2020 Tata ALTROZ XZ PETROL
1997,Hyundai,Grand i10 ASTA 1.1 CRDI,Manual,2015.0,Diesel,1120.0,101450.0,2nd owner,405000,9009.0,True,No,TS09,2015 Hyundai Grand i10 ASTA 1.1 CRDI
1998,Honda,Brio S MT,Manual,2013.0,Petrol,1198.0,82657.0,3rd owner,263000,6933.0,True,No,AP09,2013 Honda Brio S MT
2000,Maruti,Ciaz ALPHA  AT 1.5 SHVS PETROL,Automatic,2021.0,Petrol,1462.0,57002.0,1st owner,960000,18273.0,True,No,TS08,2021 Maruti Ciaz ALPHA  AT 1.5 SHVS PETROL
2001,Maruti,Wagon R 1.0 VXI,Manual,2014.0,Petrol,998.0,69455.0,1st owner,318000,7074.0,True,No,TS07,2014 Maruti Wagon R 1.0 VXI
2002,Maruti,New Wagon-R VXI 1.2,Manual,2020.0,Petrol,1197.0,48833.0,1st owner,479000,9365.0,True,Yes,TS10,2020 Maruti New Wagon-R VXI 1.2
2005,Maruti,Wagon R 1.0 VXI,Manual,2014.0,Petrol,998.0,76186.0,1st owner,319000,7096.0,True,No,TS08,2014 Maruti Wagon R 1.0 VXI
2006,Hyundai,NEW SANTRO ASTA AMT,Automatic,2020.0,Petrol,1086.0,48844.0,1st owner,570000,11149.0,True,No,TS07,2020 Hyundai NEW SANTRO ASTA AMT
2007,Maruti,Wagon R 1.0 VXI,Manual,2014.0,Petrol,998.0,98723.0,2nd owner,306000,6802.0,True,Yes,TS07,2014 Maruti Wagon R 1.0 VXI
2008,Maruti,Celerio ZXI (O),Manual,2017.0,Petrol,998.0,76079.0,1st owner,445000,8697.0,True,No,TS09,2017 Maruti Celerio ZXI (O)
2009,Maruti,Alto LXI O,Manual,2022.0,Petrol,796.0,26385.0,1st owner,397000,7771.0,True,No,TS15,2022 Maruti Alto LXI O
2010,Maruti,Baleno ZETA CVT PETROL 1.2,Automatic,2019.0,Petrol,1197.0,86242.0,1st owner,718000,14047.0,True,No,TS13,2019 Maruti Baleno ZETA CVT PETROL 1.2
2011,Maruti,Alto VXI PLUS,Manual,2023.0,Petrol,796.0,29652.0,1st owner,445000,8702.0,True,No,TS07,2023 Maruti Alto VXI PLUS
2012,Maruti,Swift VXI,Manual,2018.0,Petrol,1197.0,78023.0,1st owner,539000,10532.0,True,No,TS08,2018 Maruti Swift VXI
2013,Hyundai,Creta SX (O) 1.6 PETROL,Manual,2019.0,Petrol,1591.0,98097.0,1st owner,1030000,19605.0,True,No,TS07,2019 Hyundai Creta SX (O) 1.6 PETROL
2014,KIA,SONET HTX ANNIVERSARY EDITION 1.0 IMT,Manual,2022.0,Petrol,998.0,21993.0,1st owner,1052000,20024.0,True,No,TS09,2022 KIA SONET HTX ANNIVERSARY EDITION 1.0 IMT
2015,Hyundai,Verna FLUIDIC 4S 1.6 VTVT S(O),Manual,2015.0,Petrol,1591.0,94782.0,1st owner,561000,10975.0,True,No,TS07,2015 Hyundai Verna FLUIDIC 4S 1.6 VTVT S(O)
2016,Ford,Ecosport TITANIUM 1.5L PETROL AT,Automatic,2017.0,Petrol,1496.0,79181.0,1st owner,759000,14846.0,True,No,TS09,2017 Ford Ecosport TITANIUM 1.5L PETROL AT
2017,Datsun,Go Plus T,Manual,2019.0,Petrol,1198.0,12049.0,1st owner,413000,8075.0,True,Yes,TS08,2019 Datsun Go Plus T
2018,Datsun,Redi Go S,Manual,2016.0,Petrol,799.0,83097.0,1st owner,216000,4216.0,True,Yes,TS08,2016 Datsun Redi Go S
2019,Maruti,Baleno ALPHA PETROL 1.2,Manual,2022.0,Petrol,1197.0,31283.0,1st owner,823000,15665.0,True,No,TS07,2022 Maruti Baleno ALPHA PETROL 1.2
2020,Honda,Amaze 1.5L I-DTEC E,Manual,2013.0,Diesel,1498.0,98718.0,1st owner,317000,10521.0,True,No,AP10,2013 Honda Amaze 1.5L I-DTEC E
2021,Hyundai,i10 SPORTZ 1.1,Manual,2016.0,Petrol,1086.0,48333.0,2nd owner,381000,7440.0,True,No,TS09,2016 Hyundai i10 SPORTZ 1.1
2022,Maruti,BREZZA ZXI SMART HYBRID,Manual,2023.0,Petrol,1462.0,18693.0,1st owner,1146000,21807.0,True,No,TS07,2023 Maruti BREZZA ZXI SMART HYBRID
2023,Ford,Ecosport TITANIUM 1.5L SIGNATURE EDITION (SUNROOF) DIESEL,Manual,2018.0,Diesel,1498.0,113894.0,1st owner,824000,17916.0,True,No,TS08,2018 Ford Ecosport TITANIUM 1.5L SIGNATURE EDITION (SUNROOF) DIESEL
2024,Hyundai,Creta SX (O) 1.6 PETROL,Manual,2020.0,Petrol,1591.0,53893.0,1st owner,1160000,22080.0,True,No,TS09,2020 Hyundai Creta SX (O) 1.6 PETROL
2025,KIA,SELTOS GTX PLUS 1.5 DIESEL AT,Automatic,2022.0,Diesel,1493.0,31317.0,1st owner,1764000,33576.0,True,No,TS09,2022 KIA SELTOS GTX PLUS 1.5 DIESEL AT
2026,Honda,WR-V 1.5L I-DTEC VX MT,Manual,2017.0,Diesel,1498.0,88190.0,1st owner,708000,13842.0,True,No,TS10,2017 Honda WR-V 1.5L I-DTEC VX MT
2027,Maruti,Wagon R 1.0 LXI,Manual,2012.0,Petrol,998.0,72470.0,1st owner,261000,8669.0,True,No,AP10,2012 Maruti Wagon R 1.0 LXI
2028,Hyundai,Creta SX PLUS AT 1.6 PETROL,Automatic,2017.0,Petrol,1591.0,75759.0,2nd owner,975000,18560.0,True,Yes,TS09,2017 Hyundai Creta SX PLUS AT 1.6 PETROL
2029,Maruti,Wagon R 1.0 VXI,Manual,2015.0,Petrol,998.0,30137.0,1st owner,360000,7038.0,True,Yes,TS10,2015 Maruti Wagon R 1.0 VXI
2030,Maruti,Alto K10 VXI PLUS AMT,Automatic,2023.0,Petrol,998.0,8023.0,1st owner,559000,10929.0,True,No,TS08,2023 Maruti Alto K10 VXI PLUS AMT
2031,Maruti,Alto VXI,Manual,2022.0,Petrol,796.0,19886.0,1st owner,424000,8297.0,True,No,TS26,2022 Maruti Alto VXI
2032,Renault,Kwid CLIMBER AMT 1.0,Automatic,2022.0,Petrol,999.0,4159.0,1st owner,575000,11239.0,True,No,TS03,2022 Renault Kwid CLIMBER AMT 1.0
2033,Hyundai,Verna 1.6 VTVT SX AT,Automatic,2017.0,Petrol,1591.0,84231.0,3rd owner,759000,14839.0,True,No,TS07,2017 Hyundai Verna 1.6 VTVT SX AT
2034,Maruti,Dzire VXI,Manual,2021.0,Petrol,1197.0,45065.0,1st owner,702000,13723.0,True,No,TS08,2021 Maruti Dzire VXI
2035,Mahindra,XUV500 W9,Manual,2021.0,Diesel,2179.0,59716.0,1st owner,1466000,27904.0,True,No,TS08,2021 Mahindra XUV500 W9
2036,Hyundai,i20 Active 1.2 SX,Manual,2019.0,Petrol,1197.0,28275.0,2nd owner,717000,14017.0,True,Yes,TS07,2019 Hyundai i20 Active 1.2 SX
2037,Honda,Amaze 1.2L I-VTEC V,Manual,2019.0,Petrol,1199.0,37617.0,1st owner,683000,13353.0,True,No,TS07,2019 Honda Amaze 1.2L I-VTEC V
2038,Hyundai,Elite i20 SPORTZ PLUS 1.4 CRDI,Manual,2019.0,Diesel,1396.0,76074.0,1st owner,703000,13747.0,True,No,TS15,2019 Hyundai Elite i20 SPORTZ PLUS 1.4 CRDI
2040,Tata,Tiago XT PETROL,Manual,2018.0,Petrol,1199.0,75958.0,1st owner,437000,8552.0,True,No,TS17,2018 Tata Tiago XT PETROL
2041,Tata,NEXON XZ PLUS (HS) PETROL DARK EDITION,Manual,2022.0,Petrol,1199.0,40544.0,1st owner,1132000,21547.0,True,No,TS07,2022 Tata NEXON XZ PLUS (HS) PETROL DARK EDITION
2042,Maruti,Swift VXI,Manual,2022.0,Petrol,1197.0,47913.0,1st owner,659000,12883.0,True,No,TS07,2022 Maruti Swift VXI
2043,Hyundai,Elite i20 ASTA 1.2 (O),Manual,2018.0,Petrol,1197.0,79225.0,2nd owner,637000,12462.0,True,No,TS10,2018 Hyundai Elite i20 ASTA 1.2 (O)
2044,Mahindra,Thar LX PETROL HT 4WD AT,Automatic,2021.0,Petrol,1997.0,12287.0,1st owner,1475000,28066.0,True,No,TS11,2021 Mahindra Thar LX PETROL HT 4WD AT
2045,Hyundai,Grand i10 ASTA 1.2 KAPPA VTVT,Manual,2018.0,Petrol,1197.0,52878.0,1st owner,532000,10400.0,True,No,TS08,2018 Hyundai Grand i10 ASTA 1.2 KAPPA VTVT
2046,Renault,Kwid CLIMBER 1.0 (O),Manual,2020.0,Petrol,999.0,73577.0,1st owner,412000,8056.0,True,No,TS07,2020 Renault Kwid CLIMBER 1.0 (O)
2047,Maruti,Swift VDI,Manual,2013.0,Diesel,1248.0,69399.0,1st owner,431000,14303.0,True,No,AP10,2013 Maruti Swift VDI
2048,Hyundai,GRAND I10 NIOS SPORTZ AMT 1.2 KAPPA VTVT,Automatic,2019.0,Petrol,1197.0,34527.0,1st owner,638000,12465.0,True,Yes,TS10,2019 Hyundai GRAND I10 NIOS SPORTZ AMT 1.2 KAPPA VTVT
2049,Maruti,Baleno ALPHA CVT PETROL 1.2,Automatic,2019.0,Petrol,1197.0,70948.0,2nd owner,666000,13014.0,True,Yes,TS07,2019 Maruti Baleno ALPHA CVT PETROL 1.2
2050,Mahindra,Thar LX PETROL HT 4WD AT,Automatic,2022.0,Petrol,1997.0,26217.0,2nd owner,1508000,28703.0,True,No,TS08,2022 Mahindra Thar LX PETROL HT 4WD AT
2051,Maruti,Ertiga VXI AT SHVS,Automatic,2019.0,Petrol,1462.0,90208.0,2nd owner,827000,15741.0,True,No,TS15,2019 Maruti Ertiga VXI AT SHVS
2052,Honda,Brio VX AT,Automatic,2015.0,Petrol,1198.0,97541.0,1st owner,416000,8135.0,True,No,TS10,2015 Honda Brio VX AT
2053,Tata,TIGOR XZ PLUS PETROL,Manual,2021.0,Petrol,1199.0,50947.0,1st owner,674000,13180.0,True,No,TS31,2021 Tata TIGOR XZ PLUS PETROL
2054,Hyundai,Elite i20 SPORTZ 1.2,Manual,2017.0,Petrol,1197.0,51984.0,2nd owner,566000,11070.0,True,No,TS08,2017 Hyundai Elite i20 SPORTZ 1.2
2055,KIA,SELTOS HTK 1.5 PETROL,Manual,2022.0,Petrol,1497.0,11829.0,1st owner,1043000,19853.0,True,No,TS08,2022 KIA SELTOS HTK 1.5 PETROL
2056,Volkswagen,Polo HIGHLINE PLUS 1.0,Manual,2019.0,Petrol,999.0,46821.0,2nd owner,657000,12839.0,True,Yes,TS13,2019 Volkswagen Polo HIGHLINE PLUS 1.0
2057,Toyota,URBAN CRUISER PREMIUM GRADE MT,Manual,2022.0,Petrol,1462.0,8351.0,1st owner,1004000,19101.0,True,No,TS07,2022 Toyota URBAN CRUISER PREMIUM GRADE MT
2058,Maruti,Dzire ZXI PLUS AMT,Automatic,2018.0,Petrol,1197.0,39232.0,1st owner,693000,13546.0,True,No,TS08,2018 Maruti Dzire ZXI PLUS AMT
2059,Maruti,Baleno DELTA PETROL 1.2,Manual,2017.0,Petrol,1197.0,69538.0,1st owner,549000,10741.0,True,Yes,TS07,2017 Maruti Baleno DELTA PETROL 1.2
2060,Mahindra,XUV700 AX 7 LUXURY D AT 7 STR,Automatic,2022.0,Diesel,2184.0,42398.0,1st owner,2261000,43036.0,True,No,TS07,2022 Mahindra XUV700 AX 7 LUXURY D AT 7 STR
2061,Datsun,Go T,Manual,2016.0,Petrol,1198.0,104003.0,1st owner,241000,5361.0,True,No,TS09,2016 Datsun Go T
2062,Toyota,Glanza G AMT,Automatic,2022.0,Petrol,1197.0,18863.0,1st owner,846000,16103.0,True,No,TS07,2022 Toyota Glanza G AMT
2063,Maruti,Alto K10 VXI,Manual,2016.0,Petrol,998.0,31825.0,1st owner,319000,6229.0,True,No,TS10,2016 Maruti Alto K10 VXI
2064,Maruti,Baleno DELTA PETROL 1.2,Manual,2018.0,Petrol,1197.0,88421.0,1st owner,543000,10612.0,True,No,TS09,2018 Maruti Baleno DELTA PETROL 1.2
2065,Maruti,Baleno DELTA PETROL 1.2,Manual,2018.0,Petrol,1197.0,61116.0,1st owner,565000,11055.0,True,No,TS10,2018 Maruti Baleno DELTA PETROL 1.2
2066,Ford,Ecosport TITANIUM 1.5L PETROL AT,Automatic,2016.0,Petrol,1499.0,84675.0,2nd owner,584000,11419.0,True,Yes,TS09,2016 Ford Ecosport TITANIUM 1.5L PETROL AT
2067,Hyundai,GRAND I10 NIOS SPORTZ AMT 1.2 KAPPA VTVT,Automatic,2021.0,Petrol,1197.0,50284.0,1st owner,684000,13374.0,True,No,TS36,2021 Hyundai GRAND I10 NIOS SPORTZ AMT 1.2 KAPPA VTVT
2068,Hyundai,Elite i20 SPORTZ 1.2,Manual,2014.0,Petrol,1197.0,29243.0,2nd owner,484000,10777.0,True,No,TS08,2014 Hyundai Elite i20 SPORTZ 1.2
2069,Hyundai,GRAND I10 NIOS SPORTZ AMT 1.2 KAPPA VTVT,Automatic,2020.0,Petrol,1197.0,61410.0,1st owner,621000,12144.0,True,No,TS15,2020 Hyundai GRAND I10 NIOS SPORTZ AMT 1.2 KAPPA VTVT
2070,Mahindra,XUV700 AX 7 P MT 7 STR,Manual,2022.0,Petrol,1997.0,18132.0,1st owner,1934000,36812.0,True,No,TS08,2022 Mahindra XUV700 AX 7 P MT 7 STR
2071,Mahindra,XUV700 AX 7 P MT 7 STR,Manual,2021.0,Petrol,1997.0,52387.0,1st owner,1833000,34889.0,True,No,TS07,2021 Mahindra XUV700 AX 7 P MT 7 STR
2072,Renault,Kwid CLIMBER 1.0 AMT,Automatic,2017.0,Petrol,999.0,50408.0,1st owner,361000,7064.0,True,No,TS10,2017 Renault Kwid CLIMBER 1.0 AMT
2073,Maruti,Baleno ALPHA CVT PETROL 1.2,Automatic,2021.0,Petrol,1197.0,48361.0,1st owner,823000,15667.0,True,No,TS07,2021 Maruti Baleno ALPHA CVT PETROL 1.2
2074,Maruti,Vitara Brezza ZDI PLUS,Manual,2017.0,Diesel,1248.0,36184.0,1st owner,823000,15664.0,True,No,TS15,2017 Maruti Vitara Brezza ZDI PLUS
2075,Maruti,Swift Dzire VXI,Manual,2014.0,Petrol,1197.0,89851.0,1st owner,446000,9912.0,True,No,TS07,2014 Maruti Swift Dzire VXI
2076,Hyundai,Xcent SX 1.2,Manual,2015.0,Petrol,1197.0,75398.0,1st owner,442000,8632.0,True,No,TS07,2015 Hyundai Xcent SX 1.2
2077,Maruti,Swift ZXI,Manual,2017.0,Petrol,1197.0,47427.0,2nd owner,518000,10118.0,True,No,TS09,2017 Maruti Swift ZXI
2078,Maruti,New Wagon-R VXI 1.0 AMT,Automatic,2023.0,Petrol,998.0,17249.0,1st owner,702000,13727.0,True,No,TS08,2023 Maruti New Wagon-R VXI 1.0 AMT
2079,Mahindra,XUV300 W8 (O) 1.2 PETROL,Manual,2022.0,Petrol,1197.0,35796.0,1st owner,1098000,20899.0,True,No,TS30,2022 Mahindra XUV300 W8 (O) 1.2 PETROL
2080,Tata,NEXON XM PETROL,Manual,2021.0,Petrol,1199.0,53746.0,1st owner,801000,15246.0,True,No,TS08,2021 Tata NEXON XM PETROL
2081,Honda,Civic 1.8L I-VTEC V AT,Automatic,2011.0,Petrol,1799.0,104025.0,2nd owner,343000,16146.0,True,No,AP28,2011 Honda Civic 1.8L I-VTEC V AT
2082,Hyundai,Creta SX (O) IVT 1.5 PETROL,Automatic,2023.0,Petrol,1497.0,14590.0,1st owner,1698000,32320.0,True,No,TS07,2023 Hyundai Creta SX (O) IVT 1.5 PETROL
2083,Skoda,Rapid AMBITION 1.5 TDI,Manual,2017.0,Diesel,1498.0,118710.0,1st owner,698000,15520.0,True,No,TS08,2017 Skoda Rapid AMBITION 1.5 TDI
2084,Maruti,Dzire ZXI PLUS,Manual,2019.0,Petrol,1197.0,83105.0,2nd owner,672000,13144.0,True,No,TS07,2019 Maruti Dzire ZXI PLUS
2085,Hyundai,Grand i10 SPORTZ 1.2 KAPPA VTVT,Manual,2016.0,Petrol,1197.0,34930.0,2nd owner,439000,8592.0,True,No,TS07,2016 Hyundai Grand i10 SPORTZ 1.2 KAPPA VTVT
2086,MG,HECTOR SHARP 1.5 PETROL CVT,Automatic,2021.0,Petrol,1451.0,18179.0,1st owner,1600000,30451.0,True,Yes,TS09,2021 MG HECTOR SHARP 1.5 PETROL CVT
2087,Hyundai,Grand i10 ASTA (O) 1.2 KAPPA VTVT,Manual,2016.0,Petrol,1197.0,69383.0,2nd owner,457000,8941.0,True,No,TS07,2016 Hyundai Grand i10 ASTA (O) 1.2 KAPPA VTVT
2088,Tata,Tiago XZ PLUS PETROL,Manual,2019.0,Petrol,1199.0,26825.0,1st owner,536000,10481.0,True,No,TS08,2019 Tata Tiago XZ PLUS PETROL
2089,Maruti,Swift VXI AMT,Automatic,2021.0,Petrol,1197.0,39564.0,2nd owner,632000,12356.0,True,No,TS07,2021 Maruti Swift VXI AMT
2090,Maruti,Eeco 7 STR STD(O),Manual,2022.0,Petrol,1196.0,31936.0,1st owner,531000,10391.0,True,No,TS08,2022 Maruti Eeco 7 STR STD(O)
2091,KIA,SELTOS HTX 1.5 PETROL,Manual,2020.0,Petrol,1497.0,40530.0,1st owner,1136000,21623.0,True,No,TS08,2020 KIA SELTOS HTX 1.5 PETROL
2093,KIA,SELTOS GTX PLUS 1.5 DIESEL AT,Automatic,2022.0,Diesel,1493.0,21050.0,1st owner,1803000,34318.0,True,No,TS07,2022 KIA SELTOS GTX PLUS 1.5 DIESEL AT
2094,Hyundai,Creta SX PLUS 1.6 PETROL,Manual,2017.0,Petrol,1591.0,50621.0,1st owner,865000,16464.0,True,No,TS08,2017 Hyundai Creta SX PLUS 1.6 PETROL
2095,Honda,Amaze 1.2L I-VTEC S,Manual,2022.0,Petrol,1199.0,41184.0,1st owner,707000,13814.0,True,No,TS08,2022 Honda Amaze 1.2L I-VTEC S
2096,Maruti,Baleno ZETA CVT PETROL 1.2,Automatic,2019.0,Petrol,1197.0,40179.0,1st owner,673000,13166.0,True,No,TS24,2019 Maruti Baleno ZETA CVT PETROL 1.2
2097,Maruti,Swift Dzire VXI,Manual,2016.0,Petrol,1197.0,60581.0,1st owner,540000,10557.0,True,No,TS08,2016 Maruti Swift Dzire VXI
2099,Maruti,Dzire VXI AMT,Automatic,2023.0,Petrol,1197.0,14809.0,1st owner,807000,15354.0,True,No,TS08,2023 Maruti Dzire VXI AMT
2100,Maruti,Dzire VXI AMT,Automatic,2019.0,Petrol,1197.0,9056.0,1st owner,690000,13491.0,True,No,TS15,2019 Maruti Dzire VXI AMT
2101,Maruti,Celerio ZXI AMT,Automatic,2017.0,Petrol,998.0,40400.0,1st owner,463000,9052.0,True,No,TS08,2017 Maruti Celerio ZXI AMT
2102,Maruti,Celerio ZXI (O),Manual,2019.0,Petrol,998.0,45465.0,1st owner,437000,8534.0,True,Yes,TS08,2019 Maruti Celerio ZXI (O)
2103,Maruti,New Wagon-R LXI CNG (O) 1.0,Manual,2020.0,CNG,998.0,63314.0,1st owner,570000,11142.0,True,No,TS10,2020 Maruti New Wagon-R LXI CNG (O) 1.0
2104,Honda,City 1.5L I-VTEC V MT,Manual,2018.0,Petrol,1497.0,69791.0,1st owner,741000,14488.0,True,No,TS07,2018 Honda City 1.5L I-VTEC V MT
2105,Renault,Kwid RXT 1.0,Manual,2016.0,Petrol,999.0,46900.0,1st owner,268000,5236.0,True,No,TS08,2016 Renault Kwid RXT 1.0
2106,Hyundai,AURA SX PLUS 1.2 AMT,Automatic,2020.0,Petrol,1197.0,36868.0,1st owner,724000,14156.0,True,No,TS07,2020 Hyundai AURA SX PLUS 1.2 AMT
2107,Hyundai,Elite i20 ASTA 1.2 (O),Manual,2018.0,Petrol,1197.0,121249.0,1st owner,617000,13723.0,True,No,TS07,2018 Hyundai Elite i20 ASTA 1.2 (O)
2108,Tata,NEXON XZA PLUS DIESEL,Automatic,2022.0,Diesel,1497.0,25552.0,1st owner,1136000,21623.0,True,No,TS07,2022 Tata NEXON XZA PLUS DIESEL
2109,Honda,Jazz 1.2L I-VTEC V AT,Automatic,2017.0,Petrol,1199.0,67158.0,1st owner,584000,11422.0,True,No,TS07,2017 Honda Jazz 1.2L I-VTEC V AT
2110,Hyundai,Elite i20 ASTA 1.2 DUAL TONE,Manual,2017.0,Petrol,1197.0,87637.0,1st owner,661000,12918.0,True,No,TS07,2017 Hyundai Elite i20 ASTA 1.2 DUAL TONE
2111,Maruti,IGNIS DELTA 1.2,Manual,2022.0,Petrol,1197.0,11898.0,2nd owner,593000,11601.0,True,No,TS13,2022 Maruti IGNIS DELTA 1.2
2112,Tata,TIGOR XM PETROL,Manual,2021.0,Petrol,1199.0,28728.0,1st owner,581000,11362.0,True,No,TS10,2021 Tata TIGOR XM PETROL
2113,Maruti,Baleno ALPHA PETROL 1.2,Manual,2017.0,Petrol,1197.0,31759.0,1st owner,627000,12258.0,True,No,TS10,2017 Maruti Baleno ALPHA PETROL 1.2
2114,Datsun,Redi Go S 1.0 AMT,Automatic,2019.0,Petrol,999.0,49836.0,1st owner,319000,6234.0,True,No,TS07,2019 Datsun Redi Go S 1.0 AMT
2115,Maruti,Dzire VXI AMT,Automatic,2023.0,Petrol,1197.0,15833.0,1st owner,780000,15250.0,True,No,TG08,2023 Maruti Dzire VXI AMT
2116,Hyundai,Grand i10 SPORTZ 1.1 CRDI,Manual,2013.0,Diesel,1120.0,112381.0,2nd owner,327000,10874.0,True,No,AP28,2013 Hyundai Grand i10 SPORTZ 1.1 CRDI
2117,Renault,Kwid RXT 1.0 AMT,Automatic,2023.0,Petrol,999.0,3592.0,1st owner,568000,11111.0,True,No,TS08,2023 Renault Kwid RXT 1.0 AMT
2118,Honda,City 1.5L I-VTEC V MT,Manual,2018.0,Petrol,1497.0,64197.0,1st owner,772000,15089.0,True,No,TS08,2018 Honda City 1.5L I-VTEC V MT
2120,Maruti,Swift ZXI,Manual,2017.0,Petrol,1197.0,49184.0,1st owner,541000,10581.0,True,No,TS08,2017 Maruti Swift ZXI
2121,Tata,PUNCH CREATIVE  1.2 RTN DUAL TONE,Manual,2021.0,Petrol,1199.0,52065.0,1st owner,763000,14916.0,True,No,TS07,2021 Tata PUNCH CREATIVE  1.2 RTN DUAL TONE
2122,Mahindra,XUV300 W8 (O) 1.2 PETROL,Manual,2021.0,Petrol,1197.0,32102.0,1st owner,1055000,20075.0,True,Yes,TS07,2021 Mahindra XUV300 W8 (O) 1.2 PETROL
2123,Hyundai,Elite i20 SPORTZ 1.2,Manual,2017.0,Petrol,1197.0,66871.0,1st owner,597000,11663.0,True,No,TS10,2017 Hyundai Elite i20 SPORTZ 1.2
2124,Maruti,Baleno ZETA CVT PETROL 1.2,Automatic,2021.0,Petrol,1197.0,25338.0,2nd owner,714000,13956.0,True,No,TS09,2021 Maruti Baleno ZETA CVT PETROL 1.2
2125,Tata,Tiago XM PETROL,Manual,2017.0,Petrol,1199.0,66846.0,1st owner,428000,8367.0,True,No,TS07,2017 Tata Tiago XM PETROL
2126,Maruti,Dzire VDI AMT,Automatic,2018.0,Diesel,1248.0,86032.0,1st owner,716000,14007.0,True,No,TS09,2018 Maruti Dzire VDI AMT
2128,Hyundai,NEW SANTRO SPORTZ AMT,Automatic,2019.0,Petrol,1086.0,30447.0,1st owner,503000,9837.0,True,No,TS10,2019 Hyundai NEW SANTRO SPORTZ AMT
2129,Tata,Tiago XZA PETROL,Automatic,2018.0,Petrol,1199.0,41120.0,2nd owner,482000,9426.0,True,No,TS08,2018 Tata Tiago XZA PETROL
2130,Mahindra,XUV500 W7,Manual,2019.0,Diesel,2179.0,47691.0,1st owner,1127000,21451.0,True,No,TS15,2019 Mahindra XUV500 W7
2131,Maruti,Vitara Brezza ZDI,Manual,2016.0,Diesel,1248.0,115751.0,1st owner,739000,16437.0,True,No,TS11,2016 Maruti Vitara Brezza ZDI
2132,Maruti,XL6 ALPHA MT,Manual,2021.0,Petrol,1462.0,76902.0,1st owner,936000,17816.0,True,No,TS08,2021 Maruti XL6 ALPHA MT
2133,Hyundai,Verna 1.6 VTVT SX,Manual,2017.0,Petrol,1591.0,84881.0,1st owner,721000,14099.0,True,No,TS11,2017 Hyundai Verna 1.6 VTVT SX
2134,Hyundai,Grand i10 SPORTZ (O) AT 1.2 KAPPA VTVT,Automatic,2018.0,Petrol,1197.0,23664.0,1st owner,610000,11935.0,True,No,TS07,2018 Hyundai Grand i10 SPORTZ (O) AT 1.2 KAPPA VTVT
2135,Mahindra,XUV300 W8 (O) 1.2 PETROL,Manual,2021.0,Petrol,1197.0,15802.0,2nd owner,1022000,19444.0,True,No,TS07,2021 Mahindra XUV300 W8 (O) 1.2 PETROL
2136,Hyundai,i10 MAGNA 1.1,Manual,2013.0,Petrol,1086.0,66578.0,3rd owner,286000,7534.0,True,No,AP13,2013 Hyundai i10 MAGNA 1.1
2137,Datsun,Redi Go S 1.0 AMT,Automatic,2019.0,Petrol,999.0,17543.0,1st owner,329000,6434.0,True,Yes,TS09,2019 Datsun Redi Go S 1.0 AMT
2138,Hyundai,Elite i20 SPORTZ PLUS 1.2,Manual,2020.0,Petrol,1197.0,47168.0,1st owner,654000,12779.0,True,No,TS09,2020 Hyundai Elite i20 SPORTZ PLUS 1.2
2139,Hyundai,Grand i10 SPORTZ 1.2 KAPPA VTVT,Manual,2014.0,Petrol,1197.0,107168.0,1st owner,382000,8494.0,True,No,AP29,2014 Hyundai Grand i10 SPORTZ 1.2 KAPPA VTVT
2140,Maruti,S Cross ALPHA 1.3,Manual,2016.0,Diesel,1248.0,66434.0,1st owner,695000,13586.0,True,No,TS10,2016 Maruti S Cross ALPHA 1.3
2141,Maruti,Vitara Brezza ZXI AT SHVS,Automatic,2021.0,Petrol,1462.0,35713.0,2nd owner,940000,17892.0,True,Yes,TS15,2021 Maruti Vitara Brezza ZXI AT SHVS
2142,Maruti,XL6 ZETA AT,Automatic,2021.0,Petrol,1462.0,51790.0,2nd owner,984000,18730.0,True,No,TS07,2021 Maruti XL6 ZETA AT
2143,Maruti,Baleno DELTA PETROL 1.2,Manual,2017.0,Petrol,1197.0,85337.0,2nd owner,525000,10264.0,True,No,TS15,2017 Maruti Baleno DELTA PETROL 1.2
2144,Tata,NEXON XZA PLUS PETROL DUAL TONE,Automatic,2018.0,Petrol,1198.0,69521.0,1st owner,798000,15610.0,True,No,TS15,2018 Tata NEXON XZA PLUS PETROL DUAL TONE
2145,Mahindra,XUV700 AX 5 P AT 5 STR,Automatic,2022.0,Petrol,1997.0,31604.0,1st owner,2007000,38201.0,True,Yes,TS07,2022 Mahindra XUV700 AX 5 P AT 5 STR
2147,Hyundai,Grand i10 MAGNA 1.2 KAPPA VTVT,Manual,2018.0,Petrol,1197.0,31822.0,1st owner,493000,9644.0,True,No,TS07,2018 Hyundai Grand i10 MAGNA 1.2 KAPPA VTVT
2148,Skoda,SLAVIA STYLE 1.0L TSI AT,Automatic,2022.0,Petrol,999.0,30564.0,1st owner,1503000,28608.0,True,No,TS08,2022 Skoda SLAVIA STYLE 1.0L TSI AT
2149,Maruti,Swift ZDI,Manual,2013.0,Diesel,1248.0,73764.0,1st owner,457000,15184.0,True,No,AP28,2013 Maruti Swift ZDI
2150,Maruti,S PRESSO VXI+,Manual,2022.0,Petrol,998.0,40152.0,2nd owner,460000,8991.0,True,No,TS34,2022 Maruti S PRESSO VXI+
2151,Nissan,MAGNITE XV TURBO,Manual,2021.0,Petrol,999.0,35136.0,1st owner,732000,14308.0,True,No,TS07,2021 Nissan MAGNITE XV TURBO
2152,Honda,Jazz 1.2L I-VTEC V AT,Automatic,2017.0,Petrol,1199.0,77402.0,1st owner,586000,11462.0,True,No,TS07,2017 Honda Jazz 1.2L I-VTEC V AT
2153,Hyundai,Creta E 1.5 PETROL,Manual,2020.0,Petrol,1497.0,43929.0,1st owner,903000,17188.0,True,No,TS15,2020 Hyundai Creta E 1.5 PETROL
2154,Maruti,Swift VXI,Manual,2021.0,Petrol,1197.0,20277.0,2nd owner,609000,11914.0,True,No,TS07,2021 Maruti Swift VXI
2155,Maruti,Alto 800 VXI,Manual,2017.0,Petrol,796.0,30827.0,2nd owner,292000,5702.0,True,No,TS10,2017 Maruti Alto 800 VXI
2156,Nissan,Micra XV CVT,Automatic,2019.0,Petrol,1198.0,58956.0,1st owner,515000,10068.0,True,No,TS08,2019 Nissan Micra XV CVT
2157,KIA,SONET HTK PLUS 1.2,Manual,2023.0,Petrol,1197.0,36373.0,1st owner,898000,17085.0,True,No,TS21,2023 KIA SONET HTK PLUS 1.2
2158,Hyundai,GRAND I10 NIOS SPORTZ AMT 1.2 KAPPA VTVT,Automatic,2020.0,Petrol,1197.0,37352.0,1st owner,667000,13037.0,True,No,TS08,2020 Hyundai GRAND I10 NIOS SPORTZ AMT 1.2 KAPPA VTVT
2159,Tata,Safari XZA PLUS,Automatic,2021.0,Diesel,1956.0,44726.0,2nd owner,1927000,36679.0,True,No,TS09,2021 Tata Safari XZA PLUS
2161,Honda,City 1.5L I-VTEC V MT,Manual,2015.0,Petrol,1497.0,72749.0,1st owner,575000,11242.0,True,No,TS07,2015 Honda City 1.5L I-VTEC V MT
2162,Mahindra,XUV300 W6 1.2 PETROL,Manual,2019.0,Petrol,1197.0,79535.0,1st owner,705000,13780.0,True,No,TS07,2019 Mahindra XUV300 W6 1.2 PETROL
2163,Skoda,Rapid AMBITION 1.6 MPI MT,Manual,2018.0,Petrol,1598.0,50995.0,2nd owner,719000,14047.0,True,No,TS07,2018 Skoda Rapid AMBITION 1.6 MPI MT
2164,Maruti,Wagon R 1.0 VXI + (O) AMT,Automatic,2017.0,Petrol,998.0,50090.0,1st owner,404000,7894.0,True,No,TS09,2017 Maruti Wagon R 1.0 VXI + (O) AMT
2165,Datsun,Redi Go S,Manual,2016.0,Petrol,799.0,90601.0,1st owner,216000,4216.0,True,No,TS35,2016 Datsun Redi Go S
2166,Tata,Tiago XZA PETROL,Automatic,2018.0,Petrol,1199.0,88033.0,1st owner,500000,9775.0,True,Yes,TS11,2018 Tata Tiago XZA PETROL
2167,Hyundai,NEW SANTRO SPORTZ MT,Manual,2019.0,Petrol,1086.0,53906.0,2nd owner,410000,8017.0,True,No,TS06,2019 Hyundai NEW SANTRO SPORTZ MT
2168,Mahindra,XUV300 W8 (O) 1.2 PETROL,Manual,2022.0,Petrol,1197.0,27299.0,1st owner,1107000,21071.0,True,Yes,TS30,2022 Mahindra XUV300 W8 (O) 1.2 PETROL
2169,Maruti,Baleno ZETA PETROL 1.2,Manual,2018.0,Petrol,1197.0,64805.0,1st owner,617000,12065.0,True,No,TS10,2018 Maruti Baleno ZETA PETROL 1.2
2170,Skoda,Rapid STYLE 1.6 MPI,Manual,2019.0,Petrol,1598.0,94695.0,1st owner,849000,16160.0,True,No,TS06,2019 Skoda Rapid STYLE 1.6 MPI
2171,Hyundai,Grand i10 SPORTZ 1.2 KAPPA VTVT,Manual,2017.0,Petrol,1197.0,34719.0,1st owner,502000,9812.0,True,No,TS08,2017 Hyundai Grand i10 SPORTZ 1.2 KAPPA VTVT
2172,Maruti,Baleno ALPHA CVT PETROL 1.2,Automatic,2017.0,Petrol,1197.0,72585.0,1st owner,638000,12478.0,True,No,TS09,2017 Maruti Baleno ALPHA CVT PETROL 1.2
2173,Honda,City 1.5L I-VTEC V MT,Manual,2017.0,Petrol,1497.0,65552.0,1st owner,710000,13881.0,True,Yes,TS07,2017 Honda City 1.5L I-VTEC V MT
2174,Maruti,Baleno ZETA PETROL 1.2,Manual,2021.0,Petrol,1197.0,52544.0,1st owner,721000,14096.0,True,No,TS13,2021 Maruti Baleno ZETA PETROL 1.2
2175,Honda,Amaze 1.2L I-VTEC S,Manual,2013.0,Petrol,1198.0,99731.0,1st owner,398000,10471.0,True,No,AP28,2013 Honda Amaze 1.2L I-VTEC S
2176,Hyundai,Grand i10 SPORTZ 1.2 KAPPA VTVT DUAL TONE,Manual,2018.0,Petrol,1197.0,94673.0,1st owner,497000,9710.0,True,No,TS07,2018 Hyundai Grand i10 SPORTZ 1.2 KAPPA VTVT DUAL TONE
2177,Maruti,Alto 800 LXI O,Manual,2017.0,Petrol,796.0,99944.0,1st owner,277000,5408.0,True,No,TS15,2017 Maruti Alto 800 LXI O
2178,Hyundai,Grand i10 SPORTZ (O) AT 1.2 KAPPA VTVT,Automatic,2017.0,Petrol,1197.0,31654.0,1st owner,569000,11124.0,True,No,TS11,2017 Hyundai Grand i10 SPORTZ (O) AT 1.2 KAPPA VTVT
2179,Maruti,Ciaz ALPHA 1.4 PETROL,Manual,2017.0,Petrol,1373.0,91883.0,1st owner,635000,12422.0,True,No,TS09,2017 Maruti Ciaz ALPHA 1.4 PETROL
2180,Maruti,IGNIS ZETA 1.2,Manual,2022.0,Petrol,1197.0,19796.0,1st owner,621000,12141.0,True,No,TS13,2022 Maruti IGNIS ZETA 1.2
2181,Maruti,Swift ZXI AMT,Automatic,2018.0,Petrol,1197.0,72465.0,2nd owner,589000,11519.0,True,No,TS07,2018 Maruti Swift ZXI AMT
2182,Renault,Kwid CLIMBER 1.0 AMT,Automatic,2018.0,Petrol,999.0,56765.0,1st owner,394000,7699.0,True,No,TS09,2018 Renault Kwid CLIMBER 1.0 AMT
2183,Honda,City 1.5L I-VTEC S MT,Manual,2013.0,Petrol,1497.0,62384.0,2nd owner,436000,11471.0,True,Yes,AP09,2013 Honda City 1.5L I-VTEC S MT
2184,Hyundai,Grand i10 ASTA 1.2 KAPPA VTVT,Manual,2016.0,Petrol,1197.0,74476.0,2nd owner,460000,8997.0,True,Yes,TS05,2016 Hyundai Grand i10 ASTA 1.2 KAPPA VTVT
2187,Toyota,Glanza V,Manual,2021.0,Petrol,1197.0,22352.0,1st owner,820000,15606.0,True,Yes,TS07,2021 Toyota Glanza V
2188,Hyundai,Creta SX AT 1.6 PETROL,Automatic,2018.0,Petrol,1591.0,60197.0,1st owner,1154000,21965.0,True,No,TS16,2018 Hyundai Creta SX AT 1.6 PETROL
2190,Volkswagen,Polo HIGHLINE PLUS 1.0,Manual,2020.0,Petrol,999.0,53811.0,1st owner,706000,13802.0,True,No,TS09,2020 Volkswagen Polo HIGHLINE PLUS 1.0
2191,Maruti,Wagon R 1.0 VXI AMT,Automatic,2016.0,Petrol,998.0,62667.0,1st owner,405000,7915.0,True,No,TS08,2016 Maruti Wagon R 1.0 VXI AMT
2192,KIA,SONET HTX PLUS 1.0 IMT,Manual,2021.0,Petrol,998.0,26837.0,2nd owner,927000,17645.0,True,No,TS08,2021 KIA SONET HTX PLUS 1.0 IMT
2193,KIA,SELTOS GTX PLUS DCT 1.4 PETROL,Automatic,2021.0,Petrol,1353.0,56977.0,1st owner,1482000,28209.0,True,Yes,TS07,2021 KIA SELTOS GTX PLUS DCT 1.4 PETROL
2194,Maruti,Dzire VXI,Manual,2018.0,Petrol,1197.0,31454.0,1st owner,596000,11648.0,True,No,TS08,2018 Maruti Dzire VXI
2195,Hyundai,VENUE S 1.2,Manual,2020.0,Petrol,1197.0,65237.0,2nd owner,725000,14168.0,True,No,TS31,2020 Hyundai VENUE S 1.2
2197,Hyundai,Elite i20 SPORTZ PLUS 1.2,Manual,2019.0,Petrol,1197.0,44130.0,1st owner,629000,12300.0,True,No,TS07,2019 Hyundai Elite i20 SPORTZ PLUS 1.2
2198,Maruti,Baleno ZETA PETROL 1.2,Manual,2018.0,Petrol,1197.0,63755.0,1st owner,615000,12023.0,True,No,TS08,2018 Maruti Baleno ZETA PETROL 1.2
2199,Renault,TRIBER RXZ DUAL TONE,Manual,2023.0,Petrol,999.0,25037.0,1st owner,820000,15606.0,True,No,TS36,2023 Renault TRIBER RXZ DUAL TONE
2200,Honda,Amaze 1.2L I-VTEC VX,Manual,2020.0,Petrol,1199.0,24093.0,1st owner,756000,14778.0,True,No,TS09,2020 Honda Amaze 1.2L I-VTEC VX
2201,Renault,Duster RXS CVT,Automatic,2019.0,Petrol,1498.0,11183.0,2nd owner,816000,15532.0,True,No,TS11,2019 Renault Duster RXS CVT
2202,Maruti,Alto K10 VXI,Manual,2016.0,Petrol,998.0,31602.0,1st owner,319000,6230.0,True,No,TS15,2016 Maruti Alto K10 VXI
2203,Maruti,Ciaz DELTA 1.5 SHVS MT PETROL,Manual,2022.0,Petrol,1462.0,20719.0,1st owner,898000,17089.0,True,No,TS08,2022 Maruti Ciaz DELTA 1.5 SHVS MT PETROL
2204,Volkswagen,Ameo HIGHLINE1.2L,Manual,2017.0,Petrol,1198.0,69020.0,1st owner,511000,9999.0,True,No,TS10,2017 Volkswagen Ameo HIGHLINE1.2L
2205,Tata,Harrier XZ PLUS 2.0L DARK EDITION,Manual,2020.0,Diesel,1956.0,38652.0,1st owner,1548000,29465.0,True,No,TS07,2020 Tata Harrier XZ PLUS 2.0L DARK EDITION
2206,Maruti,Dzire ZXI Plus,Manual,2023.0,Petrol,1197.0,13861.0,1st owner,805000,15322.0,True,No,TS10,2023 Maruti Dzire ZXI Plus
2207,Tata,PUNCH CREATIVE  MT,Manual,2022.0,Petrol,1199.0,43093.0,1st owner,796000,15556.0,True,No,TS07,2022 Tata PUNCH CREATIVE  MT
2209,Mahindra,Thar LX PETROL HT 4WD AT,Automatic,2021.0,Petrol,1997.0,50721.0,1st owner,1430000,27211.0,True,No,TS07,2021 Mahindra Thar LX PETROL HT 4WD AT
2210,KIA,SELTOS HTK PLUS 1.5 DIESEL,Manual,2021.0,Diesel,1493.0,48799.0,1st owner,1270000,24173.0,True,No,TS08,2021 KIA SELTOS HTK PLUS 1.5 DIESEL
2211,Maruti,Baleno ZETA PETROL 1.2,Manual,2021.0,Petrol,1197.0,56714.0,1st owner,717000,14017.0,True,No,TS04,2021 Maruti Baleno ZETA PETROL 1.2
2212,Hyundai,Elite i20 ASTA 1.2 DUAL TONE,Manual,2018.0,Petrol,1197.0,71503.0,2nd owner,637000,12460.0,True,No,TS09,2018 Hyundai Elite i20 ASTA 1.2 DUAL TONE
2214,Hyundai,Verna FLUIDIC 1.6 CRDI SX,Manual,2012.0,Diesel,1582.0,119088.0,3rd owner,387000,18217.0,True,No,AP28,2012 Hyundai Verna FLUIDIC 1.6 CRDI SX
2215,Maruti,Vitara Brezza VXI,Manual,2021.0,Petrol,1462.0,25449.0,1st owner,817000,15549.0,True,No,TS07,2021 Maruti Vitara Brezza VXI
2216,Hyundai,Grand i10 SPORTZ 1.2 KAPPA VTVT,Manual,2017.0,Petrol,1197.0,71416.0,1st owner,480000,9376.0,True,No,TS08,2017 Hyundai Grand i10 SPORTZ 1.2 KAPPA VTVT
2217,KIA,SONET GTX PLUS 1.5,Manual,2022.0,Diesel,1493.0,37140.0,1st owner,1250000,23793.0,True,Yes,TS07,2022 KIA SONET GTX PLUS 1.5
2218,Maruti,Baleno DELTA PETROL 1.2,Manual,2017.0,Petrol,1197.0,45551.0,1st owner,562000,10987.0,True,Yes,TS08,2017 Maruti Baleno DELTA PETROL 1.2
2219,Maruti,Celerio ZXI AMT,Automatic,2018.0,Petrol,998.0,18827.0,1st owner,459000,8977.0,True,No,TS13,2018 Maruti Celerio ZXI AMT
2220,Tata,ALTROZ XZ PETROL,Manual,2021.0,Petrol,1199.0,37608.0,1st owner,763000,14917.0,True,No,TS07,2021 Tata ALTROZ XZ PETROL
2221,Maruti,S PRESSO VXI+,Manual,2021.0,Petrol,998.0,16759.0,1st owner,448000,8756.0,True,No,TS15,2021 Maruti S PRESSO VXI+
2222,Maruti,Baleno ZETA PETROL 1.2,Manual,2020.0,Petrol,1197.0,75112.0,2nd owner,656000,12824.0,True,No,TS07,2020 Maruti Baleno ZETA PETROL 1.2
2223,Maruti,Eeco 5 STR AC (O),Manual,2022.0,Petrol,1196.0,39207.0,2nd owner,494000,9666.0,True,No,TS09,2022 Maruti Eeco 5 STR AC (O)
2224,Hyundai,Grand i10 SPORTZ 1.2 KAPPA VTVT,Manual,2020.0,Petrol,1197.0,39717.0,1st owner,574000,11222.0,True,No,TS07,2020 Hyundai Grand i10 SPORTZ 1.2 KAPPA VTVT
2225,Hyundai,NEW SANTRO SPORTZ CNG,Manual,2019.0,CNG,1086.0,88987.0,2nd owner,542000,10596.0,True,No,TS09,2019 Hyundai NEW SANTRO SPORTZ CNG
2226,Hyundai,VENUE SX 1.0 TURBO,Manual,2020.0,Petrol,998.0,31131.0,1st owner,884000,16826.0,True,No,TS08,2020 Hyundai VENUE SX 1.0 TURBO
2227,Renault,TRIBER RXZ DUAL TONE,Manual,2021.0,Petrol,999.0,33090.0,1st owner,777000,15183.0,True,No,TS07,2021 Renault TRIBER RXZ DUAL TONE
2228,Maruti,IGNIS DELTA 1.2 AMT,Automatic,2018.0,Petrol,1197.0,90874.0,2nd owner,461000,9013.0,True,No,TS08,2018 Maruti IGNIS DELTA 1.2 AMT
2229,Renault,Kwid RXL,Manual,2017.0,Petrol,799.0,51033.0,1st owner,325000,6355.0,True,No,TS08,2017 Renault Kwid RXL
2230,Maruti,Baleno ZETA PETROL 1.2,Manual,2021.0,Petrol,1197.0,23262.0,1st owner,702000,13727.0,True,No,TS08,2021 Maruti Baleno ZETA PETROL 1.2
2231,Mahindra,XUV500 W10 1.99,Manual,2017.0,Diesel,1997.0,59527.0,3rd owner,1190000,22651.0,True,No,TS10,2017 Mahindra XUV500 W10 1.99
2232,Tata,NEXON XZA PLUS (O) PETROL DARK EDITION,Automatic,2022.0,Petrol,1199.0,56295.0,1st owner,1099000,20915.0,True,No,TS08,2022 Tata NEXON XZA PLUS (O) PETROL DARK EDITION
2233,Volkswagen,Ameo HIGHLINE1.5L,Manual,2017.0,Diesel,1498.0,108064.0,1st owner,593000,13197.0,True,No,TS13,2017 Volkswagen Ameo HIGHLINE1.5L
2234,Maruti,Alto 800 LXI,Manual,2013.0,Petrol,796.0,49551.0,2nd owner,219000,5762.0,True,No,AP28,2013 Maruti Alto 800 LXI
2235,Maruti,Baleno ZETA PETROL 1.2,Manual,2021.0,Petrol,1197.0,46568.0,1st owner,731000,14291.0,True,Yes,TS10,2021 Maruti Baleno ZETA PETROL 1.2
2236,Maruti,IGNIS ZETA 1.2,Manual,2017.0,Petrol,1197.0,52488.0,1st owner,492000,9625.0,True,Yes,TS07,2017 Maruti IGNIS ZETA 1.2
2237,Maruti,Swift VDI,Manual,2018.0,Diesel,1248.0,72273.0,2nd owner,594000,11613.0,True,No,TS08,2018 Maruti Swift VDI
2238,Maruti,Dzire VXI,Manual,2021.0,Petrol,1197.0,45586.0,1st owner,690000,13490.0,True,No,TS30,2021 Maruti Dzire VXI
2239,Maruti,Vitara Brezza ZXI PLUS AT DUAL TONE SHVS,Automatic,2021.0,Petrol,1462.0,68282.0,1st owner,966000,18387.0,True,No,TS08,2021 Maruti Vitara Brezza ZXI PLUS AT DUAL TONE SHVS
2240,Maruti,BREZZA ZXI SMART HYBRID,Manual,2023.0,Petrol,1462.0,12891.0,1st owner,1146000,21807.0,True,No,TS24,2023 Maruti BREZZA ZXI SMART HYBRID
2241,Tata,NEXON XZ PLUS PETROL,Manual,2020.0,Petrol,1199.0,44067.0,1st owner,791000,15464.0,True,No,TS08,2020 Tata NEXON XZ PLUS PETROL
2242,Maruti,Dzire VDI AMT,Automatic,2017.0,Diesel,1248.0,77742.0,1st owner,612000,11965.0,True,No,TS08,2017 Maruti Dzire VDI AMT
2243,Hyundai,Eon ERA +,Manual,2018.0,Petrol,814.0,82830.0,2nd owner,288000,5636.0,True,No,TS07,2018 Hyundai Eon ERA +
2245,KIA,SELTOS HTX 1.5 DIESEL,Manual,2021.0,Diesel,1493.0,55645.0,1st owner,1393000,26514.0,True,No,TS30,2021 KIA SELTOS HTX 1.5 DIESEL
2246,KIA,SELTOS HTX PLUS 1.5 DIESEL,Manual,2020.0,Diesel,1493.0,71170.0,2nd owner,1216000,23145.0,True,Yes,TS07,2020 KIA SELTOS HTX PLUS 1.5 DIESEL
2247,Tata,NEXON XM PLUS SUNROOF PETROL,Manual,2023.0,Petrol,1199.0,10718.0,1st owner,950000,18082.0,True,No,TS05,2023 Tata NEXON XM PLUS SUNROOF PETROL
2248,Hyundai,Grand i10 SPORTZ 1.2 KAPPA VTVT,Manual,2016.0,Petrol,1197.0,34898.0,1st owner,449000,8777.0,True,No,TS07,2016 Hyundai Grand i10 SPORTZ 1.2 KAPPA VTVT
2249,KIA,SELTOS HTX IVT 1.5 PETROL,Automatic,2019.0,Petrol,1497.0,36514.0,1st owner,1171000,22289.0,True,Yes,TS07,2019 KIA SELTOS HTX IVT 1.5 PETROL
2250,Hyundai,Creta SX (O) IVT 1.5 PETROL,Automatic,2020.0,Petrol,1497.0,26720.0,1st owner,1469000,27961.0,True,No,TS08,2020 Hyundai Creta SX (O) IVT 1.5 PETROL
2251,Hyundai,Eon MAGNA +,Manual,2018.0,Petrol,814.0,75822.0,1st owner,297000,5814.0,True,No,TS08,2018 Hyundai Eon MAGNA +
2252,KIA,SELTOS GTX PLUS DCT 1.4 PETROL,Automatic,2020.0,Petrol,1353.0,49257.0,1st owner,1400000,26648.0,True,Yes,TS09,2020 KIA SELTOS GTX PLUS DCT 1.4 PETROL
2253,Tata,ALTROZ XZ PETROL,Manual,2022.0,Petrol,1199.0,36608.0,1st owner,774000,15132.0,True,No,TS03,2022 Tata ALTROZ XZ PETROL
2254,Maruti,New Wagon-R ZXI 1.2,Manual,2023.0,Petrol,1197.0,35595.0,1st owner,605000,11828.0,True,Yes,TG10,2023 Maruti New Wagon-R ZXI 1.2
2255,Maruti,Baleno ZETA PETROL 1.2,Manual,2019.0,Petrol,1197.0,36262.0,1st owner,663000,12972.0,True,No,TS10,2019 Maruti Baleno ZETA PETROL 1.2
2256,Honda,Brio S MT,Manual,2012.0,Petrol,1198.0,62569.0,2nd owner,252000,8368.0,True,No,AP29,2012 Honda Brio S MT
2257,Hyundai,Grand i10 ASTA 1.2 KAPPA VTVT,Manual,2015.0,Petrol,1197.0,77723.0,1st owner,441000,8622.0,True,No,TS10,2015 Hyundai Grand i10 ASTA 1.2 KAPPA VTVT
2258,Maruti,Swift ZXI,Manual,2021.0,Petrol,1197.0,62189.0,1st owner,672000,13144.0,True,No,TS05,2021 Maruti Swift ZXI
2259,Maruti,Baleno DELTA PETROL 1.2,Manual,2017.0,Petrol,1197.0,44678.0,1st owner,560000,10954.0,True,No,TS07,2017 Maruti Baleno DELTA PETROL 1.2
2260,MG,HECTOR SHARP 1.5 DCT PETROL,Automatic,2019.0,Petrol,1451.0,62238.0,1st owner,1306000,24867.0,True,No,TS09,2019 MG HECTOR SHARP 1.5 DCT PETROL
2261,Hyundai,Grand i10 SPORTZ AT 1.2 KAPPA VTVT,Automatic,2018.0,Petrol,1197.0,39066.0,1st owner,571000,11162.0,True,Yes,TS08,2018 Hyundai Grand i10 SPORTZ AT 1.2 KAPPA VTVT
2262,Honda,Amaze 1.2L I-VTEC VX,Manual,2019.0,Petrol,1199.0,60043.0,1st owner,629000,12298.0,True,No,TS10,2019 Honda Amaze 1.2L I-VTEC VX
2263,Maruti,Swift Dzire VDI,Manual,2014.0,Diesel,1248.0,88746.0,1st owner,491000,12919.0,True,No,AP29,2014 Maruti Swift Dzire VDI
2264,Maruti,Vitara Brezza ZXI PLUS,Manual,2020.0,Petrol,1462.0,51506.0,1st owner,868000,16522.0,True,Yes,TS08,2020 Maruti Vitara Brezza ZXI PLUS
2265,Maruti,Baleno ZETA CVT PETROL 1.2,Automatic,2017.0,Petrol,1197.0,34204.0,1st owner,613000,11983.0,True,No,TS09,2017 Maruti Baleno ZETA CVT PETROL 1.2
2266,Datsun,Go T,Manual,2015.0,Petrol,1198.0,31169.0,1st owner,261000,5108.0,True,Yes,TS07,2015 Datsun Go T
2267,Tata,NEXON XZA PLUS PETROL,Automatic,2018.0,Petrol,1198.0,37150.0,2nd owner,792000,15484.0,True,No,TS03,2018 Tata NEXON XZA PLUS PETROL
2268,Tata,NEXON XMA PETROL,Automatic,2023.0,Petrol,1199.0,4872.0,1st owner,963000,18330.0,True,No,TS08,2023 Tata NEXON XMA PETROL
2269,Maruti,Swift VXI,Manual,2022.0,Petrol,1197.0,41003.0,1st owner,650000,12707.0,True,Yes,TS03,2022 Maruti Swift VXI
2270,Hyundai,VENUE S(O) 1.2,Manual,2023.0,Petrol,1197.0,21510.0,1st owner,944000,17968.0,True,No,TS08,2023 Hyundai VENUE S(O) 1.2
2271,Maruti,Ertiga ZXI+ SHVS,Manual,2021.0,Petrol,1462.0,45969.0,1st owner,941000,17911.0,True,No,TS15,2021 Maruti Ertiga ZXI+ SHVS
2272,Hyundai,VENUE SX 1.0 TURBO,Manual,2021.0,Petrol,998.0,22735.0,1st owner,911000,17340.0,True,No,TS10,2021 Hyundai VENUE SX 1.0 TURBO
2273,Hyundai,Eon ERA +,Manual,2017.0,Petrol,814.0,32907.0,2nd owner,291000,5689.0,True,No,TS07,2017 Hyundai Eon ERA +
2274,Hyundai,Verna 1.6 VTVT SX,Manual,2017.0,Petrol,1591.0,24452.0,1st owner,757000,14791.0,True,Yes,TS09,2017 Hyundai Verna 1.6 VTVT SX
2275,KIA,SELTOS HTE 1.5 PETROL,Manual,2019.0,Petrol,1497.0,63457.0,2nd owner,837000,15932.0,True,Yes,TS15,2019 KIA SELTOS HTE 1.5 PETROL
2276,Hyundai,Elite i20 SPORTZ PLUS 1.2,Manual,2019.0,Petrol,1197.0,21458.0,1st owner,659000,12876.0,True,No,TS07,2019 Hyundai Elite i20 SPORTZ PLUS 1.2
2277,Volkswagen,Polo COMFORTLINE 1.0L MPI,Manual,2018.0,Petrol,999.0,47445.0,2nd owner,526000,10284.0,True,No,TS08,2018 Volkswagen Polo COMFORTLINE 1.0L MPI
2278,Maruti,Baleno ALPHA PETROL 1.2,Manual,2018.0,Petrol,1197.0,40340.0,1st owner,614000,12001.0,True,No,TS10,2018 Maruti Baleno ALPHA PETROL 1.2
2279,Maruti,Ciaz ALPHA  AT 1.5 SHVS PETROL,Automatic,2019.0,Petrol,1462.0,83454.0,1st owner,766000,14982.0,True,No,TS07,2019 Maruti Ciaz ALPHA  AT 1.5 SHVS PETROL
2280,Maruti,Swift Dzire VXI (O),Manual,2017.0,Petrol,1197.0,56406.0,1st owner,507000,9916.0,True,No,TS08,2017 Maruti Swift Dzire VXI (O)
2281,Hyundai,VENUE SX PLUS 1.0 TURBO DCT,Automatic,2021.0,Petrol,998.0,56036.0,1st owner,1031000,19624.0,True,No,TS09,2021 Hyundai VENUE SX PLUS 1.0 TURBO DCT
2282,Maruti,Baleno DELTA DIESEL 1.3,Manual,2018.0,Diesel,1248.0,86448.0,1st owner,644000,12584.0,True,No,TS08,2018 Maruti Baleno DELTA DIESEL 1.3
2283,Honda,BR-V 1.5L I-VTEC V,Manual,2016.0,Petrol,1497.0,76286.0,2nd owner,644000,12581.0,True,Yes,MH02,2016 Honda BR-V 1.5L I-VTEC V
2284,Volkswagen,Polo COMFORTLINE 1.2L,Manual,2015.0,Petrol,1198.0,66024.0,2nd owner,382000,7461.0,True,Yes,MH48,2015 Volkswagen Polo COMFORTLINE 1.2L
2285,Tata,Tiago XZ PETROL,Manual,2016.0,Petrol,1199.0,33423.0,1st owner,391000,7647.0,True,Yes,MH03,2016 Tata Tiago XZ PETROL
2287,Maruti,Wagon R 1.0 LXI CNG,Manual,2013.0,CNG,998.0,64451.0,2nd owner,276000,13000.0,True,No,MH02,2013 Maruti Wagon R 1.0 LXI CNG
2288,Tata,NEXON XE PETROL,Manual,2021.0,Petrol,1199.0,27603.0,2nd owner,632000,12354.0,True,No,MH48,2021 Tata NEXON XE PETROL
2289,KIA,SONET GTX PLUS 1.0 IMT,Manual,2020.0,Petrol,998.0,35415.0,1st owner,953000,18139.0,True,Yes,MH02,2020 KIA SONET GTX PLUS 1.0 IMT
2290,Tata,Harrier XZ 2.0L,Manual,2019.0,Diesel,1956.0,57103.0,1st owner,1237000,23538.0,True,No,MH47,2019 Tata Harrier XZ 2.0L
2291,Honda,City 1.5L I-VTEC VX,Manual,2014.0,Petrol,1497.0,34473.0,2nd owner,525000,11680.0,True,Yes,MH03,2014 Honda City 1.5L I-VTEC VX
2292,Maruti,XL6 ALPHA PLUS MT,Manual,2023.0,Petrol,1462.0,21398.0,1st owner,1161000,22099.0,True,No,MH04,2023 Maruti XL6 ALPHA PLUS MT
2294,Maruti,Baleno ZETA PETROL 1.2,Manual,2017.0,Petrol,1197.0,94021.0,2nd owner,491000,9591.0,True,Yes,MH02,2017 Maruti Baleno ZETA PETROL 1.2
2296,Maruti,New Wagon-R LXI CNG 1.0,Manual,2020.0,CNG,998.0,25298.0,1st owner,532000,10398.0,True,Yes,MH05,2020 Maruti New Wagon-R LXI CNG 1.0
2297,Hyundai,VENUE SX 1.0 (O) TURBO,Manual,2021.0,Petrol,998.0,24125.0,2nd owner,869000,16541.0,True,Yes,MH03,2021 Hyundai VENUE SX 1.0 (O) TURBO
2298,Renault,TRIBER RXZ AMT,Automatic,2022.0,Petrol,999.0,55853.0,1st owner,631000,12344.0,True,No,MH46,2022 Renault TRIBER RXZ AMT
2299,Tata,NEXON XM PETROL,Manual,2021.0,Petrol,1199.0,16202.0,1st owner,810000,15413.0,True,No,MH46,2021 Tata NEXON XM PETROL
2300,Honda,Jazz 1.2L I-VTEC V AT,Automatic,2018.0,Petrol,1199.0,29442.0,1st owner,623000,12183.0,True,Yes,MH03,2018 Honda Jazz 1.2L I-VTEC V AT
2301,Honda,City 1.5L I-VTEC SV,Manual,2018.0,Petrol,1497.0,29156.0,2nd owner,646000,12625.0,True,Yes,MH02,2018 Honda City 1.5L I-VTEC SV
2302,Maruti,Vitara Brezza ZDI PLUS DUAL TONE,Manual,2016.0,Diesel,1248.0,72213.0,1st owner,727000,14208.0,True,Yes,MH04,2016 Maruti Vitara Brezza ZDI PLUS DUAL TONE
2303,Maruti,Swift VXI,Manual,2017.0,Petrol,1197.0,74579.0,1st owner,488000,9536.0,True,No,MH46,2017 Maruti Swift VXI
2304,Honda,City 1.5L I-VTEC SV,Manual,2017.0,Petrol,1497.0,36479.0,1st owner,634000,12398.0,True,Yes,MH04,2017 Honda City 1.5L I-VTEC SV
2305,Tata,NEXON XM PETROL,Manual,2022.0,Petrol,1199.0,5448.0,2nd owner,793000,15505.0,True,Yes,MH01,2022 Tata NEXON XM PETROL
2306,Honda,Amaze 1.5L I-DTEC VX CVT,Automatic,2019.0,Diesel,1498.0,44280.0,2nd owner,699000,13666.0,True,Yes,MH05,2019 Honda Amaze 1.5L I-DTEC VX CVT
2307,Hyundai,GRAND I10 NIOS SPORTZ AMT 1.2 KAPPA VTVT,Automatic,2021.0,Petrol,1197.0,16808.0,1st owner,686000,13414.0,True,Yes,MH47,2021 Hyundai GRAND I10 NIOS SPORTZ AMT 1.2 KAPPA VTVT
2308,Maruti,Celerio ZXI AMT,Automatic,2016.0,Petrol,998.0,42692.0,1st owner,391000,7645.0,True,No,MH04,2016 Maruti Celerio ZXI AMT
2309,Hyundai,Grand i10 SPORTZ 1.2 KAPPA VTVT,Manual,2019.0,Petrol,1197.0,36504.0,1st owner,517000,10108.0,True,Yes,MH01,2019 Hyundai Grand i10 SPORTZ 1.2 KAPPA VTVT
2310,Tata,Tiago XZA PLUS PETROL,Automatic,2021.0,Petrol,1199.0,13005.0,1st owner,631000,12336.0,True,Yes,MH47,2021 Tata Tiago XZA PLUS PETROL
2311,Tata,Tiago XZA PLUS PETROL,Automatic,2022.0,Petrol,1199.0,16366.0,1st owner,686000,13414.0,True,Yes,MH47,2022 Tata Tiago XZA PLUS PETROL
2312,Hyundai,Creta SX AT 1.6 PETROL,Automatic,2019.0,Petrol,1591.0,47015.0,2nd owner,1008000,19186.0,True,Yes,MH47,2019 Hyundai Creta SX AT 1.6 PETROL
2313,Maruti,IGNIS ZETA 1.2 AMT,Automatic,2018.0,Petrol,1197.0,76787.0,2nd owner,457000,8941.0,True,Yes,MH47,2018 Maruti IGNIS ZETA 1.2 AMT
2314,Maruti,BREZZA ZXI SMART HYBRID,Manual,2022.0,Petrol,1462.0,18859.0,1st owner,1106000,21052.0,True,Yes,MH43,2022 Maruti BREZZA ZXI SMART HYBRID
2315,Maruti,New Wagon-R ZXI 1.2 AMT,Automatic,2021.0,Petrol,1197.0,26550.0,1st owner,612000,11972.0,True,Yes,MH04,2021 Maruti New Wagon-R ZXI 1.2 AMT
2316,Hyundai,VENUE SX 1.0 TURBO IMT,Manual,2021.0,Petrol,998.0,15020.0,1st owner,936000,17816.0,True,Yes,MH43,2021 Hyundai VENUE SX 1.0 TURBO IMT
2317,Maruti,Wagon R 1.0 LXI CNG,Manual,2015.0,CNG,998.0,52646.0,1st owner,353000,9290.0,True,Yes,MH03,2015 Maruti Wagon R 1.0 LXI CNG
2318,Tata,NEXON XZA PLUS SUNROOF DIESEL,Automatic,2020.0,Diesel,1497.0,75525.0,2nd owner,936000,17816.0,True,No,MH15,2020 Tata NEXON XZA PLUS SUNROOF DIESEL
2319,Hyundai,VENUE SX 1.0 TURBO IMT,Manual,2021.0,Petrol,998.0,16372.0,1st owner,924000,17587.0,True,Yes,MH01,2021 Hyundai VENUE SX 1.0 TURBO IMT
2320,Maruti,Baleno ZETA DIESEL 1.3,Manual,2017.0,Diesel,1248.0,107722.0,2nd owner,521000,11589.0,True,Yes,MH47,2017 Maruti Baleno ZETA DIESEL 1.3
2321,Ford,Ecosport TITANIUM 1.5L PETROL AT,Automatic,2017.0,Petrol,1499.0,46031.0,2nd owner,558000,10914.0,True,Yes,MH05,2017 Ford Ecosport TITANIUM 1.5L PETROL AT
2322,Maruti,Baleno ALPHA CVT PETROL 1.2,Automatic,2018.0,Petrol,1197.0,15600.0,1st owner,674000,13177.0,True,Yes,MH02,2018 Maruti Baleno ALPHA CVT PETROL 1.2
2323,Maruti,New Wagon-R VXI 1.0 AMT,Automatic,2022.0,Petrol,998.0,28720.0,1st owner,636000,12442.0,True,Yes,MH46,2022 Maruti New Wagon-R VXI 1.0 AMT
2324,Volkswagen,Ameo COMFORTLINE 1.0L,Manual,2019.0,Petrol,999.0,34651.0,2nd owner,483000,9441.0,True,No,MH05,2019 Volkswagen Ameo COMFORTLINE 1.0L
2325,Tata,NEXON XZA PLUS (O) PETROL,Automatic,2021.0,Petrol,1199.0,26213.0,1st owner,1015000,19320.0,True,No,MH05,2021 Tata NEXON XZA PLUS (O) PETROL
2326,Maruti,Baleno ZETA CVT PETROL 1.2,Automatic,2017.0,Petrol,1197.0,113853.0,2nd owner,523000,11634.0,True,No,MH03,2017 Maruti Baleno ZETA CVT PETROL 1.2
2327,Maruti,New Wagon-R VXI 1.0 AMT,Automatic,2023.0,Petrol,998.0,3883.0,1st owner,696000,13613.0,True,Yes,MH47,2023 Maruti New Wagon-R VXI 1.0 AMT
2328,Honda,WR-V 1.2L I-VTEC VX MT,Manual,2018.0,Petrol,1199.0,59962.0,1st owner,648000,12669.0,True,No,MH43,2018 Honda WR-V 1.2L I-VTEC VX MT
2329,Hyundai,Creta SX PLUS AT 1.6 PETROL,Automatic,2016.0,Petrol,1591.0,83626.0,1st owner,854000,16255.0,True,Yes,MH02,2016 Hyundai Creta SX PLUS AT 1.6 PETROL
2330,Maruti,Ciaz ALPHA  AT 1.5 SHVS PETROL,Automatic,2018.0,Petrol,1462.0,57363.0,1st owner,741000,14478.0,True,Yes,MH04,2018 Maruti Ciaz ALPHA  AT 1.5 SHVS PETROL
2331,Maruti,Baleno ZETA CVT PETROL 1.2,Automatic,2018.0,Petrol,1197.0,43340.0,1st owner,619000,12102.0,True,Yes,MH03,2018 Maruti Baleno ZETA CVT PETROL 1.2
2332,Maruti,Dzire LXI,Manual,2017.0,Petrol,1197.0,89378.0,2nd owner,431000,8426.0,True,Yes,MH03,2017 Maruti Dzire LXI
2333,Honda,City 1.5L I-VTEC VX CVT,Automatic,2019.0,Petrol,1497.0,54768.0,1st owner,861000,16388.0,True,No,MH01,2019 Honda City 1.5L I-VTEC VX CVT
2334,Volkswagen,Polo TRENDLINE 1.0L,Manual,2019.0,Petrol,999.0,40729.0,2nd owner,433000,8457.0,True,No,MH02,2019 Volkswagen Polo TRENDLINE 1.0L
2335,Maruti,Baleno DELTA PETROL 1.2,Manual,2016.0,Petrol,1197.0,43408.0,1st owner,505000,9873.0,True,Yes,MH01,2016 Maruti Baleno DELTA PETROL 1.2
2336,Volkswagen,Vento HIGHLINE 1.6 MPI,Manual,2014.0,Petrol,1598.0,92515.0,1st owner,376000,8374.0,True,Yes,MH02,2014 Volkswagen Vento HIGHLINE 1.6 MPI
2337,Tata,PUNCH CREATIVE  AMT,Automatic,2023.0,Petrol,1199.0,9870.0,1st owner,907000,17264.0,True,Yes,MH05,2023 Tata PUNCH CREATIVE  AMT
2338,Honda,Amaze 1.2L I-VTEC VX,Manual,2018.0,Petrol,1199.0,58121.0,1st owner,576000,11261.0,True,Yes,MH05,2018 Honda Amaze 1.2L I-VTEC VX
2339,Tata,Tiago XZ PETROL,Manual,2018.0,Petrol,1199.0,90384.0,1st owner,388000,7577.0,True,No,MH14,2018 Tata Tiago XZ PETROL
2340,Maruti,IGNIS DELTA 1.2 AMT,Automatic,2017.0,Petrol,1197.0,24700.0,2nd owner,457000,8928.0,True,Yes,MH46,2017 Maruti IGNIS DELTA 1.2 AMT
2341,Volkswagen,Polo HIGHLINE1.2L,Manual,2014.0,Petrol,1198.0,100662.0,2nd owner,342000,7608.0,True,No,MH04,2014 Volkswagen Polo HIGHLINE1.2L
2342,Maruti,Alto K10 VXI,Manual,2014.0,Petrol,998.0,31880.0,2nd owner,206000,4590.0,True,No,MH48,2014 Maruti Alto K10 VXI
2343,Hyundai,Verna 1.6 SX (O) CRDI MT,Manual,2017.0,Diesel,1582.0,57368.0,2nd owner,844000,16065.0,True,Yes,MH01,2017 Hyundai Verna 1.6 SX (O) CRDI MT
2344,Volkswagen,Ameo HIGHLINE1.2L,Manual,2016.0,Petrol,1198.0,12091.0,1st owner,484000,9461.0,True,No,MH06,2016 Volkswagen Ameo HIGHLINE1.2L
2345,KIA,SELTOS HTK PLUS 1.5,Manual,2020.0,Petrol,1497.0,15160.0,1st owner,1044000,19872.0,True,No,MH04,2020 KIA SELTOS HTK PLUS 1.5
2346,Nissan,MAGNITE XV MT,Manual,2022.0,Petrol,999.0,33160.0,1st owner,652000,12747.0,True,No,MH47,2022 Nissan MAGNITE XV MT
2347,Honda,BR-V 1.5L I-VTEC V CVT,Automatic,2017.0,Petrol,1497.0,75984.0,2nd owner,620000,12121.0,True,Yes,MH03,2017 Honda BR-V 1.5L I-VTEC V CVT
2348,Maruti,Swift VXI O,Manual,2016.0,Petrol,1197.0,36116.0,1st owner,426000,8328.0,True,Yes,MH46,2016 Maruti Swift VXI O
2349,Maruti,Swift Dzire VXI,Manual,2013.0,Petrol,1197.0,33244.0,1st owner,379000,9991.0,True,No,MH02,2013 Maruti Swift Dzire VXI
2350,Renault,Kiger RXL MT,Manual,2021.0,Petrol,999.0,46060.0,1st owner,528000,10323.0,True,No,MH43,2021 Renault Kiger RXL MT
2351,Maruti,Alto 800 LXI CNG O,Manual,2017.0,CNG,796.0,76356.0,1st owner,285000,5566.0,True,No,MH47,2017 Maruti Alto 800 LXI CNG O
2352,Volkswagen,TAIGUN HIGHLINE 1.0 TSI AT,Automatic,2021.0,Petrol,999.0,49409.0,1st owner,1173000,22327.0,True,Yes,MH05,2021 Volkswagen TAIGUN HIGHLINE 1.0 TSI AT
2353,Hyundai,Creta S 1.6 PETROL,Manual,2016.0,Petrol,1591.0,45639.0,1st owner,643000,12571.0,True,Yes,MH02,2016 Hyundai Creta S 1.6 PETROL
2354,Renault,Kwid RXT 1.0 AMT (O),Automatic,2018.0,Petrol,999.0,38122.0,1st owner,361000,7058.0,True,Yes,MH04,2018 Renault Kwid RXT 1.0 AMT (O)
2355,Maruti,Celerio VXI CNG,Manual,2019.0,CNG,998.0,35436.0,1st owner,495000,9671.0,True,No,MH05,2019 Maruti Celerio VXI CNG
2356,Honda,Amaze 1.2L I-VTEC VX,Manual,2018.0,Petrol,1199.0,47710.0,2nd owner,536000,10479.0,True,Yes,MH47,2018 Honda Amaze 1.2L I-VTEC VX
2357,Maruti,Ciaz ZXI+ AT,Automatic,2016.0,Petrol,1373.0,90742.0,1st owner,544000,10635.0,True,Yes,MH47,2016 Maruti Ciaz ZXI+ AT
2358,Renault,Kwid RXT 1.0 (O),Manual,2020.0,Petrol,999.0,46581.0,1st owner,385000,7535.0,True,Yes,MH47,2020 Renault Kwid RXT 1.0 (O)
2359,Hyundai,i20 Active 1.4 SX,Manual,2015.0,Diesel,1396.0,77631.0,2nd owner,501000,11147.0,True,No,MH05,2015 Hyundai i20 Active 1.4 SX
2360,Nissan,MAGNITE XL TURBO CVT,Automatic,2022.0,Petrol,999.0,15385.0,1st owner,767000,14993.0,True,Yes,MH01,2022 Nissan MAGNITE XL TURBO CVT
2361,Volkswagen,VIRTUS GT PLUS TSI 1.5 EVO DSG,Automatic,2023.0,Petrol,1498.0,9765.0,1st owner,1642000,31254.0,True,No,MH01,2023 Volkswagen VIRTUS GT PLUS TSI 1.5 EVO DSG
2362,Tata,TIGOR XE PETROL,Manual,2021.0,Petrol,1199.0,52153.0,2nd owner,488000,9537.0,True,Yes,MH05,2021 Tata TIGOR XE PETROL
2363,Volkswagen,Polo COMFORTLINE 1.2L,Manual,2014.0,Petrol,1198.0,96926.0,2nd owner,332000,7385.0,True,No,MH43,2014 Volkswagen Polo COMFORTLINE 1.2L
2364,Honda,City 1.5L I-VTEC V MT,Manual,2016.0,CNG,1497.0,63698.0,1st owner,527000,11723.0,True,No,MH05,2016 Honda City 1.5L I-VTEC V MT
2365,Volkswagen,Polo GT TSI AT,Automatic,2015.0,Petrol,1197.0,70825.0,2nd owner,516000,10088.0,True,Yes,MH03,2015 Volkswagen Polo GT TSI AT
2366,Hyundai,Creta SX PLUS 1.6 PETROL,Manual,2016.0,Petrol,1591.0,71757.0,1st owner,683000,13353.0,True,No,MH01,2016 Hyundai Creta SX PLUS 1.6 PETROL
2367,Honda,City 1.5L I-VTEC ZX CVT,Automatic,2017.0,Petrol,1497.0,33825.0,1st owner,749000,14643.0,True,Yes,MH43,2017 Honda City 1.5L I-VTEC ZX CVT
2368,Honda,Amaze 1.2L I-VTEC S,Manual,2013.0,Petrol,1198.0,43799.0,1st owner,314000,8269.0,True,No,MH02,2013 Honda Amaze 1.2L I-VTEC S
2369,Skoda,Rapid STYLE 1.6 MPI,Manual,2017.0,Petrol,1598.0,58664.0,1st owner,585000,11437.0,True,No,MH01,2017 Skoda Rapid STYLE 1.6 MPI
2370,Volkswagen,Polo GT TSI AT,Automatic,2015.0,Petrol,1197.0,54749.0,1st owner,538000,10518.0,True,No,MH02,2015 Volkswagen Polo GT TSI AT
2371,Volkswagen,Polo GT TSI AT,Automatic,2016.0,Petrol,1197.0,79397.0,1st owner,489000,9560.0,True,Yes,MH03,2016 Volkswagen Polo GT TSI AT
2372,Tata,NEXON XZ PLUS PETROL,Manual,2018.0,CNG,1198.0,48402.0,3rd owner,629000,12297.0,True,Yes,MH02,2018 Tata NEXON XZ PLUS PETROL
2373,Maruti,Ciaz DELTA 1.5 SHVS MT PETROL,Manual,2021.0,Petrol,1462.0,30926.0,1st owner,753000,14721.0,True,No,MH43,2021 Maruti Ciaz DELTA 1.5 SHVS MT PETROL
2374,Renault,TRIBER RXZ AMT,Automatic,2021.0,Petrol,999.0,35517.0,1st owner,658000,12859.0,True,Yes,MH04,2021 Renault TRIBER RXZ AMT
2375,Hyundai,Verna 1.6 VTVT SX O,Manual,2019.0,Petrol,1591.0,92561.0,2nd owner,837000,15932.0,True,No,MH05,2019 Hyundai Verna 1.6 VTVT SX O
2376,Maruti,Swift VXI,Manual,2014.0,Petrol,1197.0,29973.0,1st owner,388000,8631.0,True,Yes,MH04,2014 Maruti Swift VXI
2377,Ford,Ecosport TREND 1.5L PETROL,Manual,2017.0,Petrol,1499.0,27702.0,1st owner,534000,10447.0,True,Yes,MH04,2017 Ford Ecosport TREND 1.5L PETROL
2378,Hyundai,Creta SX PLUS AT 1.6 PETROL,Automatic,2017.0,Petrol,1591.0,22614.0,1st owner,954000,18159.0,True,Yes,MH02,2017 Hyundai Creta SX PLUS AT 1.6 PETROL
2379,Maruti,Baleno ALPHA CVT PETROL 1.2,Automatic,2018.0,Petrol,1197.0,44613.0,2nd owner,573000,11202.0,True,Yes,MH47,2018 Maruti Baleno ALPHA CVT PETROL 1.2
2380,KIA,SELTOS HTX PLUS AT1.5 DIESEL,Automatic,2020.0,Diesel,1493.0,46401.0,1st owner,1349000,25677.0,True,No,MH12,2020 KIA SELTOS HTX PLUS AT1.5 DIESEL
2381,Hyundai,New Elantra 1.6 SX (O) AT DIESEL,Automatic,2018.0,Diesel,1582.0,48716.0,2nd owner,1065000,20271.0,True,No,MH02,2018 Hyundai New Elantra 1.6 SX (O) AT DIESEL
2382,Hyundai,NEW SANTRO ERA EXECUTIVE,Manual,2019.0,Petrol,1086.0,56077.0,1st owner,373000,7291.0,True,No,MH46,2019 Hyundai NEW SANTRO ERA EXECUTIVE
2383,Honda,Jazz 1.2L I-VTEC S AT,Automatic,2016.0,Petrol,1199.0,97692.0,1st owner,399000,7801.0,True,No,MH01,2016 Honda Jazz 1.2L I-VTEC S AT
2384,Nissan,MAGNITE XV PREMIUM,Manual,2021.0,Petrol,999.0,47127.0,1st owner,660000,12903.0,True,No,MH46,2021 Nissan MAGNITE XV PREMIUM
2385,Ford,FREESTYLE TITANIUM 1.5 DIESEL,Manual,2018.0,Diesel,1498.0,75160.0,1st owner,565000,11046.0,True,Yes,MH04,2018 Ford FREESTYLE TITANIUM 1.5 DIESEL
2386,Maruti,Celerio ZXI,Manual,2017.0,Petrol,998.0,27882.0,1st owner,384000,7500.0,True,No,MH47,2017 Maruti Celerio ZXI
2387,Maruti,Wagon R 1.0 LXI CNG,Manual,2014.0,CNG,998.0,99498.0,2nd owner,289000,9599.0,True,Yes,MH04,2014 Maruti Wagon R 1.0 LXI CNG
2388,Mahindra,Thar LX  P 4WD AT CONVERTIBLE,Automatic,2022.0,Petrol,1997.0,11951.0,2nd owner,1388000,26423.0,True,Yes,MH03,2022 Mahindra Thar LX  P 4WD AT CONVERTIBLE
2389,Tata,TIGOR XZ PETROL,Manual,2018.0,Petrol,1199.0,94586.0,2nd owner,395000,7722.0,True,Yes,MH46,2018 Tata TIGOR XZ PETROL
2390,Maruti,Ertiga ZXI,Manual,2013.0,Petrol,1373.0,41016.0,2nd owner,499000,13147.0,True,Yes,MH03,2013 Maruti Ertiga ZXI
2391,Hyundai,Creta SX PLUS 1.6 DIESEL,Manual,2017.0,Diesel,1582.0,97787.0,1st owner,901000,17158.0,True,No,MH04,2017 Hyundai Creta SX PLUS 1.6 DIESEL
2392,Tata,Safari XZA PLUS ADVENTURE,Automatic,2022.0,Diesel,1956.0,42408.0,1st owner,1922000,36583.0,True,Yes,MH12,2022 Tata Safari XZA PLUS ADVENTURE
2393,Hyundai,Grand i10 SPORTZ 1.2 KAPPA VTVT,Manual,2014.0,Petrol,1197.0,100116.0,1st owner,323000,7185.0,True,Yes,MH02,2014 Hyundai Grand i10 SPORTZ 1.2 KAPPA VTVT
2394,Hyundai,VENUE SX 1.0 TURBO,Manual,2019.0,Petrol,998.0,34899.0,1st owner,817000,15551.0,True,No,MH47,2019 Hyundai VENUE SX 1.0 TURBO
2395,Hyundai,Creta E PLUS 1.6 PETROL,Manual,2017.0,Petrol,1591.0,43358.0,1st owner,744000,14545.0,True,Yes,MH04,2017 Hyundai Creta E PLUS 1.6 PETROL
2396,Hyundai,i10 MAGNA 1.1,Manual,2015.0,Petrol,1086.0,22249.0,1st owner,292000,5709.0,True,Yes,MH02,2015 Hyundai i10 MAGNA 1.1
2397,Maruti,Swift Dzire ZXI,Manual,2017.0,Petrol,1197.0,34196.0,1st owner,524000,10250.0,True,Yes,MH02,2017 Maruti Swift Dzire ZXI
2398,Maruti,S Cross ALPHA AT SMART HYBRID,Automatic,2020.0,Petrol,1462.0,29708.0,1st owner,1006000,19148.0,True,No,MH40,2020 Maruti S Cross ALPHA AT SMART HYBRID
2399,Honda,City 1.5L I-VTEC ZX CVT,Automatic,2021.0,Petrol,1498.0,22827.0,1st owner,1238000,23572.0,True,No,MH02,2021 Honda City 1.5L I-VTEC ZX CVT
2400,Maruti,New Wagon-R VXI 1.2,Manual,2019.0,Petrol,1197.0,11829.0,2nd owner,443000,8653.0,True,No,MH08,2019 Maruti New Wagon-R VXI 1.2
2401,Maruti,Swift Dzire VXI,Manual,2014.0,Petrol,1197.0,42022.0,1st owner,387000,8619.0,True,Yes,MH03,2014 Maruti Swift Dzire VXI
2402,Maruti,Ciaz VXI,Manual,2016.0,Petrol,1373.0,99639.0,1st owner,454000,8880.0,True,No,MH43,2016 Maruti Ciaz VXI
2403,Maruti,Baleno DELTA PETROL 1.2,Manual,2017.0,Petrol,1197.0,29835.0,1st owner,525000,10264.0,True,No,MH02,2017 Maruti Baleno DELTA PETROL 1.2
2404,Hyundai,VENUE S 1.0 TURBO IMT,Manual,2021.0,Petrol,998.0,49880.0,1st owner,782000,15288.0,True,Yes,MH03,2021 Hyundai VENUE S 1.0 TURBO IMT
2405,Honda,City 1.5L I-VTEC SV CVT,Automatic,2014.0,Petrol,1497.0,45962.0,2nd owner,476000,10578.0,True,No,MH02,2014 Honda City 1.5L I-VTEC SV CVT
2406,Maruti,Celerio VXI CNG,Manual,2017.0,CNG,998.0,79682.0,1st owner,395000,7722.0,True,Yes,MH46,2017 Maruti Celerio VXI CNG
2407,Hyundai,Elite i20 SPORTZ 1.2,Manual,2017.0,Petrol,1197.0,41858.0,2nd owner,469000,9169.0,True,No,MH01,2017 Hyundai Elite i20 SPORTZ 1.2
2408,Hyundai,Creta BASE 1.6 PETROL,Manual,2016.0,Petrol,1591.0,53911.0,1st owner,607000,11867.0,True,No,MH03,2016 Hyundai Creta BASE 1.6 PETROL
2409,Hyundai,Xcent S 1.2,Manual,2014.0,Petrol,1197.0,36391.0,1st owner,377000,8376.0,True,Yes,MH01,2014 Hyundai Xcent S 1.2
2410,Toyota,YARIS VX MT,Manual,2018.0,Petrol,1496.0,30509.0,2nd owner,783000,15308.0,True,No,MH03,2018 Toyota YARIS VX MT
2411,KIA,SELTOS GTX PLUS DCT 1.4 PETROL,Automatic,2020.0,Petrol,1353.0,65672.0,1st owner,1292000,24592.0,True,Yes,MH01,2020 KIA SELTOS GTX PLUS DCT 1.4 PETROL
2412,Maruti,Ertiga VDI,Manual,2014.0,Diesel,1248.0,119998.0,2nd owner,567000,14931.0,True,No,MH48,2014 Maruti Ertiga VDI
2413,Tata,Safari XZ PLUS DARK EDITION,Manual,2022.0,Diesel,1956.0,12384.0,1st owner,1912000,36393.0,True,No,MH04,2022 Tata Safari XZ PLUS DARK EDITION
2414,Hyundai,Grand i10 MAGNA 1.2 KAPPA VTVT,Manual,2018.0,CNG,1197.0,32749.0,1st owner,452000,8839.0,True,Yes,MH05,2018 Hyundai Grand i10 MAGNA 1.2 KAPPA VTVT
2415,Honda,City 1.5L I-VTEC ZX,Manual,2020.0,Petrol,1498.0,27473.0,1st owner,977000,18596.0,True,Yes,MH27,2020 Honda City 1.5L I-VTEC ZX
2416,Honda,City 1.5L I-VTEC V MT,Manual,2018.0,Petrol,1497.0,47801.0,1st owner,707000,13827.0,True,Yes,MH43,2018 Honda City 1.5L I-VTEC V MT
2417,Hyundai,Elite i20 ASTA 1.4 CRDI (O),Manual,2017.0,Diesel,1396.0,91079.0,1st owner,612000,11961.0,True,Yes,MH03,2017 Hyundai Elite i20 ASTA 1.4 CRDI (O)
2418,Maruti,XL6 ALPHA MT,Manual,2021.0,Petrol,1462.0,48740.0,1st owner,1006000,19148.0,True,Yes,MH03,2021 Maruti XL6 ALPHA MT
2419,Hyundai,i10 MAGNA 1.1,Manual,2015.0,Petrol,1086.0,55760.0,2nd owner,282000,5522.0,True,Yes,MH02,2015 Hyundai i10 MAGNA 1.1
2420,Tata,TIGOR XZA PLUS PETROL,Automatic,2021.0,Petrol,1199.0,39046.0,1st owner,671000,13112.0,True,Yes,MH04,2021 Tata TIGOR XZA PLUS PETROL
2421,Ford,Ecosport TITANIUM+ 1.5L DIESEL,Manual,2017.0,Diesel,1498.0,79659.0,1st owner,613000,11984.0,True,Yes,MH04,2017 Ford Ecosport TITANIUM+ 1.5L DIESEL
2422,Hyundai,Elite i20 SPORTZ 1.2,Manual,2017.0,Petrol,1197.0,53262.0,1st owner,513000,10029.0,True,Yes,MH02,2017 Hyundai Elite i20 SPORTZ 1.2
2423,MG,HECTOR SHARP 1.5 DCT PETROL,Automatic,2019.0,Petrol,1451.0,25760.0,2nd owner,1299000,24725.0,True,Yes,MH46,2019 MG HECTOR SHARP 1.5 DCT PETROL
2424,Volkswagen,Polo HIGHLINE1.2L,Manual,2012.0,Petrol,1198.0,61164.0,1st owner,294000,9765.0,True,Yes,MH02,2012 Volkswagen Polo HIGHLINE1.2L
2425,KIA,SELTOS GTX PLUS DCT 1.4 PETROL,Automatic,2020.0,Petrol,1353.0,35115.0,1st owner,1429000,27200.0,True,Yes,MH04,2020 KIA SELTOS GTX PLUS DCT 1.4 PETROL
2426,Maruti,Ciaz SIGMA 1.5 SHVS MT  PETROL,Manual,2021.0,Petrol,1462.0,16909.0,1st owner,731000,14291.0,True,Yes,MH04,2021 Maruti Ciaz SIGMA 1.5 SHVS MT  PETROL
2427,Maruti,IGNIS ZETA 1.2 AMT DUAL TONE,Automatic,2017.0,Petrol,1197.0,19523.0,2nd owner,475000,9291.0,True,No,MH02,2017 Maruti IGNIS ZETA 1.2 AMT DUAL TONE
2428,Renault,Kwid RXT 0.8 (O),Manual,2016.0,Petrol,799.0,103116.0,1st owner,259000,5761.0,True,Yes,MH46,2016 Renault Kwid RXT 0.8 (O)
2429,Hyundai,VENUE SX PLUS 1.0 TURBO DCT,Automatic,2021.0,Petrol,998.0,48355.0,1st owner,925000,17607.0,True,Yes,MH02,2021 Hyundai VENUE SX PLUS 1.0 TURBO DCT
2430,Skoda,Rapid STYLE TSI,Manual,2020.0,Petrol,999.0,33693.0,1st owner,907000,17264.0,True,Yes,MH47,2020 Skoda Rapid STYLE TSI
2431,Honda,City 1.5L I-VTE V CVT,Automatic,2017.0,Petrol,1497.0,32899.0,2nd owner,707000,13822.0,True,No,MH47,2017 Honda City 1.5L I-VTE V CVT
2432,Mahindra,XUV500 W10 AT,Automatic,2017.0,Diesel,2179.0,36090.0,2nd owner,1070000,20366.0,True,Yes,MH01,2017 Mahindra XUV500 W10 AT
2433,Maruti,New Wagon-R ZXI 1.2 AMT,Automatic,2021.0,Petrol,1197.0,34224.0,1st owner,612000,11972.0,True,No,MH46,2021 Maruti New Wagon-R ZXI 1.2 AMT
2434,Honda,City 1.5L I-VTEC V MT,Manual,2018.0,Petrol,1497.0,93703.0,2nd owner,640000,12512.0,True,Yes,MH01,2018 Honda City 1.5L I-VTEC V MT
2435,Maruti,Wagon R 1.0 VXI,Manual,2015.0,Petrol,998.0,28048.0,2nd owner,305000,5963.0,True,No,MH46,2015 Maruti Wagon R 1.0 VXI
2436,Honda,Amaze 1.2L I-VTEC S,Manual,2014.0,Petrol,1198.0,52803.0,1st owner,354000,7875.0,True,No,MH46,2014 Honda Amaze 1.2L I-VTEC S
2437,Mahindra,XUV500 W10 AT,Automatic,2017.0,Diesel,2179.0,85662.0,1st owner,995000,18939.0,True,Yes,MH03,2017 Mahindra XUV500 W10 AT
2438,Maruti,Wagon R 1.0 VXI,Manual,2013.0,Petrol,998.0,45304.0,1st owner,262000,6899.0,True,No,MH46,2013 Maruti Wagon R 1.0 VXI
2439,Maruti,Wagon R 1.0 LXI CNG,Manual,2017.0,CNG,998.0,56359.0,2nd owner,365000,7136.0,True,Yes,MH02,2017 Maruti Wagon R 1.0 LXI CNG
2440,MG,HECTOR SHARP 2.0 DIESEL,Manual,2022.0,Diesel,1956.0,29414.0,1st owner,1682000,32015.0,True,Yes,MH02,2022 MG HECTOR SHARP 2.0 DIESEL
2441,Hyundai,i10 SPORTZ 1.2 AT,Automatic,2011.0,Petrol,1197.0,51696.0,1st owner,244000,11486.0,True,No,MH01,2011 Hyundai i10 SPORTZ 1.2 AT
2442,Maruti,Swift Dzire VXI,Manual,2016.0,Petrol,1197.0,49814.0,2nd owner,439000,8583.0,True,No,MH02,2016 Maruti Swift Dzire VXI
2443,Jeep,Compass LIMITED PLUS PETROL AT,Automatic,2019.0,Petrol,1368.0,37211.0,1st owner,1469000,27961.0,True,No,MH03,2019 Jeep Compass LIMITED PLUS PETROL AT
2444,Toyota,Corolla Altis VL CVT PETROL,Automatic,2017.0,Petrol,1798.0,56674.0,1st owner,1012000,19262.0,True,Yes,MH02,2017 Toyota Corolla Altis VL CVT PETROL
2445,Hyundai,VENUE SX PLUS 1.0 TURBO DCT,Automatic,2019.0,Petrol,998.0,41704.0,1st owner,912000,17359.0,True,Yes,MH46,2019 Hyundai VENUE SX PLUS 1.0 TURBO DCT
2446,Hyundai,Elite i20 ASTA 1.2,Manual,2016.0,Petrol,1197.0,46613.0,1st owner,493000,9638.0,True,Yes,MH02,2016 Hyundai Elite i20 ASTA 1.2
2447,Hyundai,Creta E PLUS 1.6 PETROL,Manual,2017.0,Petrol,1591.0,23252.0,2nd owner,700000,13681.0,True,No,MH46,2017 Hyundai Creta E PLUS 1.6 PETROL
2448,Hyundai,Creta SX 1.6 DIESEL,Manual,2015.0,Diesel,1582.0,62018.0,2nd owner,763000,16964.0,True,Yes,MH05,2015 Hyundai Creta SX 1.6 DIESEL
2449,Hyundai,Grand i10 SPORTZ 1.2 KAPPA VTVT,Manual,2018.0,Petrol,1197.0,20257.0,2nd owner,466000,9111.0,True,Yes,MH43,2018 Hyundai Grand i10 SPORTZ 1.2 KAPPA VTVT
2450,Skoda,Rapid STYLE 1.6 MPI,Manual,2018.0,Petrol,1598.0,59417.0,1st owner,660000,12903.0,True,Yes,MH01,2018 Skoda Rapid STYLE 1.6 MPI
2451,Tata,Harrier XZA PLUS 2.0L DARK EDITION,Automatic,2021.0,Diesel,1956.0,31539.0,1st owner,1822000,34680.0,True,Yes,MH03,2021 Tata Harrier XZA PLUS 2.0L DARK EDITION
2452,Honda,City 1.5L I-VTEC VX CVT,Automatic,2016.0,Petrol,1497.0,75181.0,1st owner,609000,11906.0,True,Yes,MH43,2016 Honda City 1.5L I-VTEC VX CVT
2453,Hyundai,VENUE SX PLUS 1.0 TURBO DCT,Automatic,2021.0,Petrol,998.0,19689.0,1st owner,1004000,19110.0,True,No,MH04,2021 Hyundai VENUE SX PLUS 1.0 TURBO DCT
2454,Maruti,Ciaz ALPHA  AT 1.5 SHVS PETROL,Automatic,2020.0,Petrol,1462.0,23821.0,1st owner,849000,16154.0,True,No,MH02,2020 Maruti Ciaz ALPHA  AT 1.5 SHVS PETROL
2455,Hyundai,VENUE SX PLUS 1.0 TURBO DCT,Automatic,2019.0,Petrol,998.0,113735.0,1st owner,794000,17658.0,True,Yes,MH01,2019 Hyundai VENUE SX PLUS 1.0 TURBO DCT
2456,Hyundai,Creta SX 1.6 PETROL,Manual,2019.0,Petrol,1591.0,70490.0,2nd owner,838000,15951.0,True,No,MH03,2019 Hyundai Creta SX 1.6 PETROL
2457,Maruti,Swift Dzire ZDI,Manual,2013.0,Diesel,1248.0,120107.0,1st owner,429000,14249.0,True,Yes,MH01,2013 Maruti Swift Dzire ZDI
2458,Maruti,IGNIS ALPHA 1.2,Manual,2019.0,Petrol,1197.0,22343.0,2nd owner,518000,10137.0,True,No,MH01,2019 Maruti IGNIS ALPHA 1.2
2459,Hyundai,GRAND I10 NIOS SPORTZ AMT 1.2 KAPPA VTVT,Automatic,2020.0,Petrol,1197.0,13350.0,1st owner,647000,12642.0,True,No,MH47,2020 Hyundai GRAND I10 NIOS SPORTZ AMT 1.2 KAPPA VTVT
2460,Tata,ALTROZ XZ PETROL,Manual,2020.0,Petrol,1199.0,11670.0,1st owner,655000,12805.0,True,Yes,MH02,2020 Tata ALTROZ XZ PETROL
2461,Honda,WR-V 1.2L I-VTEC VX MT,Manual,2018.0,Petrol,1199.0,22652.0,1st owner,668000,13060.0,True,Yes,MH02,2018 Honda WR-V 1.2L I-VTEC VX MT
2462,Hyundai,Creta E PLUS 1.6 PETROL,Manual,2017.0,Petrol,1591.0,39827.0,1st owner,710000,13881.0,True,No,MH02,2017 Hyundai Creta E PLUS 1.6 PETROL
2463,Maruti,Wagon R 1.0 LXI CNG,Manual,2013.0,CNG,998.0,75494.0,2nd owner,268000,12616.0,True,Yes,MH46,2013 Maruti Wagon R 1.0 LXI CNG
2464,Honda,Jazz 1.2L I-VTEC ZX CVT,Automatic,2021.0,Petrol,1199.0,10102.0,1st owner,813000,15475.0,True,No,MH03,2021 Honda Jazz 1.2L I-VTEC ZX CVT
2465,Maruti,S PRESSO VXI PLUS AMT,Automatic,2019.0,Petrol,998.0,21125.0,1st owner,435000,8503.0,True,No,MH01,2019 Maruti S PRESSO VXI PLUS AMT
2466,Hyundai,NEW SANTRO SPORTZ CNG,Manual,2019.0,CNG,1086.0,73743.0,1st owner,455000,8902.0,True,No,MH05,2019 Hyundai NEW SANTRO SPORTZ CNG
2467,Tata,ALTROZ XZA PLUS,Automatic,2022.0,Petrol,1199.0,18364.0,1st owner,833000,15862.0,True,No,MH03,2022 Tata ALTROZ XZA PLUS
2468,Maruti,Celerio VXI AMT,Automatic,2014.0,Petrol,998.0,32861.0,1st owner,339000,7541.0,True,Yes,MH02,2014 Maruti Celerio VXI AMT
2469,Volkswagen,Ameo HIGHLINE PLUS 1.5L AT 16 ALLOY,Automatic,2019.0,Diesel,1498.0,60683.0,2nd owner,649000,12688.0,True,Yes,MH47,2019 Volkswagen Ameo HIGHLINE PLUS 1.5L AT 16 ALLOY
2470,Renault,Duster RXS OPT CVT,Automatic,2019.0,Petrol,1498.0,24227.0,1st owner,708000,13842.0,True,No,MH43,2019 Renault Duster RXS OPT CVT
2471,Maruti,Celerio VXI AMT,Automatic,2014.0,Petrol,998.0,98502.0,1st owner,300000,6673.0,True,No,MH43,2014 Maruti Celerio VXI AMT
2472,Hyundai,i10 SPORTZ 1.2,Manual,2012.0,Petrol,1197.0,35570.0,2nd owner,225000,7488.0,True,Yes,MH04,2012 Hyundai i10 SPORTZ 1.2
2473,Maruti,Wagon R 1.0 LXI CNG,Manual,2014.0,CNG,998.0,105898.0,2nd owner,291000,9665.0,True,No,MH02,2014 Maruti Wagon R 1.0 LXI CNG
2475,Maruti,New Wagon-R ZXI 1.2,Manual,2022.0,Petrol,1197.0,20987.0,1st owner,569000,11124.0,True,Yes,MH05,2022 Maruti New Wagon-R ZXI 1.2
2476,Volkswagen,Polo HIGHLINE1.5L,Manual,2016.0,Diesel,1498.0,75313.0,3rd owner,476000,9306.0,True,Yes,MH03,2016 Volkswagen Polo HIGHLINE1.5L
2477,Maruti,Wagon R 1.0 LXI CNG,Manual,2014.0,CNG,998.0,81895.0,1st owner,312000,10360.0,True,No,MH04,2014 Maruti Wagon R 1.0 LXI CNG
2478,Maruti,Wagon R 1.0 VXI AMT,Automatic,2017.0,Petrol,998.0,78451.0,1st owner,368000,7194.0,True,No,MH47,2017 Maruti Wagon R 1.0 VXI AMT
2479,Maruti,Celerio ZXI AMT,Automatic,2017.0,Petrol,998.0,33857.0,2nd owner,396000,7742.0,True,Yes,MH47,2017 Maruti Celerio ZXI AMT
2480,Maruti,Baleno DELTA PETROL 1.2,Manual,2017.0,Petrol,1197.0,30064.0,2nd owner,503000,9834.0,True,Yes,MH04,2017 Maruti Baleno DELTA PETROL 1.2
2481,Hyundai,Xcent S 1.2,Manual,2014.0,Petrol,1197.0,55106.0,1st owner,370000,8230.0,True,Yes,MH02,2014 Hyundai Xcent S 1.2
2482,Honda,City 1.5L I-VTEC V MT,Manual,2017.0,Petrol,1497.0,22437.0,2nd owner,708000,13839.0,True,Yes,MH03,2017 Honda City 1.5L I-VTEC V MT
2483,Hyundai,Creta SX PLUS AT 1.6 PETROL,Automatic,2016.0,Petrol,1591.0,87471.0,1st owner,810000,15418.0,True,Yes,MH43,2016 Hyundai Creta SX PLUS AT 1.6 PETROL
2484,Hyundai,NEW SANTRO MAGNA,Manual,2019.0,Petrol,1086.0,16497.0,1st owner,413000,8068.0,True,No,MH05,2019 Hyundai NEW SANTRO MAGNA
2485,Maruti,S PRESSO VXI (O) CNG,Manual,2021.0,CNG,998.0,48375.0,1st owner,432000,8439.0,True,Yes,MH48,2021 Maruti S PRESSO VXI (O) CNG
2486,Honda,City 1.5L I-VTEC VX CVT,Automatic,2016.0,Petrol,1497.0,73098.0,1st owner,653000,12766.0,True,No,MH02,2016 Honda City 1.5L I-VTEC VX CVT
2487,Hyundai,Elite i20 SPORTZ 1.2,Manual,2016.0,Petrol,1197.0,50900.0,1st owner,507000,9911.0,True,Yes,MH04,2016 Hyundai Elite i20 SPORTZ 1.2
2488,Maruti,Ciaz DELTA AT 1.5 SHVS PETROL,Automatic,2021.0,Petrol,1462.0,29638.0,1st owner,865000,16464.0,True,No,MH04,2021 Maruti Ciaz DELTA AT 1.5 SHVS PETROL
2489,Tata,ALTROZ XZA,Automatic,2022.0,Petrol,1199.0,10206.0,1st owner,785000,15344.0,True,Yes,MH04,2022 Tata ALTROZ XZA
2490,Hyundai,Creta SX PLUS AT 1.6 PETROL,Automatic,2017.0,Petrol,1591.0,91126.0,2nd owner,831000,15817.0,True,No,MH01,2017 Hyundai Creta SX PLUS AT 1.6 PETROL
2491,Hyundai,Xcent S 1.2,Manual,2014.0,Petrol,1197.0,68981.0,2nd owner,360000,8004.0,True,Yes,MH12,2014 Hyundai Xcent S 1.2
2492,Hyundai,Grand i10 SPORTZ AT 1.2 KAPPA VTVT,Automatic,2018.0,Petrol,1197.0,86975.0,1st owner,478000,9345.0,True,No,MH48,2018 Hyundai Grand i10 SPORTZ AT 1.2 KAPPA VTVT
2493,Mahindra,XUV300 W6 1.2 PETROL AMT,Automatic,2022.0,Petrol,1197.0,13010.0,2nd owner,844000,16059.0,True,Yes,MH01,2022 Mahindra XUV300 W6 1.2 PETROL AMT
2495,Hyundai,GRAND I10 NIOS SPORTZ 1.2 KAPPA VTVT CNG,Manual,2022.0,CNG,1197.0,21570.0,1st owner,722000,14121.0,True,No,MH46,2022 Hyundai GRAND I10 NIOS SPORTZ 1.2 KAPPA VTVT CNG
2496,Maruti,Wagon R 1.0 VXI,Manual,2015.0,Petrol,998.0,55946.0,2nd owner,306000,5982.0,True,No,MH04,2015 Maruti Wagon R 1.0 VXI
2497,Maruti,Ciaz ALPHA  AT 1.5 SHVS PETROL,Automatic,2021.0,Petrol,1462.0,33769.0,1st owner,906000,17237.0,True,Yes,MH03,2021 Maruti Ciaz ALPHA  AT 1.5 SHVS PETROL
2498,Hyundai,Creta E PLUS 1.6 PETROL,Manual,2017.0,Petrol,1591.0,93555.0,2nd owner,669000,13077.0,True,Yes,MH01,2017 Hyundai Creta E PLUS 1.6 PETROL
2499,Honda,Amaze 1.2L I-VTEC V CVT,Automatic,2019.0,Petrol,1498.0,39531.0,1st owner,682000,13335.0,True,Yes,MH02,2019 Honda Amaze 1.2L I-VTEC V CVT
2500,Hyundai,NEW SANTRO SPORTZ CNG,Manual,2019.0,CNG,1086.0,109255.0,1st owner,450000,10018.0,True,No,MH05,2019 Hyundai NEW SANTRO SPORTZ CNG
2501,Tata,NEXON XZA PLUS PETROL,Automatic,2018.0,Petrol,1198.0,33970.0,1st owner,776000,15180.0,True,No,MH03,2018 Tata NEXON XZA PLUS PETROL
2502,Honda,WR-V 1.5L I-DTEC VX MT,Manual,2018.0,Diesel,1498.0,100986.0,1st owner,699000,15556.0,True,Yes,MH01,2018 Honda WR-V 1.5L I-DTEC VX MT
2503,Maruti,Wagon R 1.0 LXI CNG,Manual,2014.0,CNG,998.0,95135.0,1st owner,311000,10328.0,True,Yes,MH05,2014 Maruti Wagon R 1.0 LXI CNG
2504,Ford,Ecosport TITANIUM 1.5L PETROL,Manual,2019.0,Petrol,1497.0,21769.0,2nd owner,725000,14180.0,True,Yes,MH47,2019 Ford Ecosport TITANIUM 1.5L PETROL
2505,Hyundai,Creta E PLUS 1.6 PETROL,Manual,2017.0,Petrol,1591.0,75175.0,1st owner,722000,14115.0,True,No,MH04,2017 Hyundai Creta E PLUS 1.6 PETROL
2506,Hyundai,VENUE SX PLUS 1.0 TURBO DCT,Automatic,2019.0,Petrol,998.0,56522.0,1st owner,867000,16503.0,True,Yes,MH04,2019 Hyundai VENUE SX PLUS 1.0 TURBO DCT
2507,Mahindra,XUV300 W8 (O) 1.2 PETROL AMT,Automatic,2021.0,Petrol,1197.0,41278.0,1st owner,953000,18133.0,True,No,MH03,2021 Mahindra XUV300 W8 (O) 1.2 PETROL AMT
2508,Maruti,Wagon R 1.0 VXI,Manual,2014.0,Petrol,998.0,42307.0,1st owner,303000,6730.0,True,Yes,MH04,2014 Maruti Wagon R 1.0 VXI
2509,Tata,ALTROZ XZ PETROL,Manual,2020.0,Petrol,1199.0,23825.0,1st owner,663000,12962.0,True,No,MH05,2020 Tata ALTROZ XZ PETROL
2510,Maruti,Ciaz DELTA AT 1.5 SHVS PETROL,Automatic,2021.0,Petrol,1462.0,17099.0,1st owner,886000,16859.0,True,No,MH04,2021 Maruti Ciaz DELTA AT 1.5 SHVS PETROL
2511,Renault,TRIBER RXZ,Manual,2019.0,Petrol,999.0,56210.0,1st owner,640000,12508.0,True,No,MH43,2019 Renault TRIBER RXZ
2512,Maruti,Ciaz ALPHA  AT 1.5 SHVS PETROL,Automatic,2020.0,Petrol,1462.0,31214.0,1st owner,843000,16042.0,True,No,MH47,2020 Maruti Ciaz ALPHA  AT 1.5 SHVS PETROL
2513,Hyundai,i10 SPORTZ 1.2,Manual,2012.0,Petrol,1197.0,118765.0,1st owner,227000,7540.0,True,No,MH05,2012 Hyundai i10 SPORTZ 1.2
2514,Honda,City 1.5L I-VTEC SV,Manual,2017.0,Petrol,1497.0,49696.0,1st owner,583000,11397.0,True,Yes,MH02,2017 Honda City 1.5L I-VTEC SV
2515,Hyundai,Xcent S 1.2,Manual,2015.0,Petrol,1197.0,24126.0,1st owner,403000,7879.0,True,Yes,MH47,2015 Hyundai Xcent S 1.2
2516,Maruti,Baleno ZETA CVT PETROL 1.2,Automatic,2021.0,Petrol,1197.0,16690.0,1st owner,779000,15220.0,True,Yes,MH04,2021 Maruti Baleno ZETA CVT PETROL 1.2
2517,Maruti,Ertiga VXI CNG,Manual,2014.0,CNG,1373.0,62157.0,2nd owner,592000,19649.0,True,Yes,MH04,2014 Maruti Ertiga VXI CNG
2518,Maruti,Swift ZXI,Manual,2013.0,Petrol,1197.0,42338.0,1st owner,315000,8295.0,True,No,MH46,2013 Maruti Swift ZXI
2519,Hyundai,Xcent S 1.2,Manual,2016.0,Petrol,1197.0,95851.0,3rd owner,324000,6334.0,True,Yes,MH43,2016 Hyundai Xcent S 1.2
2520,Maruti,Alto LXI,Manual,2021.0,Petrol,796.0,26866.0,1st owner,334000,6537.0,True,Yes,MH04,2021 Maruti Alto LXI
2521,Hyundai,Grand i10 ASTA 1.2 KAPPA VTVT,Manual,2015.0,Petrol,1197.0,47367.0,2nd owner,380000,7430.0,True,Yes,MH02,2015 Hyundai Grand i10 ASTA 1.2 KAPPA VTVT
2522,Maruti,Ciaz VDI SHVS,Manual,2016.0,Diesel,1248.0,96990.0,1st owner,563000,11013.0,True,No,MH02,2016 Maruti Ciaz VDI SHVS
2523,Skoda,Rapid STYLE 1.6 MPI AT,Automatic,2017.0,Petrol,1598.0,89856.0,1st owner,563000,11007.0,True,Yes,MH04,2017 Skoda Rapid STYLE 1.6 MPI AT
2524,Hyundai,i20 Active 1.2 SX,Manual,2015.0,Petrol,1197.0,116660.0,1st owner,424000,9432.0,True,Yes,MH02,2015 Hyundai i20 Active 1.2 SX
2525,Tata,TIGOR XZ PLUS CNG,Manual,2022.0,CNG,1199.0,18438.0,2nd owner,700000,13689.0,True,No,MH46,2022 Tata TIGOR XZ PLUS CNG
2526,Renault,Kwid RXT 1.0 AMT (O),Automatic,2019.0,Petrol,999.0,23547.0,1st owner,396000,7733.0,True,Yes,MH47,2019 Renault Kwid RXT 1.0 AMT (O)
2527,Maruti,Baleno ALPHA DIESEL 1.3,Manual,2017.0,Diesel,1248.0,73649.0,1st owner,545000,10655.0,True,No,MH04,2017 Maruti Baleno ALPHA DIESEL 1.3
2528,Maruti,Wagon R 1.0 LXI CNG,Manual,2017.0,CNG,998.0,57012.0,2nd owner,363000,7097.0,True,Yes,MH47,2017 Maruti Wagon R 1.0 LXI CNG
2529,Tata,Tiago XZ PETROL,Manual,2018.0,Petrol,1199.0,76127.0,2nd owner,390000,7625.0,True,Yes,MH46,2018 Tata Tiago XZ PETROL
2530,Maruti,Ciaz ZETA 1.5 SHVS MT PETROL,Manual,2018.0,Petrol,1462.0,18001.0,1st owner,740000,14466.0,True,No,MH02,2018 Maruti Ciaz ZETA 1.5 SHVS MT PETROL
2531,KIA,SELTOS GTX PLUS DCT 1.4 PETROL,Automatic,2021.0,Petrol,1353.0,33728.0,2nd owner,1413000,26895.0,True,Yes,MH02,2021 KIA SELTOS GTX PLUS DCT 1.4 PETROL
2532,Hyundai,Elite i20 SPORTZ 1.2,Manual,2016.0,Petrol,1197.0,52603.0,3rd owner,424000,8288.0,True,No,MH04,2016 Hyundai Elite i20 SPORTZ 1.2
2533,Maruti,IGNIS ZETA 1.2,Manual,2022.0,Petrol,1197.0,6992.0,1st owner,610000,11926.0,True,Yes,MH03,2022 Maruti IGNIS ZETA 1.2
2534,Tata,Tiago XZA PLUS PETROL,Automatic,2021.0,Petrol,1199.0,8319.0,1st owner,638000,12478.0,True,Yes,MH04,2021 Tata Tiago XZA PLUS PETROL
2535,Maruti,Swift VXI,Manual,2017.0,Petrol,1197.0,57535.0,2nd owner,468000,9152.0,True,No,MH04,2017 Maruti Swift VXI
2536,Toyota,Glanza V CVT,Automatic,2019.0,Petrol,1197.0,15891.0,1st owner,793000,15510.0,True,No,MH47,2019 Toyota Glanza V CVT
2537,Honda,City 1.5L I-VTEC VX CVT,Automatic,2016.0,Petrol,1497.0,59119.0,1st owner,605000,11828.0,True,Yes,MH01,2016 Honda City 1.5L I-VTEC VX CVT
2538,Hyundai,Grand i10 SPORTZ 1.2 KAPPA VTVT,Manual,2016.0,Petrol,1197.0,55599.0,1st owner,376000,7350.0,True,No,MH04,2016 Hyundai Grand i10 SPORTZ 1.2 KAPPA VTVT
2539,Hyundai,Creta E PLUS 1.6 PETROL,Manual,2017.0,Petrol,1591.0,101207.0,2nd owner,665000,14793.0,True,Yes,MH01,2017 Hyundai Creta E PLUS 1.6 PETROL
2540,Honda,Jazz 1.2L I-VTEC VX CVT,Automatic,2022.0,Petrol,1199.0,4980.0,1st owner,865000,16467.0,True,No,MH03,2022 Honda Jazz 1.2L I-VTEC VX CVT
2541,Hyundai,Creta SX PLUS AT 1.6 PETROL,Automatic,2016.0,Petrol,1591.0,57500.0,3rd owner,747000,14604.0,True,No,MH01,2016 Hyundai Creta SX PLUS AT 1.6 PETROL
2542,Toyota,Etios Liva G,Manual,2011.0,Petrol,1197.0,75479.0,1st owner,244000,11503.0,True,No,MH05,2011 Toyota Etios Liva G
2543,Hyundai,Grand i10 SPORTZ (O) AT 1.2 KAPPA VTVT,Automatic,2017.0,Petrol,1197.0,25723.0,1st owner,533000,10419.0,True,No,MH47,2017 Hyundai Grand i10 SPORTZ (O) AT 1.2 KAPPA VTVT
2544,Tata,NEXON XZA PLUS PETROL DUAL TONE,Automatic,2018.0,Petrol,1198.0,28234.0,2nd owner,717000,14010.0,True,Yes,MH04,2018 Tata NEXON XZA PLUS PETROL DUAL TONE
2545,Maruti,New Wagon-R LXI CNG 1.0,Manual,2021.0,CNG,998.0,31051.0,1st owner,561000,10966.0,True,Yes,MH05,2021 Maruti New Wagon-R LXI CNG 1.0
2546,Datsun,Go T,Manual,2015.0,Petrol,1198.0,12517.0,1st owner,207000,4047.0,True,Yes,MH04,2015 Datsun Go T
2547,Tata,TIGOR XZ PETROL,Manual,2020.0,Petrol,1199.0,24485.0,1st owner,562000,10980.0,True,No,MH04,2020 Tata TIGOR XZ PETROL
2548,Hyundai,NEW SANTRO SPORTZ MT,Manual,2020.0,Petrol,1086.0,12233.0,1st owner,465000,9091.0,True,No,MH46,2020 Hyundai NEW SANTRO SPORTZ MT
2549,Maruti,IGNIS DELTA 1.2 AMT,Automatic,2022.0,Petrol,1197.0,4145.0,1st owner,622000,12169.0,True,Yes,MH04,2022 Maruti IGNIS DELTA 1.2 AMT
2550,Maruti,New Wagon-R LXI CNG (O) 1.0,Manual,2021.0,CNG,998.0,35095.0,1st owner,587000,11477.0,True,Yes,MH03,2021 Maruti New Wagon-R LXI CNG (O) 1.0
2551,Maruti,Vitara Brezza ZXI PLUS AT SHVS,Automatic,2020.0,Petrol,1462.0,85633.0,1st owner,914000,17396.0,True,Yes,MH04,2020 Maruti Vitara Brezza ZXI PLUS AT SHVS
2552,Hyundai,Verna 1.6 VTVT SX (O) AT,Automatic,2018.0,Petrol,1591.0,47491.0,2nd owner,833000,15853.0,True,Yes,MH47,2018 Hyundai Verna 1.6 VTVT SX (O) AT
2553,Hyundai,Grand i10 SPORTZ 1.2 KAPPA VTVT,Manual,2018.0,CNG,1197.0,78127.0,1st owner,478000,9345.0,True,No,MH47,2018 Hyundai Grand i10 SPORTZ 1.2 KAPPA VTVT
2554,Maruti,Ciaz ALPHA 1.4 PETROL,Manual,2017.0,Petrol,1373.0,73885.0,1st owner,630000,12323.0,True,Yes,MH48,2017 Maruti Ciaz ALPHA 1.4 PETROL
2555,Hyundai,i10 SPORTZ 1.2,Manual,2012.0,Petrol,1197.0,48379.0,2nd owner,223000,7417.0,True,Yes,MH03,2012 Hyundai i10 SPORTZ 1.2
2557,Hyundai,Elite i20 ASTA 1.2,Manual,2015.0,Petrol,1197.0,85279.0,1st owner,443000,8657.0,True,Yes,MH03,2015 Hyundai Elite i20 ASTA 1.2
2558,Hyundai,VENUE S 1.2,Manual,2019.0,Petrol,1197.0,22288.0,1st owner,706000,13807.0,True,No,MH02,2019 Hyundai VENUE S 1.2
2559,Hyundai,NEW SANTRO SPORTZ CNG,Manual,2019.0,CNG,1086.0,67667.0,1st owner,478000,9337.0,True,No,MH05,2019 Hyundai NEW SANTRO SPORTZ CNG
2560,Hyundai,Creta SX (O) 1.6 PETROL,Manual,2019.0,Petrol,1591.0,24918.0,2nd owner,957000,18216.0,True,Yes,MH01,2019 Hyundai Creta SX (O) 1.6 PETROL
2561,Maruti,Wagon R 1.0 LXI CNG,Manual,2015.0,CNG,998.0,26062.0,2nd owner,338000,8895.0,True,Yes,MH04,2015 Maruti Wagon R 1.0 LXI CNG
2562,Maruti,Celerio VXI CNG,Manual,2018.0,CNG,998.0,59396.0,1st owner,460000,8989.0,True,No,MH47,2018 Maruti Celerio VXI CNG
2563,Honda,City 1.5L I-VTEC SV,Manual,2017.0,Petrol,1497.0,38474.0,1st owner,659000,12886.0,True,Yes,MH03,2017 Honda City 1.5L I-VTEC SV
2564,Hyundai,Creta SX AT 1.6 PETROL,Automatic,2019.0,Petrol,1591.0,69326.0,2nd owner,984000,18730.0,True,Yes,MH04,2019 Hyundai Creta SX AT 1.6 PETROL
2565,Skoda,Rapid 1.6 MPI ACTIVE,Manual,2014.0,Petrol,1598.0,37099.0,1st owner,375000,8340.0,True,No,MH03,2014 Skoda Rapid 1.6 MPI ACTIVE
2566,Maruti,Ciaz ZXI AT,Automatic,2015.0,Petrol,1373.0,104581.0,1st owner,520000,11560.0,True,Yes,MH03,2015 Maruti Ciaz ZXI AT
2567,Ford,Ecosport TITANIUM 1.5L PETROL AT,Automatic,2016.0,Petrol,1499.0,88889.0,1st owner,509000,9942.0,True,No,MH43,2016 Ford Ecosport TITANIUM 1.5L PETROL AT
2568,Hyundai,Eon SPORTZ,Manual,2016.0,Petrol,814.0,25768.0,1st owner,310000,6061.0,True,No,MH05,2016 Hyundai Eon SPORTZ
2569,Maruti,Ertiga VDI,Manual,2013.0,Diesel,1248.0,33170.0,1st owner,603000,20028.0,True,No,MH02,2013 Maruti Ertiga VDI
2570,Volkswagen,Vento HIGHLINE PLUS 1.2 AT 16 ALLOY,Automatic,2017.0,Petrol,1197.0,49485.0,1st owner,700000,13689.0,True,No,MH46,2017 Volkswagen Vento HIGHLINE PLUS 1.2 AT 16 ALLOY
2571,Hyundai,Verna 1.6 VTVT SX (O) AT,Automatic,2018.0,Petrol,1591.0,50239.0,1st owner,846000,16103.0,True,Yes,MH01,2018 Hyundai Verna 1.6 VTVT SX (O) AT
2572,Hyundai,Elite i20 SPORTZ 1.2,Manual,2016.0,Petrol,1197.0,39809.0,2nd owner,477000,9322.0,True,No,MH46,2016 Hyundai Elite i20 SPORTZ 1.2
2573,Volkswagen,Vento HIGHLINE 1.5 AT,Automatic,2018.0,Diesel,1498.0,52400.0,1st owner,827000,15746.0,True,Yes,MH04,2018 Volkswagen Vento HIGHLINE 1.5 AT
2574,Maruti,Alto 800 LXI,Manual,2017.0,Petrol,796.0,39594.0,1st owner,276000,5389.0,True,Yes,MH03,2017 Maruti Alto 800 LXI
2575,Maruti,Baleno ZETA PETROL 1.2,Manual,2019.0,Petrol,1197.0,37102.0,1st owner,588000,11502.0,True,No,MH43,2019 Maruti Baleno ZETA PETROL 1.2
2576,Hyundai,Xcent S 1.2,Manual,2014.0,Petrol,1197.0,61351.0,1st owner,378000,8419.0,True,No,MH01,2014 Hyundai Xcent S 1.2
2577,Maruti,New Wagon-R LXI CNG (O) 1.0,Manual,2020.0,CNG,998.0,73361.0,1st owner,543000,10607.0,True,No,MH05,2020 Maruti New Wagon-R LXI CNG (O) 1.0
2578,Tata,NEXON XZ PLUS DIESEL,Manual,2018.0,Diesel,1497.0,81020.0,2nd owner,754000,14740.0,True,Yes,MH47,2018 Tata NEXON XZ PLUS DIESEL
2579,KIA,SONET HTX PLUS 1.0 IMT,Manual,2020.0,Petrol,998.0,36460.0,1st owner,975000,18558.0,True,Yes,MH03,2020 KIA SONET HTX PLUS 1.0 IMT
2580,Tata,NEXON XZ PLUS PETROL,Manual,2017.0,Petrol,1198.0,35695.0,1st owner,680000,13294.0,True,Yes,MH01,2017 Tata NEXON XZ PLUS PETROL
2581,Maruti,Ertiga ZDI,Manual,2013.0,Diesel,1248.0,35446.0,1st owner,706000,23434.0,True,Yes,MH02,2013 Maruti Ertiga ZDI
2582,Hyundai,Grand i10 SPORTZ AT 1.2 KAPPA VTVT,Automatic,2014.0,Petrol,1197.0,26317.0,2nd owner,384000,8533.0,True,Yes,MH02,2014 Hyundai Grand i10 SPORTZ AT 1.2 KAPPA VTVT
2583,Honda,Brio VX MT,Manual,2014.0,Petrol,1198.0,69540.0,2nd owner,302000,6728.0,True,Yes,MH02,2014 Honda Brio VX MT
2584,Hyundai,Creta SX AT 1.6 PETROL,Automatic,2018.0,Petrol,1591.0,37871.0,1st owner,986000,18768.0,True,Yes,MH04,2018 Hyundai Creta SX AT 1.6 PETROL
2585,Hyundai,Creta S 1.4 DIESEL,Manual,2016.0,Diesel,1396.0,62798.0,1st owner,773000,15109.0,True,No,MH02,2016 Hyundai Creta S 1.4 DIESEL
2586,Renault,TRIBER RXL AMT,Automatic,2021.0,Petrol,999.0,60479.0,1st owner,536000,10471.0,True,Yes,MH01,2021 Renault TRIBER RXL AMT
2587,Hyundai,Grand i10 ASTA (O) 1.2 KAPPA VTVT,Manual,2016.0,Petrol,1197.0,35360.0,1st owner,472000,9227.0,True,No,MH02,2016 Hyundai Grand i10 ASTA (O) 1.2 KAPPA VTVT
2588,Maruti,IGNIS DELTA 1.2,Manual,2020.0,Petrol,1197.0,19761.0,2nd owner,504000,9856.0,True,Yes,MH03,2020 Maruti IGNIS DELTA 1.2
2589,Hyundai,Grand i10 SPORTZ 1.2 KAPPA VTVT,Manual,2015.0,Petrol,1197.0,37724.0,1st owner,392000,7665.0,True,No,MH04,2015 Hyundai Grand i10 SPORTZ 1.2 KAPPA VTVT
2590,Maruti,Baleno ZETA PETROL 1.2,Manual,2021.0,Petrol,1197.0,23937.0,1st owner,696000,13613.0,True,Yes,MH43,2021 Maruti Baleno ZETA PETROL 1.2
2591,Maruti,Ertiga VXI,Manual,2013.0,Petrol,1373.0,51699.0,2nd owner,484000,12753.0,True,Yes,MH02,2013 Maruti Ertiga VXI
2592,Maruti,Celerio ZXI AMT (O),Automatic,2018.0,Petrol,998.0,91832.0,1st owner,379000,7410.0,True,No,MH43,2018 Maruti Celerio ZXI AMT (O)
2593,Maruti,Baleno ALPHA CVT PETROL 1.2,Automatic,2018.0,Petrol,1197.0,34853.0,1st owner,624000,12204.0,True,No,MH43,2018 Maruti Baleno ALPHA CVT PETROL 1.2
2594,Maruti,Ertiga VXI CNG,Manual,2014.0,CNG,1373.0,67703.0,1st owner,589000,19576.0,True,No,MH02,2014 Maruti Ertiga VXI CNG
2595,Hyundai,NEW SANTRO SPORTZ CNG,Manual,2019.0,CNG,1086.0,20018.0,1st owner,482000,9429.0,True,No,MH05,2019 Hyundai NEW SANTRO SPORTZ CNG
2596,Honda,City 1.5L I-VTEC VX CVT,Automatic,2016.0,Petrol,1497.0,47586.0,1st owner,680000,13292.0,True,Yes,MH47,2016 Honda City 1.5L I-VTEC VX CVT
2597,Maruti,Ertiga VDI,Manual,2014.0,Diesel,1248.0,59353.0,1st owner,635000,16732.0,True,Yes,MH02,2014 Maruti Ertiga VDI
2598,Mahindra,XUV500 W6,Manual,2014.0,Diesel,2179.0,106699.0,2nd owner,510000,13430.0,True,No,MH02,2014 Mahindra XUV500 W6
2599,Maruti,Wagon R 1.0 LXI CNG,Manual,2016.0,CNG,998.0,14023.0,1st owner,382000,8497.0,True,No,MH01,2016 Maruti Wagon R 1.0 LXI CNG
2600,Maruti,Ciaz ALPHA 1.4 PETROL,Manual,2018.0,Petrol,1373.0,31149.0,1st owner,647000,12646.0,True,Yes,MH02,2018 Maruti Ciaz ALPHA 1.4 PETROL
2601,Skoda,SLAVIA STYLE 1.5L TSI DSG,Automatic,2022.0,Petrol,1498.0,13242.0,1st owner,1591000,30283.0,True,Yes,MH01,2022 Skoda SLAVIA STYLE 1.5L TSI DSG
2602,Toyota,Etios Liva G,Manual,2013.0,Petrol,1197.0,74113.0,1st owner,292000,7679.0,True,No,MH02,2013 Toyota Etios Liva G
2603,Maruti,Baleno ALPHA PETROL 1.2,Manual,2017.0,Petrol,1197.0,29794.0,1st owner,554000,10835.0,True,No,MH03,2017 Maruti Baleno ALPHA PETROL 1.2
2604,Tata,TIGOR XZ CNG,Manual,2023.0,CNG,1199.0,14548.0,1st owner,743000,14526.0,True,Yes,MH43,2023 Tata TIGOR XZ CNG
2605,Ford,Ecosport TITANIUM 1.5L PETROL,Manual,2014.0,Petrol,1499.0,33991.0,1st owner,451000,10025.0,True,No,MH04,2014 Ford Ecosport TITANIUM 1.5L PETROL
2606,Hyundai,i10 SPORTZ 1.2,Manual,2011.0,Petrol,1197.0,87634.0,1st owner,202000,9505.0,True,Yes,MH34,2011 Hyundai i10 SPORTZ 1.2
2607,Maruti,Ciaz VXI+,Manual,2015.0,Petrol,1373.0,63172.0,1st owner,482000,9417.0,True,No,MH02,2015 Maruti Ciaz VXI+
2608,Honda,City 1.5L I-VTEC SV,Manual,2014.0,Petrol,1497.0,50389.0,1st owner,465000,10339.0,True,No,MH02,2014 Honda City 1.5L I-VTEC SV
2609,Mahindra,XUV500 W10 AT,Automatic,2017.0,Diesel,2179.0,68911.0,1st owner,1053000,20043.0,True,Yes,MH46,2017 Mahindra XUV500 W10 AT
2610,Hyundai,i10 MAGNA 1.1,Manual,2013.0,Petrol,1086.0,7284.0,1st owner,262000,6910.0,True,Yes,MH43,2013 Hyundai i10 MAGNA 1.1
2611,Tata,PUNCH ACCOMPLISHED AMT,Automatic,2023.0,Petrol,1199.0,42764.0,1st owner,753000,14729.0,True,No,MH05,2023 Tata PUNCH ACCOMPLISHED AMT
2613,Renault,Kwid CLIMBER 1.0 AMT (O),Automatic,2020.0,Petrol,999.0,47780.0,1st owner,435000,8504.0,True,Yes,MH05,2020 Renault Kwid CLIMBER 1.0 AMT (O)
2614,Maruti,Wagon R 1.0 VXI+,Manual,2017.0,Petrol,998.0,28977.0,1st owner,414000,8096.0,True,No,MH01,2017 Maruti Wagon R 1.0 VXI+
2615,Maruti,Ertiga VXI,Manual,2015.0,Petrol,1373.0,65326.0,2nd owner,562000,10981.0,True,No,MH06,2015 Maruti Ertiga VXI
2616,Ford,Ecosport TITANIUM+ 1.5L DIESEL,Manual,2016.0,Diesel,1498.0,99969.0,1st owner,579000,11311.0,True,Yes,MH03,2016 Ford Ecosport TITANIUM+ 1.5L DIESEL
2617,Tata,NEXON XZA PLUS DIESEL,Automatic,2019.0,Diesel,1497.0,65011.0,1st owner,868000,16522.0,True,No,MH48,2019 Tata NEXON XZA PLUS DIESEL
2618,Honda,WR-V 1.2L I-VTEC VX MT,Manual,2017.0,Petrol,1199.0,40290.0,1st owner,642000,12542.0,True,Yes,MH47,2017 Honda WR-V 1.2L I-VTEC VX MT
2619,Hyundai,Creta SX PLUS AT 1.6 PETROL,Automatic,2016.0,Petrol,1591.0,86228.0,2nd owner,800000,15636.0,True,Yes,MH43,2016 Hyundai Creta SX PLUS AT 1.6 PETROL
2620,Skoda,Rapid STYLE 1.6 MPI AT,Automatic,2018.0,Petrol,1598.0,21954.0,1st owner,709000,13867.0,True,No,MH01,2018 Skoda Rapid STYLE 1.6 MPI AT
2621,Maruti,Alto 800 VXI,Manual,2014.0,Petrol,796.0,18932.0,1st owner,223000,4971.0,True,No,MH03,2014 Maruti Alto 800 VXI
2622,Maruti,Swift Dzire VXI,Manual,2014.0,Petrol,1197.0,19223.0,1st owner,430000,9576.0,True,No,MH03,2014 Maruti Swift Dzire VXI
2623,Maruti,Ciaz VXI,Manual,2015.0,Petrol,1373.0,44115.0,2nd owner,438000,8563.0,True,No,MH14,2015 Maruti Ciaz VXI
2624,Maruti,Wagon R 1.0 VXI,Manual,2016.0,Petrol,998.0,14243.0,1st owner,366000,7163.0,True,Yes,MH03,2016 Maruti Wagon R 1.0 VXI
2625,Renault,Duster 110 PS RXZ 4X2 AMT DIESEL,Automatic,2016.0,Diesel,1461.0,82393.0,1st owner,564000,11021.0,True,Yes,MH04,2016 Renault Duster 110 PS RXZ 4X2 AMT DIESEL
2626,Honda,Amaze 1.2L I-VTEC S,Manual,2014.0,Petrol,1198.0,86719.0,1st owner,344000,7651.0,True,No,MH02,2014 Honda Amaze 1.2L I-VTEC S
2627,Honda,Jazz 1.2L I-VTEC VX CVT,Automatic,2019.0,Petrol,1199.0,15788.0,1st owner,699000,13666.0,True,No,MH02,2019 Honda Jazz 1.2L I-VTEC VX CVT
2628,Renault,Kwid RXT 0.8,Manual,2016.0,Petrol,799.0,30978.0,1st owner,279000,5460.0,True,No,MH05,2016 Renault Kwid RXT 0.8
2629,Hyundai,i20 Active 1.2 S,Manual,2017.0,CNG,1197.0,42112.0,1st owner,550000,10752.0,True,No,MH05,2017 Hyundai i20 Active 1.2 S
2630,Hyundai,Xcent SX 1.2,Manual,2015.0,Petrol,1197.0,78275.0,1st owner,415000,8109.0,True,No,MH04,2015 Hyundai Xcent SX 1.2
2631,Maruti,Baleno ZETA PETROL 1.2,Manual,2017.0,Petrol,1197.0,44130.0,1st owner,521000,10180.0,True,No,MH43,2017 Maruti Baleno ZETA PETROL 1.2
2632,Hyundai,Grand i10 MAGNA 1.2 KAPPA VTVT,Manual,2017.0,Petrol,1197.0,45695.0,1st owner,424000,8295.0,True,No,MH46,2017 Hyundai Grand i10 MAGNA 1.2 KAPPA VTVT
2633,Honda,City 1.5L I-VTE V CVT,Automatic,2017.0,Petrol,1497.0,39367.0,2nd owner,683000,13356.0,True,Yes,MH02,2017 Honda City 1.5L I-VTE V CVT
2634,Maruti,Baleno ALPHA PETROL 1.2,Manual,2016.0,Petrol,1197.0,79561.0,2nd owner,478000,9337.0,True,No,MH50,2016 Maruti Baleno ALPHA PETROL 1.2
2635,Mahindra,XUV500 W10,Manual,2016.0,Diesel,2179.0,86656.0,3rd owner,684000,13374.0,True,No,MH04,2016 Mahindra XUV500 W10
2636,Maruti,Vitara Brezza VXI AT SHVS,Automatic,2022.0,Petrol,1462.0,9241.0,1st owner,984000,18730.0,True,No,MH02,2022 Maruti Vitara Brezza VXI AT SHVS
2637,Ford,Ecosport TITANIUM 1.5L PETROL AT,Automatic,2016.0,Petrol,1499.0,64122.0,1st owner,562000,10993.0,True,No,MH12,2016 Ford Ecosport TITANIUM 1.5L PETROL AT
2638,Tata,Safari XZA PLUS 6S,Automatic,2021.0,Diesel,1956.0,59872.0,1st owner,1812000,34490.0,True,No,MH04,2021 Tata Safari XZA PLUS 6S
2639,Mahindra,XUV500 W10 AT,Automatic,2017.0,Diesel,2179.0,82030.0,1st owner,1015000,19320.0,True,No,MH43,2017 Mahindra XUV500 W10 AT
2640,Honda,City 1.5L I-VTEC VX,Manual,2014.0,Petrol,1497.0,75163.0,2nd owner,502000,11178.0,True,No,MH01,2014 Honda City 1.5L I-VTEC VX
2641,Maruti,Baleno DELTA PETROL 1.2,Manual,2017.0,Petrol,1197.0,33212.0,2nd owner,498000,9727.0,True,No,MH04,2017 Maruti Baleno DELTA PETROL 1.2
2642,Ford,Ecosport TITANIUM 1.5L PETROL,Manual,2016.0,Petrol,1499.0,34231.0,1st owner,511000,9988.0,True,Yes,MH43,2016 Ford Ecosport TITANIUM 1.5L PETROL
2643,Skoda,Rapid STYLE 1.6 MPI AT,Automatic,2017.0,Petrol,1598.0,50487.0,1st owner,620000,12122.0,True,No,MH01,2017 Skoda Rapid STYLE 1.6 MPI AT
2644,Maruti,Swift ZXI PLUS AMT DUAL TONE,Automatic,2023.0,Petrol,1197.0,3451.0,1st owner,878000,16712.0,True,No,MH01,2023 Maruti Swift ZXI PLUS AMT DUAL TONE
2645,Maruti,Swift Dzire VXI,Manual,2014.0,Petrol,1197.0,45959.0,2nd owner,381000,8467.0,True,Yes,MH04,2014 Maruti Swift Dzire VXI
2646,Hyundai,i10 MAGNA 1.2,Manual,2013.0,Petrol,1197.0,82365.0,2nd owner,231000,6094.0,True,No,MH46,2013 Hyundai i10 MAGNA 1.2
2647,Hyundai,Grand i10 ASTA 1.2 KAPPA VTVT,Manual,2015.0,Petrol,1197.0,53155.0,2nd owner,381000,7451.0,True,No,MH02,2015 Hyundai Grand i10 ASTA 1.2 KAPPA VTVT
2648,Honda,Amaze 1.2L I-VTEC S,Manual,2019.0,Petrol,1199.0,7115.0,1st owner,569000,11130.0,True,Yes,MH02,2019 Honda Amaze 1.2L I-VTEC S
2649,Hyundai,Verna 1.6 VTVT SX,Manual,2017.0,Petrol,1591.0,59993.0,1st owner,703000,13740.0,True,No,MH02,2017 Hyundai Verna 1.6 VTVT SX
2650,Maruti,New Wagon-R LXI CNG 1.0,Manual,2020.0,CNG,998.0,38440.0,1st owner,539000,10538.0,True,No,MH04,2020 Maruti New Wagon-R LXI CNG 1.0
2651,Maruti,Vitara Brezza ZXI PLUS AT SHVS,Automatic,2020.0,Petrol,1462.0,30925.0,1st owner,953000,18139.0,True,No,MH48,2020 Maruti Vitara Brezza ZXI PLUS AT SHVS
2652,Hyundai,Creta SX PLUS AT 1.6 DIESEL,Automatic,2015.0,Diesel,1582.0,112672.0,1st owner,778000,17298.0,True,No,MH04,2015 Hyundai Creta SX PLUS AT 1.6 DIESEL
2653,Hyundai,i20 MAGNA (O) 1.2,Manual,2013.0,Petrol,1396.0,74497.0,1st owner,310000,8152.0,True,No,MH02,2013 Hyundai i20 MAGNA (O) 1.2
2654,Maruti,Baleno ZETA 1.2 AGS,Automatic,2023.0,Petrol,1197.0,1624.0,1st owner,866000,16484.0,True,No,MH03,2023 Maruti Baleno ZETA 1.2 AGS
2655,Hyundai,GRAND I10 NIOS SPORTZ 1.2 KAPPA VTVT CNG,Manual,2022.0,CNG,1197.0,23870.0,2nd owner,672000,13146.0,True,Yes,MH04,2022 Hyundai GRAND I10 NIOS SPORTZ 1.2 KAPPA VTVT CNG
2656,Tata,PUNCH CREATIVE  1.2 RTN DUAL TONE,Manual,2021.0,Petrol,1199.0,41575.0,2nd owner,706000,13802.0,True,No,MH01,2021 Tata PUNCH CREATIVE  1.2 RTN DUAL TONE
2657,Maruti,Vitara Brezza ZDI PLUS,Manual,2016.0,Diesel,1248.0,55584.0,2nd owner,685000,13401.0,True,Yes,MH05,2016 Maruti Vitara Brezza ZDI PLUS
2658,Maruti,Wagon R 1.0 LXI CNG,Manual,2014.0,CNG,998.0,55561.0,1st owner,323000,10722.0,True,No,MH02,2014 Maruti Wagon R 1.0 LXI CNG
2659,Honda,City 1.5L I-VTEC SV,Manual,2014.0,Petrol,1497.0,54836.0,2nd owner,445000,9905.0,True,No,MH05,2014 Honda City 1.5L I-VTEC SV
2660,Maruti,Baleno SIGMA PETROL 1.2,Manual,2022.0,Petrol,1197.0,5990.0,1st owner,661000,12921.0,True,No,MH02,2022 Maruti Baleno SIGMA PETROL 1.2
2661,Hyundai,AURA SX 1.2 CNG,Manual,2023.0,CNG,1197.0,7298.0,1st owner,846000,16103.0,True,No,MH04,2023 Hyundai AURA SX 1.2 CNG
2662,Hyundai,GRAND I10 NIOS SPORTZ 1.2 KAPPA VTVT,Manual,2022.0,Petrol,1197.0,18897.0,1st owner,660000,12896.0,True,Yes,MH02,2022 Hyundai GRAND I10 NIOS SPORTZ 1.2 KAPPA VTVT
2663,Tata,NEXON XM PETROL,Manual,2018.0,Petrol,1198.0,30401.0,1st owner,620000,12121.0,True,No,MH02,2018 Tata NEXON XM PETROL
2664,Maruti,Alto K10 VXI,Manual,2019.0,Petrol,998.0,13042.0,1st owner,357000,6987.0,True,No,MH47,2019 Maruti Alto K10 VXI
2665,Honda,City 1.5L I-VTEC ZX CVT,Automatic,2017.0,Petrol,1497.0,63020.0,1st owner,789000,15418.0,True,No,MH05,2017 Honda City 1.5L I-VTEC ZX CVT
2666,Maruti,Swift Dzire VXI,Manual,2014.0,Petrol,1197.0,58302.0,2nd owner,364000,8094.0,True,No,MH02,2014 Maruti Swift Dzire VXI
2667,Maruti,Swift VXI,Manual,2023.0,Petrol,1197.0,13001.0,1st owner,731000,14282.0,True,Yes,MH47,2023 Maruti Swift VXI
2668,MG,HECTOR SHARP 2.0 DIESEL,Manual,2021.0,Diesel,1956.0,16602.0,2nd owner,1639000,31197.0,True,Yes,MH03,2021 MG HECTOR SHARP 2.0 DIESEL
2669,Nissan,MAGNITE XV EXECUTIVE,Manual,2022.0,Petrol,999.0,7044.0,1st owner,728000,14233.0,True,Yes,MH02,2022 Nissan MAGNITE XV EXECUTIVE
2670,Maruti,Vitara Brezza ZXI PLUS,Manual,2022.0,Petrol,1462.0,30930.0,1st owner,820000,15608.0,True,Yes,MH02,2022 Maruti Vitara Brezza ZXI PLUS
2671,Honda,Amaze 1.2L I-VTEC EX,Manual,2013.0,Petrol,1198.0,83625.0,1st owner,301000,7931.0,True,No,MH02,2013 Honda Amaze 1.2L I-VTEC EX
2672,Maruti,IGNIS ZETA 1.2 AMT,Automatic,2022.0,Petrol,1197.0,2957.0,1st owner,658000,12870.0,True,Yes,MH01,2022 Maruti IGNIS ZETA 1.2 AMT
2673,Maruti,Baleno ZETA PETROL 1.2,Manual,2018.0,Petrol,1197.0,17200.0,1st owner,564000,11021.0,True,No,MH48,2018 Maruti Baleno ZETA PETROL 1.2
2674,Hyundai,Creta SX AT 1.6 PETROL,Automatic,2018.0,Petrol,1591.0,33560.0,2nd owner,960000,18273.0,True,Yes,MH02,2018 Hyundai Creta SX AT 1.6 PETROL
2675,Tata,Tiago XZA PETROL,Automatic,2017.0,Petrol,1199.0,33834.0,1st owner,449000,8778.0,True,No,MH01,2017 Tata Tiago XZA PETROL
2676,Hyundai,NEW SANTRO SPORTZ AMT,Automatic,2019.0,Petrol,1086.0,32604.0,1st owner,456000,8917.0,True,Yes,MH47,2019 Hyundai NEW SANTRO SPORTZ AMT
2677,Tata,NEXON XZA PLUS DIESEL,Automatic,2019.0,Diesel,1497.0,39565.0,1st owner,926000,17627.0,True,No,MH01,2019 Tata NEXON XZA PLUS DIESEL
2678,Hyundai,Elite i20 ASTA 1.2,Manual,2016.0,Petrol,1197.0,35129.0,1st owner,552000,10794.0,True,Yes,MH03,2016 Hyundai Elite i20 ASTA 1.2
2679,Renault,TRIBER RXT AMT,Automatic,2022.0,Petrol,999.0,19474.0,1st owner,695000,13578.0,True,Yes,MH05,2022 Renault TRIBER RXT AMT
2680,Tata,TIGOR XZ PLUS CNG DUAL TONE,Manual,2022.0,CNG,1199.0,13590.0,1st owner,770000,15044.0,True,No,MH03,2022 Tata TIGOR XZ PLUS CNG DUAL TONE
2681,Hyundai,i10 MAGNA 1.2,Manual,2012.0,Petrol,1197.0,50258.0,1st owner,220000,7321.0,True,No,MH01,2012 Hyundai i10 MAGNA 1.2
2682,Maruti,Baleno DELTA CVT PETROL 1.2,Automatic,2016.0,Petrol,1197.0,66176.0,1st owner,492000,9619.0,True,No,MH05,2016 Maruti Baleno DELTA CVT PETROL 1.2
2683,Maruti,Wagon R 1.0 LXI CNG,Manual,2015.0,CNG,998.0,87071.0,1st owner,339000,8928.0,True,Yes,MH03,2015 Maruti Wagon R 1.0 LXI CNG
2684,Maruti,Wagon R 1.0 LXI CNG,Manual,2012.0,CNG,998.0,47251.0,2nd owner,242000,21485.0,True,No,MH02,2012 Maruti Wagon R 1.0 LXI CNG
2685,Maruti,Baleno ZETA PETROL 1.2,Manual,2017.0,Petrol,1197.0,28684.0,1st owner,553000,10816.0,True,Yes,MH05,2017 Maruti Baleno ZETA PETROL 1.2
2686,Hyundai,Verna FLUIDIC 1.6 VTVT SX,Manual,2013.0,Petrol,1591.0,28229.0,1st owner,407000,10719.0,True,Yes,MH02,2013 Hyundai Verna FLUIDIC 1.6 VTVT SX
2687,Maruti,Celerio VXI CNG,Manual,2018.0,CNG,998.0,61233.0,1st owner,463000,9052.0,True,No,MH02,2018 Maruti Celerio VXI CNG
2688,Maruti,Ciaz ZXI,Manual,2016.0,Petrol,1373.0,82952.0,1st owner,565000,11053.0,True,No,MH47,2016 Maruti Ciaz ZXI
2689,Maruti,IGNIS ALPHA 1.2 AMT,Automatic,2018.0,Petrol,1197.0,82986.0,1st owner,514000,10051.0,True,No,MH02,2018 Maruti IGNIS ALPHA 1.2 AMT
2691,Honda,City 1.5L I-VTEC V MT,Manual,2019.0,Petrol,1497.0,26678.0,1st owner,783000,15310.0,True,Yes,MH02,2019 Honda City 1.5L I-VTEC V MT
2692,Maruti,Wagon R 1.0 VXI + (O) AMT,Automatic,2017.0,Petrol,998.0,55000.0,2nd owner,404000,7889.0,True,Yes,MH05,2017 Maruti Wagon R 1.0 VXI + (O) AMT
2693,Hyundai,AURA S 1.2 CNG,Manual,2022.0,CNG,1197.0,933.0,2nd owner,719000,14056.0,True,No,MH48,2022 Hyundai AURA S 1.2 CNG
2694,Hyundai,Elite i20 SPORTZ 1.2,Manual,2016.0,Petrol,1197.0,51759.0,1st owner,500000,9784.0,True,No,MH46,2016 Hyundai Elite i20 SPORTZ 1.2
2695,Hyundai,Creta SX PLUS AT 1.6 PETROL,Automatic,2016.0,Petrol,1591.0,114746.0,1st owner,811000,17633.0,True,No,MH43,2016 Hyundai Creta SX PLUS AT 1.6 PETROL
2696,Honda,City 1.5L I-VTEC VX CVT,Automatic,2018.0,Petrol,1497.0,57911.0,1st owner,830000,15798.0,True,Yes,MH04,2018 Honda City 1.5L I-VTEC VX CVT
2698,Hyundai,VENUE S+ 1.2,Manual,2022.0,Petrol,1197.0,26256.0,1st owner,782000,15284.0,True,No,MH04,2022 Hyundai VENUE S+ 1.2
2699,Maruti,Baleno ZETA PETROL 1.2,Manual,2016.0,Petrol,1197.0,56587.0,2nd owner,480000,9391.0,True,No,MH02,2016 Maruti Baleno ZETA PETROL 1.2
2700,Maruti,Ciaz VXI+,Manual,2015.0,Petrol,1373.0,40237.0,1st owner,477000,9325.0,True,No,MH47,2015 Maruti Ciaz VXI+
2701,Maruti,S PRESSO VXI+,Manual,2019.0,Petrol,998.0,25644.0,1st owner,387000,7575.0,True,No,MH04,2019 Maruti S PRESSO VXI+
2702,Hyundai,Verna FLUIDIC 1.6 VTVT SX,Manual,2012.0,Petrol,1591.0,45622.0,1st owner,352000,11698.0,True,Yes,MH04,2012 Hyundai Verna FLUIDIC 1.6 VTVT SX
2703,Honda,City 1.5L I-VTEC VX CVT,Automatic,2017.0,Petrol,1497.0,46792.0,1st owner,748000,14629.0,True,No,MH04,2017 Honda City 1.5L I-VTEC VX CVT
2704,Honda,City 1.5L I-VTEC VX,Manual,2018.0,Petrol,1497.0,53073.0,2nd owner,711000,13895.0,True,No,MH03,2018 Honda City 1.5L I-VTEC VX
2705,Hyundai,Grand i10 SPORTZ (O) AT 1.2 KAPPA VTVT,Automatic,2017.0,Petrol,1197.0,35763.0,1st owner,517000,10100.0,True,No,MH02,2017 Hyundai Grand i10 SPORTZ (O) AT 1.2 KAPPA VTVT
2706,Maruti,Wagon R 1.0 LXI CNG,Manual,2014.0,CNG,998.0,93057.0,1st owner,299000,9941.0,True,Yes,MH04,2014 Maruti Wagon R 1.0 LXI CNG
2707,Tata,PUNCH ACCOMPLISHED AMT,Automatic,2023.0,Petrol,1199.0,26212.0,1st owner,736000,14388.0,True,No,MH04,2023 Tata PUNCH ACCOMPLISHED AMT
2708,Honda,Jazz 1.2L I-VTEC V CVT,Automatic,2019.0,Petrol,1199.0,28671.0,2nd owner,620000,12128.0,True,No,MH03,2019 Honda Jazz 1.2L I-VTEC V CVT
2709,Hyundai,VENUE SX 1.0 TURBO IMT,Manual,2020.0,Petrol,998.0,20444.0,1st owner,835000,15893.0,True,Yes,MH01,2020 Hyundai VENUE SX 1.0 TURBO IMT
2710,Honda,City 1.5L I-VTEC SV,Manual,2014.0,Petrol,1497.0,91701.0,1st owner,462000,10272.0,True,No,MH04,2014 Honda City 1.5L I-VTEC SV
2711,Maruti,Swift Dzire VXI,Manual,2013.0,Petrol,1197.0,36798.0,1st owner,365000,9609.0,True,Yes,MH03,2013 Maruti Swift Dzire VXI
2712,Maruti,Ertiga VXI CNG,Manual,2013.0,CNG,1373.0,93025.0,1st owner,549000,25843.0,True,Yes,MH02,2013 Maruti Ertiga VXI CNG
2713,Maruti,Vitara Brezza ZDI,Manual,2017.0,Diesel,1248.0,79661.0,1st owner,689000,13471.0,True,No,MH01,2017 Maruti Vitara Brezza ZDI
2714,Honda,Jazz 1.2L I-VTEC V,Manual,2015.0,Petrol,1199.0,20661.0,2nd owner,411000,8030.0,True,No,MH04,2015 Honda Jazz 1.2L I-VTEC V
2715,MG,HECTOR SHARP 2.0 DIESEL,Manual,2021.0,Diesel,1956.0,40433.0,1st owner,1600000,30455.0,True,Yes,MH05,2021 MG HECTOR SHARP 2.0 DIESEL
2717,Maruti,Wagon R 1.0 LXI CNG,Manual,2015.0,CNG,998.0,100498.0,2nd owner,323000,8501.0,True,No,MH05,2015 Maruti Wagon R 1.0 LXI CNG
2718,Maruti,Swift Dzire VXI,Manual,2017.0,Petrol,1197.0,20710.0,1st owner,508000,9927.0,True,No,MH05,2017 Maruti Swift Dzire VXI
2719,Hyundai,GRAND I10 NIOS SPORTZ AMT 1.2 KAPPA VTVT,Automatic,2022.0,Petrol,1197.0,16257.0,1st owner,712000,13910.0,True,No,MH05,2022 Hyundai GRAND I10 NIOS SPORTZ AMT 1.2 KAPPA VTVT
2720,Hyundai,GRAND I10 NIOS SPORTZ 1.2 KAPPA VTVT,Manual,2022.0,Petrol,1197.0,1848.0,1st owner,665000,13008.0,True,No,MH05,2022 Hyundai GRAND I10 NIOS SPORTZ 1.2 KAPPA VTVT
2721,Mahindra,Thar LX PETROL HT 4WD AT,Automatic,2021.0,Petrol,1997.0,21051.0,1st owner,1451000,27622.0,True,Yes,MH12,2021 Mahindra Thar LX PETROL HT 4WD AT
2722,Maruti,Wagon R 1.0 VXI,Manual,2015.0,Petrol,998.0,23636.0,1st owner,336000,6568.0,True,Yes,MH14,2015 Maruti Wagon R 1.0 VXI
2723,Maruti,Vitara Brezza VDI,Manual,2016.0,Diesel,1248.0,50281.0,1st owner,653000,12765.0,True,Yes,MH04,2016 Maruti Vitara Brezza VDI
2724,Tata,TIGOR XZA PETROL,Automatic,2017.0,Petrol,1199.0,14214.0,3rd owner,419000,8195.0,True,No,MH01,2017 Tata TIGOR XZA PETROL
2725,Renault,Kwid CLIMBER MT 1.0,Manual,2022.0,Petrol,999.0,19754.0,1st owner,472000,9220.0,True,No,MH05,2022 Renault Kwid CLIMBER MT 1.0
2726,Hyundai,Elite i20 MAGNA 1.2,Manual,2014.0,Petrol,1197.0,77087.0,1st owner,375000,8345.0,True,Yes,MH03,2014 Hyundai Elite i20 MAGNA 1.2
2727,Hyundai,Xcent S 1.2,Manual,2014.0,CNG,1197.0,38925.0,2nd owner,388000,12878.0,True,No,MH02,2014 Hyundai Xcent S 1.2
2728,Renault,Kwid RXT 1.0,Manual,2023.0,Petrol,999.0,8333.0,1st owner,491000,9592.0,True,Yes,MH46,2023 Renault Kwid RXT 1.0
2729,Maruti,Alto 800 VXI,Manual,2018.0,Petrol,796.0,5350.0,1st owner,308000,6025.0,True,No,MH47,2018 Maruti Alto 800 VXI
2730,Maruti,IGNIS DELTA 1.2,Manual,2017.0,Petrol,1197.0,41426.0,2nd owner,383000,7488.0,True,Yes,MH02,2017 Maruti IGNIS DELTA 1.2
2732,Hyundai,Grand i10 SPORTZ AT 1.2 KAPPA VTVT,Automatic,2018.0,Petrol,1197.0,16221.0,1st owner,536000,10477.0,True,No,MH02,2018 Hyundai Grand i10 SPORTZ AT 1.2 KAPPA VTVT
2733,Maruti,Swift ZXI PLUS AMT DUAL TONE,Automatic,2022.0,Petrol,1197.0,24017.0,1st owner,811000,15437.0,True,Yes,MH48,2022 Maruti Swift ZXI PLUS AMT DUAL TONE
2734,Tata,NEXON XZA PLUS (O) PETROL,Automatic,2021.0,Petrol,1199.0,23905.0,2nd owner,956000,18201.0,True,Yes,MH04,2021 Tata NEXON XZA PLUS (O) PETROL
2735,Renault,Kwid RXT 1.0 (O),Manual,2020.0,Petrol,999.0,28537.0,1st owner,434000,8485.0,True,No,MH47,2020 Renault Kwid RXT 1.0 (O)
2736,Hyundai,Elite i20 ASTA 1.2,Manual,2015.0,Petrol,1197.0,39861.0,1st owner,483000,9443.0,True,Yes,MH02,2015 Hyundai Elite i20 ASTA 1.2
2737,Hyundai,Xcent SX AT 1.2 (O),Automatic,2014.0,Petrol,1197.0,25381.0,1st owner,412000,9169.0,True,Yes,MH02,2014 Hyundai Xcent SX AT 1.2 (O)
2738,Maruti,S PRESSO VXI+,Manual,2021.0,Petrol,998.0,13677.0,2nd owner,416000,8133.0,True,Yes,MH02,2021 Maruti S PRESSO VXI+
2739,KIA,SELTOS HTK PLUS 1.5,Manual,2021.0,Petrol,1497.0,30216.0,1st owner,1043000,19853.0,True,Yes,MH02,2021 KIA SELTOS HTK PLUS 1.5
2740,Ford,Ecosport TREND 1.5L DIESEL,Manual,2020.0,Diesel,1498.0,46378.0,2nd owner,763000,14917.0,True,Yes,MH46,2020 Ford Ecosport TREND 1.5L DIESEL
2741,Hyundai,i20 Active 1.4 SX,Manual,2015.0,Diesel,1396.0,73405.0,2nd owner,537000,11945.0,True,Yes,MH02,2015 Hyundai i20 Active 1.4 SX
2742,Hyundai,NEW SANTRO SPORTZ CNG,Manual,2019.0,CNG,1086.0,74204.0,1st owner,453000,8859.0,True,Yes,MH04,2019 Hyundai NEW SANTRO SPORTZ CNG
2743,Maruti,Baleno DELTA PETROL 1.2,Manual,2018.0,Petrol,1197.0,39026.0,1st owner,521000,10180.0,True,No,MH04,2018 Maruti Baleno DELTA PETROL 1.2
2744,Maruti,Celerio ZXI AMT,Automatic,2017.0,Petrol,998.0,111291.0,1st owner,349000,7767.0,True,No,MH48,2017 Maruti Celerio ZXI AMT
2745,Hyundai,Verna FLUIDIC 1.6 VTVT SX,Manual,2013.0,Petrol,1591.0,70912.0,2nd owner,381000,10023.0,True,Yes,MH03,2013 Hyundai Verna FLUIDIC 1.6 VTVT SX
2746,Honda,Amaze 1.2L I-VTEC S,Manual,2019.0,Petrol,1199.0,19994.0,1st owner,569000,11119.0,True,Yes,MH04,2019 Honda Amaze 1.2L I-VTEC S
2747,Ford,Ecosport AMBIENTE 1.5L PETROL,Manual,2020.0,Petrol,1497.0,12891.0,1st owner,686000,13406.0,True,Yes,MH02,2020 Ford Ecosport AMBIENTE 1.5L PETROL
2748,Honda,City 1.5L I-VTEC ZX,Manual,2020.0,Petrol,1498.0,58857.0,2nd owner,886000,16859.0,True,Yes,MH47,2020 Honda City 1.5L I-VTEC ZX
2749,Mahindra,XUV500 W7,Manual,2019.0,Diesel,2179.0,89225.0,1st owner,1033000,19662.0,True,No,MH04,2019 Mahindra XUV500 W7
2750,Maruti,Baleno ZETA PETROL 1.2,Manual,2017.0,Petrol,1197.0,88465.0,1st owner,522000,10196.0,True,No,MH02,2017 Maruti Baleno ZETA PETROL 1.2
2751,Maruti,Baleno DELTA PETROL 1.2,Manual,2022.0,Petrol,1197.0,21135.0,1st owner,718000,14036.0,True,Yes,MH48,2022 Maruti Baleno DELTA PETROL 1.2
2752,Maruti,Swift Dzire VXI,Manual,2013.0,Petrol,1197.0,30164.0,1st owner,358000,9420.0,True,No,MH02,2013 Maruti Swift Dzire VXI
2753,Hyundai,Grand i10 SPORTZ 1.2 KAPPA VTVT,Manual,2015.0,Petrol,1197.0,33805.0,2nd owner,365000,7128.0,True,Yes,MH02,2015 Hyundai Grand i10 SPORTZ 1.2 KAPPA VTVT
2754,Maruti,New Wagon-R LXI CNG (O) 1.0,Manual,2021.0,CNG,998.0,38890.0,1st owner,587000,11477.0,True,Yes,MH43,2021 Maruti New Wagon-R LXI CNG (O) 1.0
2756,Hyundai,i20 Active 1.2 SX,Manual,2018.0,Petrol,1197.0,85928.0,1st owner,583000,11388.0,True,No,MH46,2018 Hyundai i20 Active 1.2 SX
2757,Tata,TIGOR XZ PLUS CNG,Manual,2023.0,CNG,1199.0,3886.0,1st owner,776000,15171.0,True,Yes,MH47,2023 Tata TIGOR XZ PLUS CNG
2758,Maruti,Baleno ALPHA PETROL 1.2,Manual,2017.0,Petrol,1197.0,36529.0,1st owner,562000,10991.0,True,Yes,MH01,2017 Maruti Baleno ALPHA PETROL 1.2
2759,Hyundai,Creta S 1.6 PETROL,Manual,2015.0,Petrol,1591.0,76643.0,2nd owner,606000,11847.0,True,No,MH04,2015 Hyundai Creta S 1.6 PETROL
2761,Renault,Kwid RXT 0.8,Manual,2017.0,Petrol,799.0,30322.0,1st owner,314000,6132.0,True,No,MH43,2017 Renault Kwid RXT 0.8
2762,Maruti,Wagon R 1.0 LXI CNG,Manual,2018.0,CNG,998.0,48605.0,2nd owner,374000,7312.0,True,Yes,MH48,2018 Maruti Wagon R 1.0 LXI CNG
2763,Datsun,Redi Go S 1.0 AMT,Automatic,2018.0,Petrol,999.0,86337.0,2nd owner,252000,4931.0,True,No,MH06,2018 Datsun Redi Go S 1.0 AMT
2765,Hyundai,Elite i20 SPORTZ 1.2,Manual,2017.0,Petrol,1197.0,19288.0,1st owner,523000,10225.0,True,No,MH43,2017 Hyundai Elite i20 SPORTZ 1.2
2766,Maruti,Swift VXI,Manual,2014.0,Petrol,1197.0,53120.0,1st owner,357000,7941.0,True,Yes,MH02,2014 Maruti Swift VXI
2767,Hyundai,Creta SX PLUS 1.6 PETROL DUAL TONE,Manual,2018.0,Petrol,1591.0,50896.0,1st owner,817000,15551.0,True,No,MH05,2018 Hyundai Creta SX PLUS 1.6 PETROL DUAL TONE
2768,Honda,Jazz 1.2L I-VTEC V AT,Automatic,2015.0,Petrol,1199.0,34288.0,1st owner,468000,9149.0,True,No,MH02,2015 Honda Jazz 1.2L I-VTEC V AT
2769,Honda,City 1.5L I-VTEC VX,Manual,2015.0,Petrol,1497.0,18779.0,1st owner,609000,11905.0,True,No,MH02,2015 Honda City 1.5L I-VTEC VX
2770,Ford,Ecosport TREND 1.5L DIESEL,Manual,2018.0,Diesel,1498.0,87820.0,2nd owner,592000,11573.0,True,No,MH43,2018 Ford Ecosport TREND 1.5L DIESEL
2771,Hyundai,i20 Active 1.2 SX,Manual,2018.0,Petrol,1197.0,21643.0,2nd owner,572000,11183.0,True,No,MH02,2018 Hyundai i20 Active 1.2 SX
2772,Maruti,New Wagon-R LXI 1.0,Manual,2023.0,Petrol,998.0,1958.0,1st owner,582000,11380.0,True,No,MH47,2023 Maruti New Wagon-R LXI 1.0
2773,Skoda,Rapid STYLE 1.6 MPI,Manual,2018.0,Petrol,1598.0,65205.0,1st owner,665000,13001.0,True,Yes,MH43,2018 Skoda Rapid STYLE 1.6 MPI
2774,Maruti,Celerio VXI CNG,Manual,2016.0,CNG,998.0,90267.0,2nd owner,377000,8376.0,True,Yes,MH02,2016 Maruti Celerio VXI CNG
2775,Maruti,Wagon R 1.0 VXI,Manual,2015.0,Petrol,998.0,16624.0,1st owner,325000,6354.0,True,Yes,MH02,2015 Maruti Wagon R 1.0 VXI
2776,Hyundai,Grand i10 ERA 1.2 KAPPA VTVT,Manual,2013.0,Petrol,1197.0,42124.0,2nd owner,291000,7668.0,True,No,MH04,2013 Hyundai Grand i10 ERA 1.2 KAPPA VTVT
2777,Volkswagen,Ameo HIGHLINE PLUS 1.5L AT 16 ALLOY,Automatic,2017.0,Diesel,1498.0,86674.0,1st owner,537000,10497.0,True,Yes,MH01,2017 Volkswagen Ameo HIGHLINE PLUS 1.5L AT 16 ALLOY
2778,Toyota,URBAN CRUISER HIGH GRADE AT,Automatic,2021.0,Petrol,1462.0,45799.0,1st owner,919000,17485.0,True,Yes,MH02,2021 Toyota URBAN CRUISER HIGH GRADE AT
2779,Maruti,S PRESSO VXI+,Manual,2022.0,Petrol,998.0,11260.0,1st owner,452000,8838.0,True,No,MH03,2022 Maruti S PRESSO VXI+
2780,Maruti,New Wagon-R VXI (O) 1.2,Manual,2019.0,Petrol,1197.0,25824.0,1st owner,476000,9315.0,True,Yes,MH04,2019 Maruti New Wagon-R VXI (O) 1.2
2781,Hyundai,Grand i10 MAGNA 1.2 KAPPA VTVT,Manual,2014.0,Petrol,1197.0,32064.0,3rd owner,286000,6357.0,True,Yes,MH01,2014 Hyundai Grand i10 MAGNA 1.2 KAPPA VTVT
2782,Honda,WR-V 1.2L I-VTEC VX MT,Manual,2019.0,Petrol,1199.0,70985.0,1st owner,640000,12517.0,True,Yes,MH47,2019 Honda WR-V 1.2L I-VTEC VX MT
2783,Hyundai,Grand i10 SPORTZ 1.2 KAPPA VTVT,Manual,2015.0,Petrol,1197.0,51812.0,2nd owner,343000,6713.0,True,Yes,MH04,2015 Hyundai Grand i10 SPORTZ 1.2 KAPPA VTVT
2784,Hyundai,Elite i20 SPORTZ 1.2,Manual,2015.0,Petrol,1197.0,22169.0,1st owner,471000,9207.0,True,Yes,MH43,2015 Hyundai Elite i20 SPORTZ 1.2
2785,Maruti,Ciaz ALPHA 1.5 SHVS PETROL,Manual,2022.0,Petrol,1462.0,18108.0,1st owner,929000,17683.0,True,Yes,MH01,2022 Maruti Ciaz ALPHA 1.5 SHVS PETROL
2786,Maruti,Baleno ZETA PETROL 1.2,Manual,2020.0,Petrol,1197.0,29713.0,1st owner,662000,12945.0,True,Yes,MH04,2020 Maruti Baleno ZETA PETROL 1.2
2787,Maruti,Celerio VXI AMT,Automatic,2014.0,Petrol,998.0,53804.0,2nd owner,322000,7163.0,True,No,MH04,2014 Maruti Celerio VXI AMT
2790,Hyundai,Creta SX AT 1.6 PETROL,Automatic,2019.0,Petrol,1591.0,21569.0,1st owner,1158000,22041.0,True,Yes,MH02,2019 Hyundai Creta SX AT 1.6 PETROL
2791,Maruti,IGNIS DELTA 1.2 AMT,Automatic,2017.0,Petrol,1197.0,55662.0,1st owner,471000,9203.0,True,Yes,MH43,2017 Maruti IGNIS DELTA 1.2 AMT
2792,Mahindra,TUV300 T8 AMT,Automatic,2016.0,Diesel,1493.0,44459.0,1st owner,641000,12537.0,True,No,MH43,2016 Mahindra TUV300 T8 AMT
2793,Maruti,Wagon R 1.0 LXI CNG,Manual,2014.0,CNG,998.0,122817.0,2nd owner,275000,9124.0,True,Yes,MH02,2014 Maruti Wagon R 1.0 LXI CNG
2794,Maruti,Dzire LXI,Manual,2018.0,Petrol,1197.0,15849.0,1st owner,478000,9343.0,True,No,MH02,2018 Maruti Dzire LXI
2796,Hyundai,Verna FLUIDIC 4S 1.6 VTVT S,Manual,2015.0,Petrol,1591.0,32750.0,1st owner,490000,9587.0,True,No,MH47,2015 Hyundai Verna FLUIDIC 4S 1.6 VTVT S
2797,Hyundai,NEW I20 ASTA 1.2 AT,Automatic,2021.0,Petrol,1197.0,15831.0,1st owner,831000,15817.0,True,Yes,MH05,2021 Hyundai NEW I20 ASTA 1.2 AT
2798,Hyundai,NEW SANTRO SPORTZ AMT,Automatic,2019.0,Petrol,1086.0,56370.0,2nd owner,396000,7732.0,True,Yes,MH48,2019 Hyundai NEW SANTRO SPORTZ AMT
2799,Maruti,IGNIS DELTA 1.2 AMT,Automatic,2017.0,Petrol,1197.0,80035.0,1st owner,428000,8377.0,True,No,MH01,2017 Maruti IGNIS DELTA 1.2 AMT
2800,Honda,Brio S MT,Manual,2013.0,Petrol,1198.0,96363.0,2nd owner,213000,5614.0,True,Yes,MH01,2013 Honda Brio S MT
2801,Ford,Ecosport TREND + 1.5L PETROL AT,Automatic,2018.0,Petrol,1497.0,46982.0,1st owner,661000,12920.0,True,Yes,MH03,2018 Ford Ecosport TREND + 1.5L PETROL AT
2802,Honda,Jazz 1.2L I-VTEC V,Manual,2015.0,Petrol,1199.0,38706.0,2nd owner,412000,8057.0,True,Yes,MH01,2015 Honda Jazz 1.2L I-VTEC V
2803,Hyundai,Elite i20 MAGNA 1.2,Manual,2016.0,Petrol,1197.0,31405.0,1st owner,496000,9704.0,True,Yes,MH03,2016 Hyundai Elite i20 MAGNA 1.2
2804,Maruti,Baleno DELTA PETROL 1.2,Manual,2017.0,Petrol,1197.0,47676.0,1st owner,509000,9959.0,True,Yes,MH04,2017 Maruti Baleno DELTA PETROL 1.2
